Periode_Data,Tanggal,Jenis_Moda,Jumlah_Penumpang_Per_Hari,Kelembaban (%),Curah Hujan (Mm),Suhu (°C),Hari_Libur,Hari
202301.0,2023-01-01,bus sekolah,0.0,89.66666666666667,21.799999999999997,24.383333333333336,True,Minggu
202301.0,2023-01-02,bus sekolah,33547.0,85.66666666666667,11.8,24.933333333333334,False,Senin
202301.0,2023-01-03,bus sekolah,38123.0,90.0,14.0,24.170833333333334,False,Selasa
202301.0,2023-01-04,bus sekolah,40740.0,85.91666666666667,7.2,25.175,False,Rabu
202301.0,2023-01-05,bus sekolah,42587.0,80.79166666666667,0.8,26.254166666666666,False,Kamis
202301.0,2023-01-06,bus sekolah,37631.0,74.95833333333333,0.1,27.075,False,Jumat
202301.0,2023-01-07,bus sekolah,272.0,76.95833333333333,0.9,26.933333333333334,True,Sabtu
202301.0,2023-01-08,bus sekolah,0.0,79.33333333333333,3.2,26.6875,True,Minggu
202301.0,2023-01-09,bus sekolah,42946.0,79.58333333333333,3.2,26.858333333333334,False,Senin
202301.0,2023-01-10,bus sekolah,42931.0,81.29166666666667,0.9,26.933333333333334,False,Selasa
202301.0,2023-01-11,bus sekolah,39798.0,79.41666666666667,3.8,27.15416666666667,False,Rabu
202301.0,2023-01-12,bus sekolah,40784.0,79.54166666666667,0.4,27.304166666666664,False,Kamis
202301.0,2023-01-13,bus sekolah,33317.0,82.91666666666667,3.8,26.320833333333336,False,Jumat
202301.0,2023-01-14,bus sekolah,1286.0,77.16666666666667,0.9,27.46666666666667,True,Sabtu
202301.0,2023-01-15,bus sekolah,286.0,73.25,1.2,27.583333333333332,True,Minggu
202301.0,2023-01-16,bus sekolah,43732.0,77.5,1.5,27.045833333333334,False,Senin
202301.0,2023-01-17,bus sekolah,42700.0,84.04166666666667,4.8999999999999995,25.704166666666666,False,Selasa
202301.0,2023-01-18,bus sekolah,44619.0,88.375,9.6,25.15833333333333,False,Rabu
202301.0,2023-01-19,bus sekolah,42438.0,87.875,5.7,25.116666666666664,False,Kamis
202301.0,2023-01-20,bus sekolah,41832.0,84.58333333333333,2.3000000000000003,25.712500000000002,False,Jumat
202301.0,2023-01-21,bus sekolah,931.0,81.83333333333333,4.3999999999999995,26.25,True,Sabtu
202301.0,2023-01-22,bus sekolah,345.0,79.16666666666667,0.5,26.78333333333333,True,Minggu
202301.0,2023-01-23,bus sekolah,268.0,82.375,3.8,25.920833333333334,False,Senin
202301.0,2023-01-24,bus sekolah,42973.0,81.29166666666667,2.0,26.116666666666664,False,Selasa
202301.0,2023-01-25,bus sekolah,43825.0,86.375,12.399999999999999,24.995833333333334,False,Rabu
202301.0,2023-01-26,bus sekolah,45355.0,80.5,2.3,26.245833333333334,False,Kamis
202301.0,2023-01-27,bus sekolah,42156.0,86.54166666666667,9.6,25.554166666666664,False,Jumat
202301.0,2023-01-28,bus sekolah,1232.0,91.16666666666667,23.2,24.666666666666668,True,Sabtu
202301.0,2023-01-29,bus sekolah,2218.0,86.41666666666667,24.8,25.291666666666668,True,Minggu
202301.0,2023-01-30,bus sekolah,42282.0,85.125,5.2,25.733333333333334,False,Senin
202301.0,2023-01-31,bus sekolah,41661.0,86.08333333333333,3.3,26.27916666666667,False,Selasa
202302.0,2023-02-01,bus sekolah,32836.0,88.79166666666667,3.5,25.479166666666668,False,Rabu
202302.0,2023-02-02,bus sekolah,32836.0,90.0,11.5,25.383333333333336,False,Kamis
202302.0,2023-02-03,bus sekolah,32836.0,81.29166666666667,0.8,26.041666666666668,False,Jumat
202302.0,2023-02-04,bus sekolah,32836.0,83.5,1.7,25.974999999999998,True,Sabtu
202302.0,2023-02-05,bus sekolah,837.0,79.83333333333333,8.6,26.495833333333334,True,Minggu
202302.0,2023-02-06,bus sekolah,32836.0,74.16666666666667,0.1,27.400000000000002,False,Senin
202302.0,2023-02-07,bus sekolah,32836.0,85.45833333333333,4.8,26.016666666666666,False,Selasa
202302.0,2023-02-08,bus sekolah,32836.0,79.125,0.8,26.729166666666668,False,Rabu
202302.0,2023-02-09,bus sekolah,32836.0,78.0,1.7,26.5125,False,Kamis
202302.0,2023-02-10,bus sekolah,32836.0,81.66666666666667,25.4,26.09583333333333,False,Jumat
202303.0,2023-03-01,bus sekolah,44184.0,88.16666666666667,23.3,24.925,False,Rabu
202303.0,2023-03-02,bus sekolah,44381.0,93.375,25.5,23.695833333333336,False,Kamis
202303.0,2023-03-03,bus sekolah,40620.0,85.45833333333333,16.4,25.6875,False,Jumat
202303.0,2023-03-04,bus sekolah,1830.0,87.95833333333333,12.2,24.8,True,Sabtu
202303.0,2023-03-05,bus sekolah,1043.0,82.08333333333333,1.0,26.025000000000002,True,Minggu
202303.0,2023-03-06,bus sekolah,44965.0,80.41666666666667,1.4,26.59583333333333,False,Senin
202303.0,2023-03-07,bus sekolah,46136.0,82.16666666666667,5.300000000000001,26.141666666666666,False,Selasa
202303.0,2023-03-08,bus sekolah,45802.0,87.70833333333333,4.6,25.333333333333332,False,Rabu
202303.0,2023-03-09,bus sekolah,45104.0,86.58333333333333,6.699999999999999,25.454166666666666,False,Kamis
202303.0,2023-03-10,bus sekolah,39512.0,87.45833333333333,3.8000000000000003,25.679166666666664,False,Jumat
202303.0,2023-03-11,bus sekolah,1684.0,86.33333333333333,5.3,25.9875,True,Sabtu
202303.0,2023-03-12,bus sekolah,1185.0,86.83333333333333,2.6,25.895833333333332,True,Minggu
202302.0,2023-02-11,bus sekolah,32836.0,89.54166666666667,14.200000000000001,25.03333333333333,True,Sabtu
202302.0,2023-02-12,bus sekolah,993.0,90.95833333333333,39.4,24.3625,True,Minggu
202302.0,2023-02-13,bus sekolah,32836.0,83.33333333333333,7.3,26.166666666666668,False,Senin
202302.0,2023-02-14,bus sekolah,32836.0,88.25,10.2,25.079166666666666,False,Selasa
202302.0,2023-02-15,bus sekolah,32836.0,86.20833333333333,17.6,25.3,False,Rabu
202302.0,2023-02-16,bus sekolah,32836.0,88.75,16.5,25.079166666666666,False,Kamis
202302.0,2023-02-17,bus sekolah,32836.0,89.70833333333333,11.2,24.78333333333333,False,Jumat
202302.0,2023-02-18,bus sekolah,32836.0,86.54166666666667,0.8,25.599999999999998,True,Sabtu
202302.0,2023-02-19,bus sekolah,32836.0,87.45833333333333,15.7,25.45,True,Minggu
202302.0,2023-02-20,bus sekolah,32836.0,83.16666666666667,5.2,25.84166666666667,False,Senin
202302.0,2023-02-21,bus sekolah,32836.0,87.20833333333333,11.2,25.287499999999998,False,Selasa
202302.0,2023-02-22,bus sekolah,32836.0,89.54166666666667,23.5,24.8125,False,Rabu
202302.0,2023-02-23,bus sekolah,32836.0,89.125,20.3,25.099999999999998,False,Kamis
202302.0,2023-02-24,bus sekolah,32836.0,90.16666666666667,29.5,24.787499999999998,False,Jumat
202302.0,2023-02-25,bus sekolah,32836.0,88.625,14.8,25.125,True,Sabtu
202302.0,2023-02-26,bus sekolah,32836.0,87.45833333333333,23.4,25.21666666666667,True,Minggu
202302.0,2023-02-27,bus sekolah,32836.0,90.41666666666667,8.8,24.474999999999998,False,Senin
202302.0,2023-02-28,bus sekolah,32836.0,89.5,12.200000000000001,24.65416666666667,False,Selasa
202303.0,2023-03-13,bus sekolah,36316.0,83.625,3.7,26.079166666666666,False,Senin
202303.0,2023-03-14,bus sekolah,35745.0,90.70833333333333,23.0,24.254166666666666,False,Selasa
202303.0,2023-03-15,bus sekolah,34912.0,88.45833333333333,13.6,24.712500000000002,False,Rabu
202303.0,2023-03-16,bus sekolah,36426.0,82.41666666666667,2.6999999999999997,26.2625,False,Kamis
202303.0,2023-03-17,bus sekolah,32529.0,85.45833333333333,11.799999999999999,26.195833333333336,False,Jumat
202303.0,2023-03-18,bus sekolah,1723.0,84.58333333333333,3.9000000000000004,26.520833333333332,True,Sabtu
202303.0,2023-03-19,bus sekolah,995.0,84.16666666666667,5.3,26.333333333333332,True,Minggu
202303.0,2023-03-20,bus sekolah,34070.0,83.54166666666667,8.1,26.3875,False,Senin
202303.0,2023-03-21,bus sekolah,29179.0,82.5,3.1,26.445833333333336,False,Selasa
202303.0,2023-03-22,bus sekolah,753.0,82.20833333333333,2.4,27.25,True,Rabu
202303.0,2023-03-23,bus sekolah,0.0,79.20833333333333,0.5,27.629166666666666,False,Kamis
202303.0,2023-03-24,bus sekolah,389.0,81.45833333333333,0.9,27.179166666666664,False,Jumat
202303.0,2023-03-25,bus sekolah,248.0,86.75,11.9,26.329166666666666,True,Sabtu
202303.0,2023-03-26,bus sekolah,0.0,88.29166666666667,7.8,26.233333333333334,True,Minggu
202303.0,2023-03-27,bus sekolah,26455.0,86.04166666666667,6.3,26.454166666666666,False,Senin
202303.0,2023-03-28,bus sekolah,28024.0,88.20833333333333,8.700000000000001,26.141666666666666,False,Selasa
202303.0,2023-03-29,bus sekolah,27538.0,88.58333333333333,24.0,25.775000000000002,False,Rabu
202303.0,2023-03-30,bus sekolah,27631.0,89.54166666666667,19.9,25.695833333333336,False,Kamis
202303.0,2023-03-31,bus sekolah,24079.0,82.125,1.7999999999999998,26.270833333333332,False,Jumat
202308.0,2023-08-01,bus sekolah,42730.0,67.125,0.0,27.7,False,Selasa
202308.0,2023-08-02,bus sekolah,40826.0,78.41666666666667,10.4,27.0625,False,Rabu
202308.0,2023-08-03,bus sekolah,42479.0,79.95833333333333,2.4,27.308333333333334,False,Kamis
202308.0,2023-08-04,bus sekolah,38848.0,76.66666666666667,0.1,27.979166666666668,False,Jumat
202308.0,2023-08-05,bus sekolah,899.0,73.04166666666667,0.0,27.729166666666668,True,Sabtu
202308.0,2023-08-06,bus sekolah,8042.0,71.83333333333333,0.4,27.320833333333336,True,Minggu
202308.0,2023-08-07,bus sekolah,42739.0,75.95833333333333,1.0,27.21666666666667,False,Senin
202308.0,2023-08-08,bus sekolah,42440.0,76.75,2.2,27.429166666666664,False,Selasa
202308.0,2023-08-09,bus sekolah,43878.0,76.0,0.1,27.504166666666666,False,Rabu
202308.0,2023-08-10,bus sekolah,42704.0,75.75,2.6,26.983333333333334,False,Kamis
202308.0,2023-08-11,bus sekolah,40849.0,76.75,1.0,26.808333333333334,False,Jumat
202308.0,2023-08-12,bus sekolah,1380.0,69.95833333333333,0.2,27.337500000000002,True,Sabtu
202308.0,2023-08-13,bus sekolah,2036.0,69.91666666666667,1.0,26.9875,True,Minggu
202308.0,2023-08-14,bus sekolah,41293.0,72.625,0.2,27.354166666666668,False,Senin
202308.0,2023-08-15,bus sekolah,37648.0,71.25,0.6000000000000001,27.479166666666668,False,Selasa
202308.0,2023-08-16,bus sekolah,37121.0,69.875,0.1,27.84166666666667,False,Rabu
202308.0,2023-08-17,bus sekolah,1580.0,64.91666666666667,0.0,27.96666666666667,True,Kamis
202308.0,2023-08-18,bus sekolah,34204.0,64.95833333333333,0.4,27.920833333333334,False,Jumat
202308.0,2023-08-19,bus sekolah,2734.0,67.375,0.0,28.150000000000002,True,Sabtu
202308.0,2023-08-20,bus sekolah,280.0,67.70833333333333,0.2,28.633333333333336,True,Minggu
202308.0,2023-08-21,bus sekolah,41237.0,67.625,0.0,28.004166666666666,False,Senin
202308.0,2023-08-22,bus sekolah,42395.0,66.66666666666667,0.1,27.787499999999998,False,Selasa
202308.0,2023-08-23,bus sekolah,39791.0,65.41666666666667,0.6,28.070833333333336,False,Rabu
202308.0,2023-08-24,bus sekolah,42466.0,69.375,0.6,28.129166666666666,False,Kamis
202308.0,2023-08-25,bus sekolah,39081.0,73.625,1.0,28.045833333333334,False,Jumat
202308.0,2023-08-26,bus sekolah,1816.0,74.66666666666667,2.1,27.983333333333334,True,Sabtu
202308.0,2023-08-27,bus sekolah,1149.0,78.83333333333333,1.9,26.912499999999998,True,Minggu
202308.0,2023-08-28,bus sekolah,37611.0,79.66666666666667,4.300000000000001,26.308333333333334,False,Senin
202308.0,2023-08-29,bus sekolah,36725.0,72.29166666666667,0.0,27.47083333333333,False,Selasa
202308.0,2023-08-30,bus sekolah,38267.0,70.875,0.0,27.47083333333333,False,Rabu
202308.0,2023-08-31,bus sekolah,36996.0,68.875,0.0,27.599999999999998,False,Kamis
202309.0,2023-09-01,bus sekolah,39692.0,71.04166666666667,0.0,27.49166666666667,False,Jumat
202309.0,2023-09-02,bus sekolah,1459.0,73.5,3.0,27.416666666666668,True,Sabtu
202309.0,2023-09-03,bus sekolah,872.0,69.58333333333333,0.1,27.641666666666666,True,Minggu
202309.0,2023-09-04,bus sekolah,37561.0,58.916666666666664,0.0,27.195833333333336,False,Senin
202309.0,2023-09-05,bus sekolah,36853.0,63.5,0.0,26.979166666666668,False,Selasa
202309.0,2023-09-06,bus sekolah,38218.0,63.291666666666664,0.2,27.849999999999998,False,Rabu
202309.0,2023-09-07,bus sekolah,38151.0,67.33333333333333,0.0,28.166666666666668,False,Kamis
202309.0,2023-09-08,bus sekolah,39163.0,72.54166666666667,3.9,27.941666666666666,False,Jumat
202309.0,2023-09-09,bus sekolah,1108.0,76.70833333333333,1.2000000000000002,27.333333333333332,True,Sabtu
202309.0,2023-09-10,bus sekolah,2094.0,73.95833333333333,1.5,27.474999999999998,True,Minggu
202309.0,2023-09-11,bus sekolah,43128.0,68.95833333333333,0.2,28.129166666666666,False,Senin
202309.0,2023-09-12,bus sekolah,42485.0,64.08333333333333,0.0,28.575,False,Selasa
202309.0,2023-09-13,bus sekolah,42546.0,66.875,0.0,28.474999999999998,False,Rabu
202309.0,2023-09-14,bus sekolah,41954.0,63.666666666666664,1.2,28.183333333333334,False,Kamis
202309.0,2023-09-15,bus sekolah,42024.0,66.875,0.0,28.025000000000002,False,Jumat
202309.0,2023-09-16,bus sekolah,3027.0,66.0,0.1,28.233333333333334,True,Sabtu
202309.0,2023-09-17,bus sekolah,102.0,67.58333333333333,0.5,28.462500000000002,True,Minggu
202309.0,2023-09-18,bus sekolah,42369.0,67.45833333333333,3.6999999999999997,28.520833333333332,False,Senin
202309.0,2023-09-19,bus sekolah,43149.0,78.25,5.9,27.55,False,Selasa
202309.0,2023-09-20,bus sekolah,42893.0,74.0,0.6,27.9375,False,Rabu
202309.0,2023-09-21,bus sekolah,43870.0,76.58333333333333,1.4,27.541666666666668,False,Kamis
202309.0,2023-09-22,bus sekolah,41128.0,67.54166666666667,0.0,28.1125,False,Jumat
202309.0,2023-09-23,bus sekolah,1390.0,68.625,0.6000000000000001,27.337500000000002,True,Sabtu
202309.0,2023-09-24,bus sekolah,1352.0,68.54166666666667,0.7,27.820833333333336,True,Minggu
202309.0,2023-09-25,bus sekolah,41500.0,66.625,0.4,28.170833333333334,False,Senin
202309.0,2023-09-26,bus sekolah,42209.0,60.25,0.0,28.65416666666667,False,Selasa
202309.0,2023-09-27,bus sekolah,39539.0,57.0,0.0,28.616666666666664,False,Rabu
202309.0,2023-09-28,bus sekolah,973.0,52.416666666666664,0.0,29.291666666666668,True,Kamis
202309.0,2023-09-29,bus sekolah,39004.0,63.541666666666664,0.2,28.84583333333333,False,Jumat
202309.0,2023-09-30,bus sekolah,1162.0,70.0,2.3,27.854166666666668,True,Sabtu
202311.0,2023-11-05,bus sekolah,915.0,84.20833333333333,2.8,26.733333333333334,True,Minggu
202311.0,2023-11-06,bus sekolah,42382.0,77.0,1.2,28.183333333333334,False,Senin
202311.0,2023-11-07,bus sekolah,43705.0,74.33333333333333,0.5,28.575,False,Selasa
202311.0,2023-11-08,bus sekolah,45559.0,76.79166666666667,0.9,28.358333333333334,False,Rabu
202311.0,2023-11-09,bus sekolah,43363.0,79.29166666666667,8.7,28.1375,False,Kamis
202311.0,2023-11-10,bus sekolah,41634.0,79.54166666666667,6.6,28.166666666666668,False,Jumat
202311.0,2023-11-11,bus sekolah,1602.0,81.0,7.8999999999999995,27.379166666666666,True,Sabtu
202311.0,2023-11-12,bus sekolah,1349.0,77.91666666666667,2.1,27.837500000000002,True,Minggu
202311.0,2023-11-13,bus sekolah,44975.0,78.45833333333333,4.3,28.05,False,Senin
202311.0,2023-11-21,bus sekolah,46406.0,82.125,5.3,27.599999999999998,False,Selasa
202311.0,2023-11-14,bus sekolah,46132.0,83.75,26.3,27.041666666666668,False,Selasa
202311.0,2023-11-15,bus sekolah,44885.0,82.0,3.0999999999999996,27.833333333333332,False,Rabu
202311.0,2023-11-16,bus sekolah,45745.0,79.70833333333333,6.9,28.0,False,Kamis
202311.0,2023-11-17,bus sekolah,43029.0,84.0,3.0,27.575,False,Jumat
202311.0,2023-11-18,bus sekolah,1485.0,80.91666666666667,3.7,27.808333333333334,True,Sabtu
202311.0,2023-11-19,bus sekolah,1606.0,79.70833333333333,36.5,28.320833333333336,True,Minggu
202311.0,2023-11-20,bus sekolah,44806.0,80.20833333333333,12.8,27.8875,False,Senin
202310.0,2023-10-01,bus sekolah,2114.0,72.54166666666667,0.0,28.287499999999998,True,Minggu
202310.0,2023-10-02,bus sekolah,39821.0,65.16666666666667,0.7,28.545833333333334,False,Senin
202310.0,2023-10-03,bus sekolah,40850.0,63.375,0.4,28.6125,False,Selasa
202310.0,2023-10-04,bus sekolah,39085.0,70.79166666666667,0.7,28.28333333333333,False,Rabu
202310.0,2023-10-05,bus sekolah,41113.0,73.29166666666667,0.1,28.6125,False,Kamis
202310.0,2023-10-06,bus sekolah,36705.0,74.79166666666667,2.9000000000000004,28.329166666666666,False,Jumat
202310.0,2023-10-07,bus sekolah,1469.0,72.54166666666667,1.0,28.75,True,Sabtu
202310.0,2023-10-08,bus sekolah,1419.0,69.54166666666667,0.6,28.958333333333332,True,Minggu
202310.0,2023-10-09,bus sekolah,40338.0,72.70833333333333,3.4000000000000004,28.537499999999998,False,Senin
202310.0,2023-10-10,bus sekolah,41445.0,72.375,2.5,28.766666666666666,False,Selasa
202310.0,2023-10-11,bus sekolah,44365.0,75.0,5.1,28.541666666666668,False,Rabu
202310.0,2023-10-12,bus sekolah,42345.0,72.125,1.1,28.662499999999998,False,Kamis
202310.0,2023-10-13,bus sekolah,36870.0,74.58333333333333,4.8,28.34166666666667,False,Jumat
202310.0,2023-10-14,bus sekolah,1448.0,71.41666666666667,1.2,28.775000000000002,True,Sabtu
202310.0,2023-10-15,bus sekolah,1400.0,67.91666666666667,5.4,28.795833333333334,True,Minggu
202310.0,2023-10-16,bus sekolah,42216.0,67.20833333333333,0.1,29.108333333333334,False,Senin
202310.0,2023-10-17,bus sekolah,38462.0,62.291666666666664,0.8,29.645833333333332,False,Selasa
202310.0,2023-10-18,bus sekolah,44451.0,59.333333333333336,0.0,29.46666666666667,False,Rabu
202310.0,2023-10-19,bus sekolah,43257.0,62.375,0.0,29.379166666666666,False,Kamis
202310.0,2023-10-20,bus sekolah,39428.0,72.41666666666667,4.2,28.420833333333334,False,Jumat
202310.0,2023-10-21,bus sekolah,1086.0,71.79166666666667,0.9,28.941666666666666,True,Sabtu
202310.0,2023-10-22,bus sekolah,818.0,74.04166666666667,1.8,28.84583333333333,True,Minggu
202310.0,2023-10-23,bus sekolah,43581.0,70.0,1.4,28.900000000000002,False,Senin
202310.0,2023-10-24,bus sekolah,40635.0,75.58333333333333,9.5,27.650000000000002,False,Selasa
202310.0,2023-10-25,bus sekolah,41240.0,80.33333333333333,4.1,26.97083333333333,False,Rabu
202310.0,2023-10-26,bus sekolah,43345.0,75.625,1.8,28.5,False,Kamis
202310.0,2023-10-27,bus sekolah,39433.0,72.54166666666667,0.4,28.849999999999998,False,Jumat
202310.0,2023-10-28,bus sekolah,1186.0,66.25,0.0,29.145833333333332,True,Sabtu
202310.0,2023-10-29,bus sekolah,948.0,64.5,0.0,29.037499999999998,True,Minggu
202310.0,2023-10-30,bus sekolah,43826.0,66.33333333333333,0.0,29.083333333333332,False,Senin
202310.0,2023-10-31,bus sekolah,44022.0,72.04166666666667,2.2,28.791666666666668,False,Selasa
202311.0,2023-11-01,bus sekolah,40541.0,80.16666666666667,8.7,27.90833333333333,False,Rabu
202311.0,2023-11-02,bus sekolah,41184.0,79.625,2.8000000000000003,28.1375,False,Kamis
202311.0,2023-11-03,bus sekolah,37683.0,79.33333333333333,15.5,28.058333333333334,False,Jumat
202311.0,2023-11-04,bus sekolah,1582.0,81.83333333333333,6.4,27.150000000000002,True,Sabtu
202311.0,2023-11-22,bus sekolah,45219.0,82.0,8.2,27.52916666666667,False,Rabu
202311.0,2023-11-23,bus sekolah,44417.0,80.33333333333333,4.699999999999999,27.791666666666668,False,Kamis
202311.0,2023-11-24,bus sekolah,43400.0,87.20833333333333,22.2,26.6875,False,Jumat
202311.0,2023-11-25,bus sekolah,1394.0,90.79166666666667,10.299999999999999,25.479166666666668,True,Sabtu
202311.0,2023-11-26,bus sekolah,956.0,82.95833333333333,5.1,26.991666666666664,True,Minggu
202311.0,2023-11-27,bus sekolah,44576.0,88.95833333333333,15.899999999999999,25.483333333333334,False,Senin
202311.0,2023-11-28,bus sekolah,46450.0,87.125,7.7,26.441666666666666,False,Selasa
202311.0,2023-11-29,bus sekolah,45150.0,85.58333333333333,15.1,26.900000000000002,False,Rabu
202311.0,2023-11-30,bus sekolah,44796.0,87.375,21.7,26.52916666666667,False,Kamis
202312.0,2023-12-19,bus sekolah,0.0,66.625,0.0,29.15416666666667,False,Selasa
202312.0,2023-12-20,bus sekolah,0.0,63.291666666666664,0.0,28.704166666666666,False,Rabu
202312.0,2023-12-21,bus sekolah,0.0,62.791666666666664,0.0,28.233333333333334,False,Kamis
202312.0,2023-12-22,bus sekolah,0.0,67.41666666666667,0.0,28.462500000000002,False,Jumat
202312.0,2023-12-23,bus sekolah,0.0,70.875,1.4000000000000001,29.054166666666664,True,Sabtu
202312.0,2023-12-01,bus sekolah,40458.0,90.91666666666667,11.3,25.541666666666668,False,Jumat
202312.0,2023-12-02,bus sekolah,1006.0,84.83333333333333,13.100000000000001,27.116666666666664,True,Sabtu
202312.0,2023-12-03,bus sekolah,927.0,87.08333333333333,17.2,26.275000000000002,True,Minggu
202312.0,2023-12-04,bus sekolah,42816.0,89.20833333333333,14.5,26.041666666666668,False,Senin
202312.0,2023-12-05,bus sekolah,42965.0,85.20833333333333,3.1,27.162499999999998,False,Selasa
202312.0,2023-12-06,bus sekolah,43929.0,83.75,3.9,27.162499999999998,False,Rabu
202312.0,2023-12-07,bus sekolah,39149.0,85.04166666666667,8.5,27.133333333333336,False,Kamis
202312.0,2023-12-08,bus sekolah,37892.0,84.16666666666667,6.4,27.099999999999998,False,Jumat
202312.0,2023-12-09,bus sekolah,2074.0,86.0,6.3999999999999995,26.954166666666666,True,Sabtu
202312.0,2023-12-10,bus sekolah,2192.0,84.625,1.1,27.133333333333336,True,Minggu
202312.0,2023-12-11,bus sekolah,34212.0,79.45833333333333,0.6000000000000001,27.916666666666668,False,Senin
202312.0,2023-12-12,bus sekolah,34025.0,81.45833333333333,3.3,27.579166666666666,False,Selasa
202312.0,2023-12-13,bus sekolah,33756.0,73.04166666666667,0.2,27.920833333333334,False,Rabu
202312.0,2023-12-14,bus sekolah,25954.0,71.04166666666667,0.30000000000000004,28.620833333333334,False,Kamis
202312.0,2023-12-15,bus sekolah,6088.0,72.45833333333333,0.0,28.40833333333333,False,Jumat
202312.0,2023-12-16,bus sekolah,1016.0,70.83333333333333,0.1,28.425,True,Sabtu
202312.0,2023-12-17,bus sekolah,960.0,70.79166666666667,0.0,28.6375,True,Minggu
202312.0,2023-12-18,bus sekolah,0.0,70.0,0.0,29.025000000000002,False,Senin
202312.0,2023-12-24,bus sekolah,0.0,78.83333333333333,8.1,28.09583333333333,True,Minggu
202312.0,2023-12-25,bus sekolah,0.0,84.95833333333333,13.6,26.8625,True,Senin
202312.0,2023-12-26,bus sekolah,0.0,86.625,8.3,26.241666666666664,False,Selasa
202312.0,2023-12-27,bus sekolah,0.0,85.70833333333333,11.1,26.958333333333332,False,Rabu
202312.0,2023-12-28,bus sekolah,0.0,84.20833333333333,16.3,27.425,False,Kamis
202312.0,2023-12-29,bus sekolah,0.0,86.95833333333333,7.9,27.454166666666666,False,Jumat
202312.0,2023-12-30,bus sekolah,0.0,86.66666666666667,18.1,26.9875,True,Sabtu
202312.0,2023-12-31,bus sekolah,0.0,87.91666666666667,19.400000000000002,26.75,True,Minggu
202402.0,2024-02-01,bus sekolah,43946.0,87.04166666666667,16.2,26.59166666666667,False,Kamis
202402.0,2024-02-02,bus sekolah,42442.0,85.41666666666667,10.6,26.954166666666666,False,Jumat
202402.0,2024-02-03,bus sekolah,1114.0,88.75,15.6,25.945833333333336,True,Sabtu
202402.0,2024-02-04,bus sekolah,1148.0,84.95833333333333,5.1000000000000005,26.679166666666664,True,Minggu
202402.0,2024-02-05,bus sekolah,44991.0,87.75,5.8999999999999995,26.2375,False,Senin
202402.0,2024-02-06,bus sekolah,46237.0,89.08333333333333,7.2,25.7375,False,Selasa
202402.0,2024-02-07,bus sekolah,44381.0,85.125,6.1,26.366666666666664,False,Rabu
202402.0,2024-02-08,bus sekolah,1182.0,82.16666666666667,3.9,26.96666666666667,True,Kamis
202402.0,2024-02-09,bus sekolah,410.0,83.70833333333333,3.5,27.266666666666666,False,Jumat
202402.0,2024-02-10,bus sekolah,622.0,86.75,6.2,26.429166666666664,True,Sabtu
202402.0,2024-02-11,bus sekolah,1221.0,84.0,12.8,26.683333333333334,True,Minggu
202402.0,2024-02-12,bus sekolah,44413.0,83.79166666666667,5.7,26.870833333333334,False,Senin
202402.0,2024-02-13,bus sekolah,45514.0,85.45833333333333,12.1,26.858333333333334,False,Selasa
202402.0,2024-02-14,bus sekolah,54.0,87.75,18.0,26.454166666666666,True,Rabu
202402.0,2024-02-15,bus sekolah,45426.0,87.0,7.300000000000001,27.09583333333333,False,Kamis
202402.0,2024-02-16,bus sekolah,42860.0,89.0,8.8,26.5,False,Jumat
202402.0,2024-02-17,bus sekolah,1001.0,88.66666666666667,19.7,26.162499999999998,True,Sabtu
202402.0,2024-02-18,bus sekolah,1106.0,86.83333333333333,2.0,26.795833333333334,True,Minggu
202402.0,2024-02-19,bus sekolah,47108.0,85.5,3.6,27.087500000000002,False,Senin
202402.0,2024-02-20,bus sekolah,45658.0,82.95833333333333,0.7,27.6875,False,Selasa
202402.0,2024-02-21,bus sekolah,44373.0,86.25,11.1,27.037499999999998,False,Rabu
202402.0,2024-02-22,bus sekolah,44771.0,80.83333333333333,0.2,27.97083333333333,False,Kamis
202402.0,2024-02-23,bus sekolah,42241.0,75.20833333333333,1.9,28.7,False,Jumat
202402.0,2024-02-24,bus sekolah,1286.0,86.95833333333333,13.200000000000001,26.758333333333336,True,Sabtu
202402.0,2024-02-25,bus sekolah,1017.0,88.625,21.6,26.320833333333336,True,Minggu
202402.0,2024-02-26,bus sekolah,43609.0,84.875,6.8,27.120833333333334,False,Senin
202402.0,2024-02-27,bus sekolah,42678.0,84.08333333333333,3.5,27.21666666666667,False,Selasa
202402.0,2024-02-28,bus sekolah,42113.0,88.66666666666667,34.1,25.691666666666666,False,Rabu
202401.0,2024-01-01,bus sekolah,0.0,87.125,8.200000000000001,26.7375,True,Senin
202401.0,2024-01-02,bus sekolah,40401.0,83.66666666666667,2.5,27.391666666666666,False,Selasa
202401.0,2024-01-03,bus sekolah,42323.0,91.58333333333333,31.2,25.566666666666666,False,Rabu
202401.0,2024-01-04,bus sekolah,44479.0,92.33333333333333,81.7,25.145833333333332,False,Kamis
202401.0,2024-01-05,bus sekolah,41464.0,84.04166666666667,19.7,26.570833333333336,False,Jumat
202401.0,2024-01-06,bus sekolah,0.0,86.04166666666667,7.1000000000000005,26.616666666666664,True,Sabtu
202401.0,2024-01-07,bus sekolah,0.0,89.625,14.1,25.795833333333334,True,Minggu
202401.0,2024-01-08,bus sekolah,45700.0,88.91666666666667,7.0,26.25,False,Senin
202401.0,2024-01-09,bus sekolah,45637.0,83.58333333333333,1.1,27.129166666666666,False,Selasa
202401.0,2024-01-10,bus sekolah,45400.0,86.54166666666667,12.0,26.754166666666666,False,Rabu
202401.0,2024-01-11,bus sekolah,44760.0,86.20833333333333,8.4,26.741666666666664,False,Kamis
202401.0,2024-01-12,bus sekolah,40776.0,81.33333333333333,1.3,27.4375,False,Jumat
202401.0,2024-01-13,bus sekolah,0.0,81.16666666666667,1.4000000000000001,27.416666666666668,True,Sabtu
202401.0,2024-01-14,bus sekolah,0.0,85.25,17.2,26.745833333333334,True,Minggu
202401.0,2024-01-15,bus sekolah,46806.0,83.29166666666667,1.2,27.3875,False,Senin
202401.0,2024-01-16,bus sekolah,46224.0,79.75,0.1,27.620833333333334,False,Selasa
202401.0,2024-01-17,bus sekolah,47063.0,82.41666666666667,3.9999999999999996,27.116666666666664,False,Rabu
202401.0,2024-01-18,bus sekolah,45509.0,82.125,1.9000000000000001,27.020833333333332,False,Kamis
202401.0,2024-01-19,bus sekolah,42145.0,87.04166666666667,15.0,25.479166666666668,False,Jumat
202401.0,2024-01-20,bus sekolah,3278.0,71.79166666666667,0.0,27.941666666666666,True,Sabtu
202401.0,2024-01-21,bus sekolah,1008.0,77.25,9.5,27.566666666666666,True,Minggu
202401.0,2024-01-22,bus sekolah,47053.0,72.41666666666667,0.2,27.983333333333334,False,Senin
202401.0,2024-01-23,bus sekolah,44602.0,73.16666666666667,0.1,28.27916666666667,False,Selasa
202401.0,2024-01-24,bus sekolah,45968.0,76.75,2.0,27.65416666666667,False,Rabu
202401.0,2024-01-25,bus sekolah,46116.0,76.70833333333333,1.3,27.97083333333333,False,Kamis
202401.0,2024-01-26,bus sekolah,44698.0,85.08333333333333,5.1,26.504166666666666,False,Jumat
202401.0,2024-01-27,bus sekolah,1392.0,87.70833333333333,29.799999999999997,25.84166666666667,True,Sabtu
202401.0,2024-01-28,bus sekolah,914.0,89.375,30.099999999999998,25.504166666666666,True,Minggu
202401.0,2024-01-29,bus sekolah,46226.0,90.33333333333333,27.4,25.625,False,Senin
202401.0,2024-01-30,bus sekolah,44065.0,86.91666666666667,14.5,26.125,False,Selasa
202401.0,2024-01-31,bus sekolah,43668.0,89.125,18.7,25.9875,False,Rabu
202402.0,2024-02-29,bus sekolah,41390.0,88.79166666666667,7.3,26.241666666666664,False,Kamis
202403.0,2024-03-01,bus sekolah,41457.0,85.875,13.9,27.054166666666664,False,Jumat
202403.0,2024-03-02,bus sekolah,2360.0,90.29166666666667,14.6,26.59166666666667,True,Sabtu
202403.0,2024-03-03,bus sekolah,1438.0,88.54166666666667,8.7,26.458333333333332,True,Minggu
202403.0,2024-03-04,bus sekolah,38316.0,82.75,9.6,27.53333333333333,False,Senin
202403.0,2024-03-05,bus sekolah,38640.0,80.91666666666667,14.2,27.604166666666668,False,Selasa
202403.0,2024-03-06,bus sekolah,39357.0,82.25,2.6,27.75,False,Rabu
202403.0,2024-03-07,bus sekolah,38558.0,83.95833333333333,15.5,27.358333333333334,False,Kamis
202403.0,2024-03-08,bus sekolah,34906.0,85.33333333333333,11.3,26.962500000000002,False,Jumat
202403.0,2024-03-09,bus sekolah,226.0,91.54166666666667,11.2,25.541666666666668,True,Sabtu
202403.0,2024-03-10,bus sekolah,208.0,87.58333333333333,4.5,26.3,True,Minggu
202403.0,2024-03-11,bus sekolah,0.0,89.45833333333333,35.9,26.004166666666666,True,Senin
202403.0,2024-03-12,bus sekolah,0.0,85.29166666666667,7.7,26.416666666666668,False,Selasa
202403.0,2024-03-13,bus sekolah,174.0,88.75,21.5,25.879166666666666,False,Rabu
202403.0,2024-03-14,bus sekolah,35386.0,88.875,11.299999999999999,25.662499999999998,False,Kamis
202403.0,2024-03-15,bus sekolah,32493.0,87.54166666666667,5.8,26.212500000000002,False,Jumat
202403.0,2024-03-16,bus sekolah,408.0,86.20833333333333,5.6000000000000005,25.900000000000002,True,Sabtu
202403.0,2024-03-17,bus sekolah,0.0,84.125,5.0,26.391666666666666,True,Minggu
202403.0,2024-03-18,bus sekolah,35614.0,77.91666666666667,1.0,27.462500000000002,False,Senin
202403.0,2024-03-19,bus sekolah,34906.0,73.41666666666667,0.2,27.974999999999998,False,Selasa
202403.0,2024-03-20,bus sekolah,32408.0,72.83333333333333,0.0,27.504166666666666,False,Rabu
202403.0,2024-03-21,bus sekolah,33605.0,82.66666666666667,2.9,26.4875,False,Kamis
202403.0,2024-03-22,bus sekolah,26432.0,88.625,9.0,25.958333333333332,False,Jumat
202403.0,2024-03-23,bus sekolah,567.0,83.5,4.3,27.608333333333334,True,Sabtu
202403.0,2024-03-24,bus sekolah,1151.0,84.33333333333333,6.6,27.087500000000002,True,Minggu
202403.0,2024-03-25,bus sekolah,33457.0,87.875,12.299999999999999,26.516666666666666,False,Senin
202403.0,2024-03-26,bus sekolah,34558.0,83.33333333333333,2.5,27.279166666666665,False,Selasa
202403.0,2024-03-27,bus sekolah,36023.0,89.33333333333333,16.3,26.34583333333333,False,Rabu
202403.0,2024-03-28,bus sekolah,32521.0,87.45833333333333,5.7,26.7625,False,Kamis
202403.0,2024-03-29,bus sekolah,0.0,85.08333333333333,5.2,26.995833333333334,True,Jumat
202403.0,2024-03-30,bus sekolah,50.0,85.54166666666667,6.500000000000001,27.325,True,Sabtu
202403.0,2024-03-31,bus sekolah,0.0,85.83333333333333,13.0,27.008333333333336,True,Minggu
202404.0,2024-04-01,bus sekolah,31155.0,86.58333333333333,2.6,27.108333333333334,False,Senin
202404.0,2024-04-02,bus sekolah,29327.0,87.875,11.3,27.212500000000002,False,Selasa
202404.0,2024-04-03,bus sekolah,22409.0,89.91666666666667,12.7,26.8,False,Rabu
202404.0,2024-04-04,bus sekolah,797.0,87.125,11.0,27.270833333333332,False,Kamis
202404.0,2024-04-05,bus sekolah,0.0,86.16666666666667,5.6,27.4875,False,Jumat
202404.0,2024-04-06,bus sekolah,0.0,87.08333333333333,3.1,27.662499999999998,True,Sabtu
202404.0,2024-04-07,bus sekolah,0.0,83.08333333333333,2.6,28.087500000000002,True,Minggu
202404.0,2024-04-08,bus sekolah,98.0,80.83333333333333,0.5,28.0625,False,Senin
202404.0,2024-04-09,bus sekolah,0.0,85.16666666666667,6.199999999999999,27.666666666666668,False,Selasa
202404.0,2024-04-10,bus sekolah,0.0,83.83333333333333,0.8,27.5625,True,Rabu
202404.0,2024-04-11,bus sekolah,0.0,86.25,8.0,27.412499999999998,True,Kamis
202404.0,2024-04-12,bus sekolah,0.0,88.875,16.2,26.1875,False,Jumat
202404.0,2024-04-13,bus sekolah,0.0,84.75,6.9,27.46666666666667,True,Sabtu
202404.0,2024-04-14,bus sekolah,0.0,86.125,3.2,26.958333333333332,True,Minggu
202404.0,2024-04-15,bus sekolah,0.0,86.375,7.6,27.275000000000002,False,Senin
202404.0,2024-04-16,bus sekolah,80.0,85.25,4.7,27.741666666666664,False,Selasa
202404.0,2024-04-17,bus sekolah,26455.0,86.70833333333333,5.0,26.916666666666668,False,Rabu
202404.0,2024-04-18,bus sekolah,28622.0,87.5,5.2,26.849999999999998,False,Kamis
202404.0,2024-04-19,bus sekolah,29944.0,86.45833333333333,4.1,27.150000000000002,False,Jumat
202404.0,2024-04-20,bus sekolah,983.0,86.95833333333333,13.7,27.22083333333333,True,Sabtu
202404.0,2024-04-21,bus sekolah,788.0,89.66666666666667,24.0,26.6375,True,Minggu
202404.0,2024-04-22,bus sekolah,38797.0,84.91666666666667,3.3000000000000003,27.71666666666667,False,Senin
202404.0,2024-04-23,bus sekolah,40010.0,88.16666666666667,12.7,27.270833333333332,False,Selasa
202404.0,2024-04-24,bus sekolah,39824.0,86.20833333333333,9.5,27.5125,False,Rabu
202404.0,2024-04-25,bus sekolah,39605.0,87.58333333333333,18.3,27.079166666666666,False,Kamis
202404.0,2024-04-26,bus sekolah,35620.0,87.95833333333333,8.0,27.116666666666664,False,Jumat
202404.0,2024-04-27,bus sekolah,1921.0,89.33333333333333,27.900000000000002,26.708333333333332,True,Sabtu
202404.0,2024-04-28,bus sekolah,1575.0,83.70833333333333,0.30000000000000004,27.8,True,Minggu
202404.0,2024-04-29,bus sekolah,31833.0,80.75,3.2,28.391666666666666,False,Senin
202404.0,2024-04-30,bus sekolah,31977.0,85.5,8.2,27.679166666666664,False,Selasa
202406.0,2024-06-01,bus sekolah,1061.0,87.625,2.4,27.316666666666666,True,Sabtu
202406.0,2024-06-02,bus sekolah,710.0,87.08333333333333,14.2,27.366666666666664,True,Minggu
202406.0,2024-06-03,bus sekolah,37865.0,87.58333333333333,7.6,26.316666666666666,False,Senin
202406.0,2024-06-04,bus sekolah,37092.0,83.83333333333333,2.0,27.766666666666666,False,Selasa
202406.0,2024-06-05,bus sekolah,37973.0,83.66666666666667,1.1,27.53333333333333,False,Rabu
202406.0,2024-06-06,bus sekolah,36676.0,78.375,1.4,27.65416666666667,False,Kamis
202406.0,2024-06-07,bus sekolah,35591.0,80.54166666666667,0.2,27.27916666666667,False,Jumat
202406.0,2024-06-08,bus sekolah,1385.0,79.29166666666667,1.9000000000000001,27.479166666666668,True,Sabtu
202406.0,2024-06-09,bus sekolah,1692.0,86.33333333333333,12.1,26.629166666666666,True,Minggu
202406.0,2024-06-10,bus sekolah,35659.0,84.33333333333333,8.1,27.583333333333332,False,Senin
202406.0,2024-06-11,bus sekolah,32887.0,88.5,6.3,26.079166666666666,False,Selasa
202406.0,2024-06-12,bus sekolah,31072.0,88.75,10.1,25.895833333333332,False,Rabu
202406.0,2024-06-13,bus sekolah,30426.0,88.33333333333333,10.5,26.170833333333334,False,Kamis
202406.0,2024-06-14,bus sekolah,24912.0,84.54166666666667,8.2,27.09583333333333,False,Jumat
202406.0,2024-06-15,bus sekolah,930.0,87.375,14.0,26.6875,True,Sabtu
202406.0,2024-06-16,bus sekolah,750.0,88.58333333333333,10.5,26.349999999999998,True,Minggu
202406.0,2024-06-17,bus sekolah,180.0,82.875,0.7000000000000001,27.245833333333334,True,Senin
202406.0,2024-06-18,bus sekolah,436.0,85.95833333333333,5.6000000000000005,26.395833333333332,False,Selasa
202406.0,2024-06-19,bus sekolah,23587.0,79.83333333333333,0.5,27.349999999999998,False,Rabu
202406.0,2024-06-20,bus sekolah,18732.0,75.5,0.0,27.40416666666667,False,Kamis
202406.0,2024-06-21,bus sekolah,3387.0,76.41666666666667,0.1,26.916666666666668,False,Jumat
202406.0,2024-06-22,bus sekolah,861.0,80.08333333333333,0.1,26.704166666666666,True,Sabtu
202406.0,2024-06-23,bus sekolah,889.0,74.33333333333333,0.0,26.945833333333336,True,Minggu
202406.0,2024-06-24,bus sekolah,941.0,78.20833333333333,4.9,27.141666666666666,False,Senin
202406.0,2024-06-25,bus sekolah,1292.0,85.08333333333333,10.1,26.816666666666666,False,Selasa
202406.0,2024-06-26,bus sekolah,746.0,79.66666666666667,0.9,27.445833333333336,False,Rabu
202406.0,2024-06-27,bus sekolah,468.0,84.04166666666667,5.4,27.150000000000002,False,Kamis
202406.0,2024-06-28,bus sekolah,118.0,87.25,6.9,26.691666666666666,False,Jumat
202406.0,2024-06-29,bus sekolah,1067.0,88.33333333333333,7.3,26.333333333333332,True,Sabtu
202406.0,2024-06-30,bus sekolah,278.0,82.70833333333333,0.5,26.9875,True,Minggu
202405.0,2024-05-01,bus sekolah,756.0,88.20833333333333,13.0,27.075,True,Rabu
202405.0,2024-05-02,bus sekolah,32999.0,85.875,15.5,27.570833333333336,False,Kamis
202405.0,2024-05-03,bus sekolah,28507.0,85.0,5.2,27.65833333333333,False,Jumat
202405.0,2024-05-04,bus sekolah,2148.0,81.70833333333333,0.7000000000000001,27.825,True,Sabtu
202405.0,2024-05-05,bus sekolah,1228.0,82.29166666666667,3.4,27.8625,True,Minggu
202405.0,2024-05-06,bus sekolah,30863.0,81.04166666666667,4.4,27.733333333333334,False,Senin
202405.0,2024-05-07,bus sekolah,36138.0,77.04166666666667,0.6000000000000001,28.416666666666668,False,Selasa
202405.0,2024-05-08,bus sekolah,33782.0,78.875,1.7000000000000002,28.0625,False,Rabu
202405.0,2024-05-09,bus sekolah,1034.0,81.75,2.7,27.7,True,Kamis
202405.0,2024-05-10,bus sekolah,786.0,82.91666666666667,10.6,28.0625,False,Jumat
202405.0,2024-05-11,bus sekolah,1467.0,84.75,4.5,27.454166666666666,True,Sabtu
202405.0,2024-05-12,bus sekolah,1091.0,80.625,7.6,28.104166666666668,True,Minggu
202405.0,2024-05-13,bus sekolah,35931.0,88.54166666666667,28.4,27.004166666666666,False,Senin
202405.0,2024-05-14,bus sekolah,37180.0,88.625,4.5,26.870833333333334,False,Selasa
202405.0,2024-05-15,bus sekolah,35369.0,80.25,2.4,28.508333333333336,False,Rabu
202405.0,2024-05-16,bus sekolah,35951.0,83.54166666666667,3.9000000000000004,27.695833333333336,False,Kamis
202405.0,2024-05-17,bus sekolah,34122.0,80.91666666666667,0.4,28.016666666666666,False,Jumat
202405.0,2024-05-18,bus sekolah,1698.0,81.5,0.8,27.900000000000002,True,Sabtu
202405.0,2024-05-19,bus sekolah,1076.0,80.41666666666667,8.1,27.945833333333336,True,Minggu
202405.0,2024-05-20,bus sekolah,37616.0,78.79166666666667,0.5,28.28333333333333,False,Senin
202405.0,2024-05-21,bus sekolah,36842.0,79.5,7.300000000000001,28.166666666666668,False,Selasa
202405.0,2024-05-22,bus sekolah,36477.0,86.20833333333333,11.7,27.120833333333334,False,Rabu
202405.0,2024-05-23,bus sekolah,1036.0,87.75,11.2,26.650000000000002,True,Kamis
202405.0,2024-05-24,bus sekolah,664.0,89.58333333333333,19.9,26.383333333333336,False,Jumat
202405.0,2024-05-25,bus sekolah,969.0,94.5,36.7,24.974999999999998,True,Sabtu
202405.0,2024-05-26,bus sekolah,1460.0,81.29166666666667,0.1,28.0125,True,Minggu
202405.0,2024-05-27,bus sekolah,38170.0,82.16666666666667,0.7000000000000001,28.366666666666664,False,Senin
202405.0,2024-05-28,bus sekolah,37355.0,84.0,3.2,27.808333333333334,False,Selasa
202405.0,2024-05-29,bus sekolah,38007.0,84.375,2.1,27.53333333333333,False,Rabu
202405.0,2024-05-30,bus sekolah,36860.0,81.70833333333333,1.0,27.8125,False,Kamis
202405.0,2024-05-31,bus sekolah,35098.0,83.20833333333333,1.1,28.02916666666667,False,Jumat
202408.0,2024-08-08,bus sekolah,44281.0,75.33333333333333,1.0999999999999999,27.587500000000002,False,Kamis
202408.0,2024-08-09,bus sekolah,43036.0,75.58333333333333,0.8,27.71666666666667,False,Jumat
202408.0,2024-08-10,bus sekolah,4280.0,76.58333333333333,0.30000000000000004,27.495833333333334,True,Sabtu
202408.0,2024-08-11,bus sekolah,1278.0,80.91666666666667,2.9,26.954166666666666,True,Minggu
202408.0,2024-08-12,bus sekolah,44469.0,72.625,0.1,26.941666666666666,False,Senin
202408.0,2024-08-13,bus sekolah,45179.0,71.95833333333333,0.0,26.6125,False,Selasa
202408.0,2024-08-14,bus sekolah,42737.0,73.04166666666667,0.0,27.037499999999998,False,Rabu
202408.0,2024-08-15,bus sekolah,42963.0,72.33333333333333,0.0,27.758333333333336,False,Kamis
202408.0,2024-08-16,bus sekolah,40975.0,73.75,0.2,27.708333333333332,False,Jumat
202408.0,2024-08-17,bus sekolah,1598.0,74.875,0.0,27.820833333333336,True,Sabtu
202408.0,2024-08-18,bus sekolah,340.0,75.29166666666667,0.5,27.90416666666667,True,Minggu
202408.0,2024-08-19,bus sekolah,45966.0,75.20833333333333,0.0,27.666666666666668,False,Senin
202408.0,2024-08-20,bus sekolah,45188.0,76.66666666666667,0.0,27.333333333333332,False,Selasa
202408.0,2024-08-21,bus sekolah,46000.0,75.45833333333333,0.8,27.625,False,Rabu
202408.0,2024-08-22,bus sekolah,46642.0,75.04166666666667,0.1,27.95,False,Kamis
202408.0,2024-08-23,bus sekolah,44107.0,72.5,0.0,28.045833333333334,False,Jumat
202408.0,2024-08-24,bus sekolah,916.0,72.66666666666667,3.7,27.575,True,Sabtu
202408.0,2024-08-25,bus sekolah,1377.0,72.83333333333333,0.1,27.325,True,Minggu
202408.0,2024-08-26,bus sekolah,45971.0,68.5,0.0,28.120833333333334,False,Senin
202408.0,2024-08-27,bus sekolah,46317.0,68.29166666666667,0.1,28.583333333333332,False,Selasa
202408.0,2024-08-28,bus sekolah,45812.0,62.833333333333336,0.0,28.954166666666666,False,Rabu
202408.0,2024-08-29,bus sekolah,45057.0,66.0,0.1,28.604166666666668,False,Kamis
202408.0,2024-08-30,bus sekolah,43854.0,68.125,0.2,27.854166666666668,False,Jumat
202408.0,2024-08-31,bus sekolah,3686.0,67.375,0.0,28.104166666666668,True,Sabtu
202408.0,2024-08-01,bus sekolah,45872.0,76.91666666666667,2.8,27.333333333333332,False,Kamis
202408.0,2024-08-02,bus sekolah,43038.0,82.70833333333333,10.6,26.320833333333336,False,Jumat
202408.0,2024-08-03,bus sekolah,933.0,83.79166666666667,17.0,26.400000000000002,True,Sabtu
202408.0,2024-08-04,bus sekolah,604.0,78.16666666666667,0.6,27.34583333333333,True,Minggu
202408.0,2024-08-05,bus sekolah,42648.0,84.33333333333333,6.5,26.145833333333332,False,Senin
202408.0,2024-08-06,bus sekolah,45461.0,74.33333333333333,0.0,27.1375,False,Selasa
202408.0,2024-08-07,bus sekolah,47235.0,73.20833333333333,0.1,27.441666666666666,False,Rabu
202409.0,2024-09-01,bus sekolah,664.0,70.45833333333333,0.0,28.5,True,Minggu
202409.0,2024-09-02,bus sekolah,44911.0,77.875,3.3,28.325,False,Senin
202409.0,2024-09-03,bus sekolah,45048.0,80.20833333333333,6.6,27.45,False,Selasa
202409.0,2024-09-04,bus sekolah,45250.0,71.66666666666667,0.1,27.883333333333336,False,Rabu
202409.0,2024-09-05,bus sekolah,42175.0,73.33333333333333,9.4,27.8,False,Kamis
202409.0,2024-09-06,bus sekolah,41313.0,74.16666666666667,1.0,28.166666666666668,False,Jumat
202409.0,2024-09-07,bus sekolah,1890.0,63.125,0.0,29.579166666666666,True,Sabtu
202409.0,2024-09-08,bus sekolah,552.0,64.79166666666667,0.3,29.141666666666666,True,Minggu
202409.0,2024-09-09,bus sekolah,42894.0,78.95833333333333,9.7,27.391666666666666,False,Senin
202409.0,2024-09-10,bus sekolah,37728.0,84.70833333333333,16.3,26.458333333333332,False,Selasa
202409.0,2024-09-11,bus sekolah,43469.0,79.54166666666667,0.9,26.879166666666666,False,Rabu
202409.0,2024-09-12,bus sekolah,45479.0,79.91666666666667,12.4,26.929166666666664,False,Kamis
202409.0,2024-09-13,bus sekolah,42191.0,79.79166666666667,0.6000000000000001,26.854166666666668,False,Jumat
202409.0,2024-09-14,bus sekolah,817.0,67.08333333333333,0.0,27.566666666666666,True,Sabtu
202409.0,2024-09-15,bus sekolah,1319.0,70.33333333333333,0.0,27.325,True,Minggu
202409.0,2024-09-16,bus sekolah,138.0,67.95833333333333,0.1,27.945833333333336,True,Senin
202409.0,2024-09-17,bus sekolah,41537.0,67.41666666666667,0.0,27.516666666666666,False,Selasa
202409.0,2024-09-18,bus sekolah,42678.0,65.66666666666667,0.0,27.233333333333334,False,Rabu
202409.0,2024-09-19,bus sekolah,42174.0,67.91666666666667,0.0,27.3125,False,Kamis
202409.0,2024-09-20,bus sekolah,40711.0,70.875,0.0,27.554166666666664,False,Jumat
202409.0,2024-09-21,bus sekolah,2268.0,75.375,0.0,27.866666666666664,True,Sabtu
202409.0,2024-09-22,bus sekolah,989.0,76.83333333333333,1.2000000000000002,28.333333333333332,True,Minggu
202409.0,2024-09-23,bus sekolah,43884.0,77.83333333333333,1.9,28.2,False,Senin
202409.0,2024-09-24,bus sekolah,33280.0,83.45833333333333,10.200000000000001,26.875,False,Selasa
202409.0,2024-09-25,bus sekolah,43181.0,79.25,5.1,27.34166666666667,False,Rabu
202409.0,2024-09-26,bus sekolah,42583.0,82.125,13.3,26.733333333333334,False,Kamis
202409.0,2024-09-27,bus sekolah,39538.0,81.95833333333333,2.1,27.554166666666664,False,Jumat
202409.0,2024-09-28,bus sekolah,1218.0,85.29166666666667,12.4,27.21666666666667,True,Sabtu
202409.0,2024-09-29,bus sekolah,1406.0,79.45833333333333,3.1,27.704166666666666,True,Minggu
202409.0,2024-09-30,bus sekolah,41694.0,78.04166666666667,0.30000000000000004,27.837500000000002,False,Senin
202407.0,2024-07-01,bus sekolah,278.0,84.66666666666667,5.3,26.787499999999998,False,Senin
202407.0,2024-07-02,bus sekolah,769.0,85.875,10.2,26.191666666666666,False,Selasa
202407.0,2024-07-03,bus sekolah,388.0,81.79166666666667,0.8,27.162499999999998,False,Rabu
202407.0,2024-07-04,bus sekolah,468.0,86.5,14.3,26.09166666666667,False,Kamis
202407.0,2024-07-05,bus sekolah,206.0,85.08333333333333,9.6,26.40416666666667,False,Jumat
202407.0,2024-07-06,bus sekolah,535.0,90.0,47.4,24.983333333333334,True,Sabtu
202407.0,2024-07-07,bus sekolah,356.0,85.45833333333333,4.2,25.8125,True,Minggu
202407.0,2024-07-08,bus sekolah,32243.0,84.95833333333333,18.7,26.441666666666666,False,Senin
202407.0,2024-07-09,bus sekolah,33160.0,86.0,11.0,26.041666666666668,False,Selasa
202407.0,2024-07-10,bus sekolah,33882.0,78.16666666666667,0.0,27.166666666666668,False,Rabu
202407.0,2024-07-11,bus sekolah,36626.0,79.66666666666667,0.5,26.8125,False,Kamis
202407.0,2024-07-12,bus sekolah,36615.0,73.79166666666667,0.0,26.900000000000002,False,Jumat
202407.0,2024-07-13,bus sekolah,892.0,73.875,0.0,25.741666666666664,True,Sabtu
202407.0,2024-07-14,bus sekolah,226.0,70.79166666666667,0.0,26.1375,True,Minggu
202407.0,2024-07-15,bus sekolah,39486.0,70.66666666666667,0.0,26.125,False,Senin
202407.0,2024-07-16,bus sekolah,41476.0,70.20833333333333,0.0,26.370833333333334,False,Selasa
202407.0,2024-07-17,bus sekolah,42473.0,77.125,1.2000000000000002,26.5,False,Rabu
202407.0,2024-07-18,bus sekolah,41865.0,77.75,0.1,27.175,False,Kamis
202407.0,2024-07-19,bus sekolah,41198.0,74.70833333333333,0.30000000000000004,27.270833333333332,False,Jumat
202407.0,2024-07-20,bus sekolah,1064.0,73.875,0.0,27.275000000000002,True,Sabtu
202407.0,2024-07-21,bus sekolah,431.0,71.66666666666667,0.0,27.55,True,Minggu
202407.0,2024-07-22,bus sekolah,43856.0,73.25,0.0,27.633333333333336,False,Senin
202407.0,2024-07-23,bus sekolah,43220.0,71.125,0.0,27.75,False,Selasa
202407.0,2024-07-24,bus sekolah,43930.0,73.125,0.4,27.333333333333332,False,Rabu
202407.0,2024-07-25,bus sekolah,43844.0,77.58333333333333,1.3,26.808333333333334,False,Kamis
202407.0,2024-07-26,bus sekolah,42458.0,77.91666666666667,0.6000000000000001,27.179166666666664,False,Jumat
202407.0,2024-07-27,bus sekolah,1694.0,72.91666666666667,0.0,27.6375,True,Sabtu
202407.0,2024-07-28,bus sekolah,1881.0,72.54166666666667,0.6,27.662499999999998,True,Minggu
202407.0,2024-07-29,bus sekolah,45270.0,71.875,0.1,27.745833333333334,False,Senin
202407.0,2024-07-30,bus sekolah,45409.0,69.75,0.0,27.72083333333333,False,Selasa
202407.0,2024-07-31,bus sekolah,45680.0,73.08333333333333,0.0,27.6375,False,Rabu
202411.0,2024-11-01,bus sekolah,40262.0,78.04166666666667,6.7,27.77916666666667,False,Jumat
202411.0,2024-11-02,bus sekolah,1411.0,82.625,9.3,27.358333333333334,True,Sabtu
202411.0,2024-11-03,bus sekolah,966.0,88.29166666666667,11.2,25.870833333333334,True,Minggu
202411.0,2024-11-04,bus sekolah,44348.0,84.45833333333333,12.8,26.662499999999998,False,Senin
202411.0,2024-11-05,bus sekolah,41641.0,86.45833333333333,12.3,26.27916666666667,False,Selasa
202411.0,2024-11-06,bus sekolah,42737.0,86.5,16.3,26.120833333333334,False,Rabu
202411.0,2024-11-07,bus sekolah,43578.0,84.29166666666667,10.200000000000001,26.608333333333334,False,Kamis
202411.0,2024-11-08,bus sekolah,40629.0,77.79166666666667,0.7000000000000001,27.945833333333336,False,Jumat
202411.0,2024-11-09,bus sekolah,1193.0,80.75,15.1,27.558333333333334,True,Sabtu
202411.0,2024-11-10,bus sekolah,1404.0,82.875,7.9,27.15833333333333,True,Minggu
202411.0,2024-11-11,bus sekolah,41728.0,86.29166666666667,19.900000000000002,26.47083333333333,False,Senin
202411.0,2024-11-12,bus sekolah,44010.0,87.04166666666667,13.000000000000002,26.383333333333336,False,Selasa
202411.0,2024-11-13,bus sekolah,42574.0,86.5,14.9,27.133333333333336,False,Rabu
202411.0,2024-11-14,bus sekolah,43132.0,81.54166666666667,5.1,27.958333333333332,False,Kamis
202411.0,2024-11-15,bus sekolah,40973.0,79.625,7.2,27.983333333333334,False,Jumat
202411.0,2024-11-16,bus sekolah,1130.0,84.16666666666667,12.1,27.266666666666666,True,Sabtu
202411.0,2024-11-17,bus sekolah,1212.0,85.375,12.3,27.0125,True,Minggu
202411.0,2024-11-18,bus sekolah,42420.0,85.45833333333333,13.4,26.712500000000002,False,Senin
202411.0,2024-11-19,bus sekolah,41840.0,81.66666666666667,7.1,27.666666666666668,False,Selasa
202411.0,2024-11-20,bus sekolah,41883.0,80.25,6.4,27.712500000000002,False,Rabu
202411.0,2024-11-21,bus sekolah,43653.0,82.66666666666667,6.1,27.433333333333334,False,Kamis
202411.0,2024-11-22,bus sekolah,40620.0,84.29166666666667,9.6,27.020833333333332,False,Jumat
202411.0,2024-11-23,bus sekolah,1676.0,82.75,9.0,27.683333333333334,True,Sabtu
202411.0,2024-11-24,bus sekolah,1127.0,83.375,2.3,27.5,True,Minggu
202411.0,2024-11-25,bus sekolah,40926.0,82.95833333333333,11.5,27.84166666666667,False,Senin
202411.0,2024-11-26,bus sekolah,42534.0,79.91666666666667,6.3,28.316666666666666,False,Selasa
202411.0,2024-11-27,bus sekolah,56.0,83.95833333333333,4.4,27.266666666666666,True,Rabu
202411.0,2024-11-28,bus sekolah,42516.0,80.625,0.4,27.5125,False,Kamis
202411.0,2024-11-29,bus sekolah,38998.0,75.5,0.30000000000000004,27.945833333333336,False,Jumat
202411.0,2024-11-30,bus sekolah,1341.0,70.375,2.4,29.025000000000002,True,Sabtu
202410.0,2024-10-01,bus sekolah,42905.0,75.875,1.1,28.27916666666667,False,Selasa
202410.0,2024-10-02,bus sekolah,42690.0,78.33333333333333,2.1,27.9875,False,Rabu
202410.0,2024-10-03,bus sekolah,42469.0,82.91666666666667,6.6000000000000005,27.333333333333332,False,Kamis
202410.0,2024-10-04,bus sekolah,37960.0,83.875,24.9,27.0,False,Jumat
202410.0,2024-10-05,bus sekolah,820.0,84.125,2.9,26.866666666666664,True,Sabtu
202410.0,2024-10-06,bus sekolah,778.0,82.58333333333333,11.6,27.120833333333334,True,Minggu
202410.0,2024-10-07,bus sekolah,42617.0,75.79166666666667,0.1,27.641666666666666,False,Senin
202410.0,2024-10-08,bus sekolah,41435.0,72.16666666666667,0.0,28.295833333333334,False,Selasa
202410.0,2024-10-09,bus sekolah,42342.0,75.33333333333333,1.3,28.208333333333332,False,Rabu
202410.0,2024-10-10,bus sekolah,42066.0,76.91666666666667,5.9,27.929166666666664,False,Kamis
202410.0,2024-10-11,bus sekolah,37972.0,77.25,1.5000000000000002,28.329166666666666,False,Jumat
202410.0,2024-10-12,bus sekolah,2194.0,83.91666666666667,11.200000000000001,27.479166666666668,True,Sabtu
202410.0,2024-10-13,bus sekolah,975.0,84.5,15.0,26.96666666666667,True,Minggu
202410.0,2024-10-14,bus sekolah,41350.0,81.33333333333333,6.0,27.45,False,Senin
202410.0,2024-10-15,bus sekolah,40401.0,75.0,1.5,28.208333333333332,False,Selasa
202410.0,2024-10-16,bus sekolah,39481.0,72.95833333333333,0.1,28.695833333333336,False,Rabu
202410.0,2024-10-17,bus sekolah,37589.0,58.666666666666664,0.0,28.5625,False,Kamis
202410.0,2024-10-18,bus sekolah,35830.0,64.33333333333333,0.0,28.1875,False,Jumat
202410.0,2024-10-19,bus sekolah,1901.0,68.45833333333333,0.6,28.579166666666666,True,Sabtu
202410.0,2024-10-20,bus sekolah,1509.0,59.666666666666664,0.0,28.77916666666667,True,Minggu
202410.0,2024-10-21,bus sekolah,36977.0,67.25,0.30000000000000004,28.645833333333332,False,Senin
202410.0,2024-10-22,bus sekolah,40742.0,65.29166666666667,0.0,29.320833333333336,False,Selasa
202410.0,2024-10-23,bus sekolah,43857.0,69.16666666666667,2.5,29.1375,False,Rabu
202410.0,2024-10-24,bus sekolah,44459.0,77.875,9.0,28.016666666666666,False,Kamis
202410.0,2024-10-25,bus sekolah,39870.0,76.125,0.8999999999999999,28.041666666666668,False,Jumat
202410.0,2024-10-26,bus sekolah,848.0,64.66666666666667,0.0,28.995833333333334,True,Sabtu
202410.0,2024-10-27,bus sekolah,1925.0,66.375,0.4,29.34166666666667,True,Minggu
202410.0,2024-10-28,bus sekolah,43345.0,65.79166666666667,0.0,29.695833333333336,False,Senin
202410.0,2024-10-29,bus sekolah,43146.0,68.875,0.6,29.625,False,Selasa
202410.0,2024-10-30,bus sekolah,43769.0,69.125,2.6,29.28333333333333,False,Rabu
202410.0,2024-10-31,bus sekolah,42106.0,72.66666666666667,3.3999999999999995,28.758333333333336,False,Kamis
202412.0,2024-12-01,bus sekolah,1297.0,73.125,11.2,28.78333333333333,True,Minggu
202412.0,2024-12-02,bus sekolah,42093.0,76.83333333333333,7.1,27.59166666666667,False,Senin
202412.0,2024-12-03,bus sekolah,41948.0,84.83333333333333,18.2,25.895833333333332,False,Selasa
202412.0,2024-12-04,bus sekolah,39419.0,87.08333333333333,14.7,25.52916666666667,False,Rabu
202412.0,2024-12-05,bus sekolah,39498.0,87.25,20.4,26.041666666666668,False,Kamis
202412.0,2024-12-06,bus sekolah,39073.0,89.66666666666667,11.7,25.77916666666667,False,Jumat
202412.0,2024-12-07,bus sekolah,1039.0,86.20833333333333,16.1,26.958333333333332,True,Sabtu
202412.0,2024-12-08,bus sekolah,4250.0,86.95833333333333,16.8,26.78333333333333,True,Minggu
202412.0,2024-12-09,bus sekolah,39492.0,87.16666666666667,24.5,26.704166666666666,False,Senin
202412.0,2024-12-10,bus sekolah,38542.0,84.95833333333333,5.800000000000001,26.704166666666666,False,Selasa
202412.0,2024-12-11,bus sekolah,38140.0,81.70833333333333,13.399999999999999,27.162499999999998,False,Rabu
202412.0,2024-12-12,bus sekolah,38456.0,75.29166666666667,2.4000000000000004,27.870833333333334,False,Kamis
202412.0,2024-12-13,bus sekolah,35729.0,76.04166666666667,3.7,27.837500000000002,False,Jumat
202412.0,2024-12-14,bus sekolah,1083.0,81.91666666666667,6.2,26.900000000000002,True,Sabtu
202412.0,2024-12-15,bus sekolah,1399.0,88.45833333333333,27.2,25.825,True,Minggu
202412.0,2024-12-16,bus sekolah,35501.0,87.33333333333333,15.5,26.224999999999998,False,Senin
202412.0,2024-12-17,bus sekolah,33169.0,82.625,12.1,26.820833333333336,False,Selasa
202412.0,2024-12-18,bus sekolah,28438.0,79.95833333333333,5.1,27.3875,False,Rabu
202412.0,2024-12-19,bus sekolah,22461.0,86.16666666666667,17.9,26.370833333333334,False,Kamis
202412.0,2024-12-20,bus sekolah,3211.0,86.41666666666667,7.800000000000001,26.337500000000002,False,Jumat
202412.0,2024-12-21,bus sekolah,903.0,85.16666666666667,16.5,26.504166666666666,True,Sabtu
202412.0,2024-12-22,bus sekolah,0.0,85.5,5.1000000000000005,26.900000000000002,True,Minggu
202412.0,2024-12-23,bus sekolah,0.0,88.33333333333333,17.599999999999998,26.233333333333334,False,Senin
202412.0,2024-12-24,bus sekolah,0.0,88.16666666666667,16.1,25.75,False,Selasa
202412.0,2024-12-25,bus sekolah,0.0,85.83333333333333,10.3,26.383333333333336,True,Rabu
202412.0,2024-12-26,bus sekolah,0.0,82.79166666666667,5.4,27.09583333333333,False,Kamis
202412.0,2024-12-27,bus sekolah,0.0,77.91666666666667,0.7000000000000001,28.037499999999998,False,Jumat
202412.0,2024-12-28,bus sekolah,0.0,68.83333333333333,0.1,28.558333333333334,True,Sabtu
202412.0,2024-12-29,bus sekolah,0.0,78.75,0.6000000000000001,27.59583333333333,True,Minggu
202412.0,2024-12-30,bus sekolah,0.0,79.25,3.7,26.71666666666667,False,Senin
202412.0,2024-12-31,bus sekolah,0.0,77.20833333333333,1.7,27.433333333333334,False,Selasa
202301.0,2023-01-01,kapal,13.0,89.66666666666667,21.799999999999997,24.383333333333336,True,Minggu
202301.0,2023-01-02,kapal,67.0,85.66666666666667,11.8,24.933333333333334,False,Senin
202301.0,2023-01-03,kapal,62.0,90.0,14.0,24.170833333333334,False,Selasa
202301.0,2023-01-04,kapal,46.0,85.91666666666667,7.2,25.175,False,Rabu
202301.0,2023-01-05,kapal,64.0,80.79166666666667,0.8,26.254166666666666,False,Kamis
202301.0,2023-01-06,kapal,66.0,74.95833333333333,0.1,27.075,False,Jumat
202301.0,2023-01-07,kapal,73.0,76.95833333333333,0.9,26.933333333333334,True,Sabtu
202301.0,2023-01-08,kapal,62.0,79.33333333333333,3.2,26.6875,True,Minggu
202301.0,2023-01-09,kapal,62.0,79.58333333333333,3.2,26.858333333333334,False,Senin
202301.0,2023-01-10,kapal,0.0,81.29166666666667,0.9,26.933333333333334,False,Selasa
202301.0,2023-01-11,kapal,52.0,79.41666666666667,3.8,27.15416666666667,False,Rabu
202301.0,2023-01-12,kapal,58.0,79.54166666666667,0.4,27.304166666666664,False,Kamis
202301.0,2023-01-13,kapal,111.0,82.91666666666667,3.8,26.320833333333336,False,Jumat
202301.0,2023-01-14,kapal,51.0,77.16666666666667,0.9,27.46666666666667,True,Sabtu
202301.0,2023-01-15,kapal,85.0,73.25,1.2,27.583333333333332,True,Minggu
202301.0,2023-01-16,kapal,60.0,77.5,1.5,27.045833333333334,False,Senin
202301.0,2023-01-17,kapal,74.0,84.04166666666667,4.8999999999999995,25.704166666666666,False,Selasa
202301.0,2023-01-18,kapal,0.0,88.375,9.6,25.15833333333333,False,Rabu
202301.0,2023-01-19,kapal,0.0,87.875,5.7,25.116666666666664,False,Kamis
202301.0,2023-01-20,kapal,0.0,84.58333333333333,2.3000000000000003,25.712500000000002,False,Jumat
202301.0,2023-01-21,kapal,57.0,81.83333333333333,4.3999999999999995,26.25,True,Sabtu
202301.0,2023-01-22,kapal,95.0,79.16666666666667,0.5,26.78333333333333,True,Minggu
202301.0,2023-01-23,kapal,72.0,82.375,3.8,25.920833333333334,False,Senin
202301.0,2023-01-24,kapal,92.0,81.29166666666667,2.0,26.116666666666664,False,Selasa
202301.0,2023-01-25,kapal,32.0,86.375,12.399999999999999,24.995833333333334,False,Rabu
202301.0,2023-01-26,kapal,51.0,80.5,2.3,26.245833333333334,False,Kamis
202301.0,2023-01-27,kapal,77.0,86.54166666666667,9.6,25.554166666666664,False,Jumat
202301.0,2023-01-28,kapal,64.0,91.16666666666667,23.2,24.666666666666668,True,Sabtu
202301.0,2023-01-29,kapal,93.0,86.41666666666667,24.8,25.291666666666668,True,Minggu
202301.0,2023-01-30,kapal,66.0,85.125,5.2,25.733333333333334,False,Senin
202301.0,2023-01-31,kapal,186.0,86.08333333333333,3.3,26.27916666666667,False,Selasa
202302.0,2023-02-01,kapal,27.0,88.79166666666667,3.5,25.479166666666668,False,Rabu
202302.0,2023-02-02,kapal,45.0,90.0,11.5,25.383333333333336,False,Kamis
202302.0,2023-02-03,kapal,52.0,81.29166666666667,0.8,26.041666666666668,False,Jumat
202302.0,2023-02-04,kapal,63.0,83.5,1.7,25.974999999999998,True,Sabtu
202302.0,2023-02-05,kapal,63.0,79.83333333333333,8.6,26.495833333333334,True,Minggu
202302.0,2023-02-06,kapal,53.0,74.16666666666667,0.1,27.400000000000002,False,Senin
202302.0,2023-02-07,kapal,48.0,85.45833333333333,4.8,26.016666666666666,False,Selasa
202302.0,2023-02-08,kapal,46.0,79.125,0.8,26.729166666666668,False,Rabu
202302.0,2023-02-09,kapal,48.0,78.0,1.7,26.5125,False,Kamis
202302.0,2023-02-10,kapal,57.0,81.66666666666667,25.4,26.09583333333333,False,Jumat
202303.0,2023-03-01,kapal,1072.0,88.16666666666667,23.3,24.925,False,Rabu
202303.0,2023-03-02,kapal,1007.0,93.375,25.5,23.695833333333336,False,Kamis
202303.0,2023-03-03,kapal,1853.0,85.45833333333333,16.4,25.6875,False,Jumat
202303.0,2023-03-04,kapal,4636.0,87.95833333333333,12.2,24.8,True,Sabtu
202303.0,2023-03-05,kapal,4643.0,82.08333333333333,1.0,26.025000000000002,True,Minggu
202303.0,2023-03-06,kapal,1506.0,80.41666666666667,1.4,26.59583333333333,False,Senin
202303.0,2023-03-07,kapal,1305.0,82.16666666666667,5.300000000000001,26.141666666666666,False,Selasa
202303.0,2023-03-08,kapal,1010.0,87.70833333333333,4.6,25.333333333333332,False,Rabu
202303.0,2023-03-09,kapal,1800.0,86.58333333333333,6.699999999999999,25.454166666666666,False,Kamis
202303.0,2023-03-10,kapal,1506.0,87.45833333333333,3.8000000000000003,25.679166666666664,False,Jumat
202303.0,2023-03-11,kapal,4859.0,86.33333333333333,5.3,25.9875,True,Sabtu
202303.0,2023-03-12,kapal,4345.0,86.83333333333333,2.6,25.895833333333332,True,Minggu
202302.0,2023-02-11,kapal,68.0,89.54166666666667,14.200000000000001,25.03333333333333,True,Sabtu
202302.0,2023-02-12,kapal,61.0,90.95833333333333,39.4,24.3625,True,Minggu
202302.0,2023-02-13,kapal,49.0,83.33333333333333,7.3,26.166666666666668,False,Senin
202302.0,2023-02-14,kapal,48.0,88.25,10.2,25.079166666666666,False,Selasa
202302.0,2023-02-15,kapal,49.0,86.20833333333333,17.6,25.3,False,Rabu
202302.0,2023-02-16,kapal,50.0,88.75,16.5,25.079166666666666,False,Kamis
202302.0,2023-02-17,kapal,47.0,89.70833333333333,11.2,24.78333333333333,False,Jumat
202302.0,2023-02-18,kapal,71.0,86.54166666666667,0.8,25.599999999999998,True,Sabtu
202302.0,2023-02-19,kapal,66.0,87.45833333333333,15.7,25.45,True,Minggu
202302.0,2023-02-20,kapal,47.0,83.16666666666667,5.2,25.84166666666667,False,Senin
202302.0,2023-02-21,kapal,41.0,87.20833333333333,11.2,25.287499999999998,False,Selasa
202302.0,2023-02-22,kapal,50.0,89.54166666666667,23.5,24.8125,False,Rabu
202302.0,2023-02-23,kapal,45.0,89.125,20.3,25.099999999999998,False,Kamis
202302.0,2023-02-24,kapal,33.0,90.16666666666667,29.5,24.787499999999998,False,Jumat
202302.0,2023-02-25,kapal,56.0,88.625,14.8,25.125,True,Sabtu
202302.0,2023-02-26,kapal,53.0,87.45833333333333,23.4,25.21666666666667,True,Minggu
202302.0,2023-02-27,kapal,20.0,90.41666666666667,8.8,24.474999999999998,False,Senin
202302.0,2023-02-28,kapal,40.0,89.5,12.200000000000001,24.65416666666667,False,Selasa
202303.0,2023-03-13,kapal,1637.0,83.625,3.7,26.079166666666666,False,Senin
202303.0,2023-03-14,kapal,1114.0,90.70833333333333,23.0,24.254166666666666,False,Selasa
202303.0,2023-03-15,kapal,1403.0,88.45833333333333,13.6,24.712500000000002,False,Rabu
202303.0,2023-03-16,kapal,2348.0,82.41666666666667,2.6999999999999997,26.2625,False,Kamis
202303.0,2023-03-17,kapal,2670.0,85.45833333333333,11.799999999999999,26.195833333333336,False,Jumat
202303.0,2023-03-18,kapal,4007.0,84.58333333333333,3.9000000000000004,26.520833333333332,True,Sabtu
202303.0,2023-03-19,kapal,4242.0,84.16666666666667,5.3,26.333333333333332,True,Minggu
202303.0,2023-03-20,kapal,2295.0,83.54166666666667,8.1,26.3875,False,Senin
202303.0,2023-03-21,kapal,2044.0,82.5,3.1,26.445833333333336,False,Selasa
202303.0,2023-03-22,kapal,2622.0,82.20833333333333,2.4,27.25,True,Rabu
202303.0,2023-03-23,kapal,1156.0,79.20833333333333,0.5,27.629166666666666,False,Kamis
202303.0,2023-03-24,kapal,786.0,81.45833333333333,0.9,27.179166666666664,False,Jumat
202303.0,2023-03-25,kapal,1027.0,86.75,11.9,26.329166666666666,True,Sabtu
202303.0,2023-03-26,kapal,1505.0,88.29166666666667,7.8,26.233333333333334,True,Minggu
202303.0,2023-03-27,kapal,814.0,86.04166666666667,6.3,26.454166666666666,False,Senin
202303.0,2023-03-28,kapal,629.0,88.20833333333333,8.700000000000001,26.141666666666666,False,Selasa
202303.0,2023-03-29,kapal,495.0,88.58333333333333,24.0,25.775000000000002,False,Rabu
202303.0,2023-03-30,kapal,556.0,89.54166666666667,19.9,25.695833333333336,False,Kamis
202303.0,2023-03-31,kapal,685.0,82.125,1.7999999999999998,26.270833333333332,False,Jumat
202309.0,2023-09-01,kapal,1816.0,71.04166666666667,0.0,27.49166666666667,False,Jumat
202309.0,2023-09-02,kapal,8368.0,73.5,3.0,27.416666666666668,True,Sabtu
202309.0,2023-09-03,kapal,7591.0,69.58333333333333,0.1,27.641666666666666,True,Minggu
202309.0,2023-09-04,kapal,1741.0,58.916666666666664,0.0,27.195833333333336,False,Senin
202309.0,2023-09-05,kapal,1625.0,63.5,0.0,26.979166666666668,False,Selasa
202309.0,2023-09-06,kapal,1813.0,63.291666666666664,0.2,27.849999999999998,False,Rabu
202309.0,2023-09-07,kapal,1549.0,67.33333333333333,0.0,28.166666666666668,False,Kamis
202309.0,2023-09-08,kapal,1380.0,72.54166666666667,3.9,27.941666666666666,False,Jumat
202309.0,2023-09-09,kapal,7345.0,76.70833333333333,1.2000000000000002,27.333333333333332,True,Sabtu
202309.0,2023-09-10,kapal,7038.0,73.95833333333333,1.5,27.474999999999998,True,Minggu
202309.0,2023-09-11,kapal,1796.0,68.95833333333333,0.2,28.129166666666666,False,Senin
202309.0,2023-09-12,kapal,1719.0,64.08333333333333,0.0,28.575,False,Selasa
202309.0,2023-09-13,kapal,1558.0,66.875,0.0,28.474999999999998,False,Rabu
202309.0,2023-09-14,kapal,1624.0,63.666666666666664,1.2,28.183333333333334,False,Kamis
202309.0,2023-09-15,kapal,1768.0,66.875,0.0,28.025000000000002,False,Jumat
202309.0,2023-09-16,kapal,6824.0,66.0,0.1,28.233333333333334,True,Sabtu
202309.0,2023-09-17,kapal,6451.0,67.58333333333333,0.5,28.462500000000002,True,Minggu
202309.0,2023-09-18,kapal,1844.0,67.45833333333333,3.6999999999999997,28.520833333333332,False,Senin
202309.0,2023-09-19,kapal,1553.0,78.25,5.9,27.55,False,Selasa
202309.0,2023-09-20,kapal,1269.0,74.0,0.6,27.9375,False,Rabu
202309.0,2023-09-21,kapal,1673.0,76.58333333333333,1.4,27.541666666666668,False,Kamis
202309.0,2023-09-22,kapal,1978.0,67.54166666666667,0.0,28.1125,False,Jumat
202309.0,2023-09-23,kapal,5194.0,68.625,0.6000000000000001,27.337500000000002,True,Sabtu
202309.0,2023-09-24,kapal,5649.0,68.54166666666667,0.7,27.820833333333336,True,Minggu
202309.0,2023-09-25,kapal,1566.0,66.625,0.4,28.170833333333334,False,Senin
202309.0,2023-09-26,kapal,1190.0,60.25,0.0,28.65416666666667,False,Selasa
202309.0,2023-09-27,kapal,1727.0,57.0,0.0,28.616666666666664,False,Rabu
202309.0,2023-09-28,kapal,4863.0,52.416666666666664,0.0,29.291666666666668,True,Kamis
202309.0,2023-09-29,kapal,2980.0,63.541666666666664,0.2,28.84583333333333,False,Jumat
202309.0,2023-09-30,kapal,8390.0,70.0,2.3,27.854166666666668,True,Sabtu
202308.0,2023-08-01,kapal,1382.0,67.125,0.0,27.7,False,Selasa
202308.0,2023-08-02,kapal,1294.0,78.41666666666667,10.4,27.0625,False,Rabu
202308.0,2023-08-03,kapal,1689.0,79.95833333333333,2.4,27.308333333333334,False,Kamis
202308.0,2023-08-04,kapal,2036.0,76.66666666666667,0.1,27.979166666666668,False,Jumat
202308.0,2023-08-05,kapal,8185.0,73.04166666666667,0.0,27.729166666666668,True,Sabtu
202308.0,2023-08-06,kapal,7391.0,71.83333333333333,0.4,27.320833333333336,True,Minggu
202308.0,2023-08-07,kapal,2316.0,75.95833333333333,1.0,27.21666666666667,False,Senin
202308.0,2023-08-08,kapal,1602.0,76.75,2.2,27.429166666666664,False,Selasa
202308.0,2023-08-09,kapal,1571.0,76.0,0.1,27.504166666666666,False,Rabu
202308.0,2023-08-10,kapal,1581.0,75.75,2.6,26.983333333333334,False,Kamis
202308.0,2023-08-11,kapal,1786.0,76.75,1.0,26.808333333333334,False,Jumat
202308.0,2023-08-12,kapal,6722.0,69.95833333333333,0.2,27.337500000000002,True,Sabtu
202308.0,2023-08-13,kapal,7082.0,69.91666666666667,1.0,26.9875,True,Minggu
202308.0,2023-08-14,kapal,1535.0,72.625,0.2,27.354166666666668,False,Senin
202308.0,2023-08-15,kapal,1252.0,71.25,0.6000000000000001,27.479166666666668,False,Selasa
202308.0,2023-08-16,kapal,1523.0,69.875,0.1,27.84166666666667,False,Rabu
202308.0,2023-08-17,kapal,3895.0,64.91666666666667,0.0,27.96666666666667,True,Kamis
202308.0,2023-08-18,kapal,2290.0,64.95833333333333,0.4,27.920833333333334,False,Jumat
202308.0,2023-08-19,kapal,6094.0,67.375,0.0,28.150000000000002,True,Sabtu
202308.0,2023-08-20,kapal,5379.0,67.70833333333333,0.2,28.633333333333336,True,Minggu
202308.0,2023-08-21,kapal,2007.0,67.625,0.0,28.004166666666666,False,Senin
202308.0,2023-08-22,kapal,1652.0,66.66666666666667,0.1,27.787499999999998,False,Selasa
202308.0,2023-08-23,kapal,1482.0,65.41666666666667,0.6,28.070833333333336,False,Rabu
202308.0,2023-08-24,kapal,1509.0,69.375,0.6,28.129166666666666,False,Kamis
202308.0,2023-08-25,kapal,1677.0,73.625,1.0,28.045833333333334,False,Jumat
202308.0,2023-08-26,kapal,7020.0,74.66666666666667,2.1,27.983333333333334,True,Sabtu
202308.0,2023-08-27,kapal,6541.0,78.83333333333333,1.9,26.912499999999998,True,Minggu
202308.0,2023-08-28,kapal,1743.0,79.66666666666667,4.300000000000001,26.308333333333334,False,Senin
202308.0,2023-08-29,kapal,1767.0,72.29166666666667,0.0,27.47083333333333,False,Selasa
202308.0,2023-08-30,kapal,1295.0,70.875,0.0,27.47083333333333,False,Rabu
202308.0,2023-08-31,kapal,1145.0,68.875,0.0,27.599999999999998,False,Kamis
202311.0,2023-11-05,kapal,6011.0,84.20833333333333,2.8,26.733333333333334,True,Minggu
202311.0,2023-11-06,kapal,1835.0,77.0,1.2,28.183333333333334,False,Senin
202311.0,2023-11-07,kapal,1508.0,74.33333333333333,0.5,28.575,False,Selasa
202311.0,2023-11-08,kapal,1642.0,76.79166666666667,0.9,28.358333333333334,False,Rabu
202311.0,2023-11-09,kapal,1711.0,79.29166666666667,8.7,28.1375,False,Kamis
202311.0,2023-11-10,kapal,2097.0,79.54166666666667,6.6,28.166666666666668,False,Jumat
202311.0,2023-11-11,kapal,5909.0,81.0,7.8999999999999995,27.379166666666666,True,Sabtu
202311.0,2023-11-12,kapal,6060.0,77.91666666666667,2.1,27.837500000000002,True,Minggu
202311.0,2023-11-21,kapal,1290.0,82.125,5.3,27.599999999999998,False,Selasa
202311.0,2023-11-13,kapal,1661.0,78.45833333333333,4.3,28.05,False,Senin
202311.0,2023-11-14,kapal,1129.0,83.75,26.3,27.041666666666668,False,Selasa
202311.0,2023-11-15,kapal,1051.0,82.0,3.0999999999999996,27.833333333333332,False,Rabu
202311.0,2023-11-16,kapal,1328.0,79.70833333333333,6.9,28.0,False,Kamis
202311.0,2023-11-17,kapal,2117.0,84.0,3.0,27.575,False,Jumat
202311.0,2023-11-18,kapal,6027.0,80.91666666666667,3.7,27.808333333333334,True,Sabtu
202311.0,2023-11-19,kapal,5501.0,79.70833333333333,36.5,28.320833333333336,True,Minggu
202311.0,2023-11-20,kapal,1211.0,80.20833333333333,12.8,27.8875,False,Senin
202310.0,2023-10-01,kapal,7462.0,72.54166666666667,0.0,28.287499999999998,True,Minggu
202310.0,2023-10-02,kapal,1578.0,65.16666666666667,0.7,28.545833333333334,False,Senin
202310.0,2023-10-03,kapal,1543.0,63.375,0.4,28.6125,False,Selasa
202310.0,2023-10-04,kapal,1167.0,70.79166666666667,0.7,28.28333333333333,False,Rabu
202310.0,2023-10-05,kapal,1794.0,73.29166666666667,0.1,28.6125,False,Kamis
202310.0,2023-10-06,kapal,1809.0,74.79166666666667,2.9000000000000004,28.329166666666666,False,Jumat
202310.0,2023-10-07,kapal,6943.0,72.54166666666667,1.0,28.75,True,Sabtu
202310.0,2023-10-08,kapal,7012.0,69.54166666666667,0.6,28.958333333333332,True,Minggu
202310.0,2023-10-09,kapal,1971.0,72.70833333333333,3.4000000000000004,28.537499999999998,False,Senin
202310.0,2023-10-10,kapal,1521.0,72.375,2.5,28.766666666666666,False,Selasa
202310.0,2023-10-11,kapal,1633.0,75.0,5.1,28.541666666666668,False,Rabu
202310.0,2023-10-12,kapal,1658.0,72.125,1.1,28.662499999999998,False,Kamis
202310.0,2023-10-13,kapal,2401.0,74.58333333333333,4.8,28.34166666666667,False,Jumat
202310.0,2023-10-14,kapal,7704.0,71.41666666666667,1.2,28.775000000000002,True,Sabtu
202310.0,2023-10-15,kapal,6482.0,67.91666666666667,5.4,28.795833333333334,True,Minggu
202310.0,2023-10-16,kapal,1788.0,67.20833333333333,0.1,29.108333333333334,False,Senin
202310.0,2023-10-17,kapal,1481.0,62.291666666666664,0.8,29.645833333333332,False,Selasa
202310.0,2023-10-18,kapal,135.0,59.333333333333336,0.0,29.46666666666667,False,Rabu
202310.0,2023-10-19,kapal,1591.0,62.375,0.0,29.379166666666666,False,Kamis
202310.0,2023-10-20,kapal,1816.0,72.41666666666667,4.2,28.420833333333334,False,Jumat
202310.0,2023-10-21,kapal,5995.0,71.79166666666667,0.9,28.941666666666666,True,Sabtu
202310.0,2023-10-22,kapal,5765.0,74.04166666666667,1.8,28.84583333333333,True,Minggu
202310.0,2023-10-23,kapal,2468.0,70.0,1.4,28.900000000000002,False,Senin
202310.0,2023-10-24,kapal,1064.0,75.58333333333333,9.5,27.650000000000002,False,Selasa
202310.0,2023-10-25,kapal,1036.0,80.33333333333333,4.1,26.97083333333333,False,Rabu
202310.0,2023-10-26,kapal,1619.0,75.625,1.8,28.5,False,Kamis
202310.0,2023-10-27,kapal,1991.0,72.54166666666667,0.4,28.849999999999998,False,Jumat
202310.0,2023-10-28,kapal,686.0,66.25,0.0,29.145833333333332,True,Sabtu
202310.0,2023-10-29,kapal,6237.0,64.5,0.0,29.037499999999998,True,Minggu
202310.0,2023-10-30,kapal,1634.0,66.33333333333333,0.0,29.083333333333332,False,Senin
202310.0,2023-10-31,kapal,1281.0,72.04166666666667,2.2,28.791666666666668,False,Selasa
202311.0,2023-11-01,kapal,1318.0,80.16666666666667,8.7,27.90833333333333,False,Rabu
202311.0,2023-11-02,kapal,1877.0,79.625,2.8000000000000003,28.1375,False,Kamis
202311.0,2023-11-03,kapal,2050.0,79.33333333333333,15.5,28.058333333333334,False,Jumat
202311.0,2023-11-04,kapal,6994.0,81.83333333333333,6.4,27.150000000000002,True,Sabtu
202311.0,2023-11-22,kapal,1209.0,82.0,8.2,27.52916666666667,False,Rabu
202311.0,2023-11-23,kapal,1475.0,80.33333333333333,4.699999999999999,27.791666666666668,False,Kamis
202311.0,2023-11-24,kapal,2237.0,87.20833333333333,22.2,26.6875,False,Jumat
202311.0,2023-11-25,kapal,4878.0,90.79166666666667,10.299999999999999,25.479166666666668,True,Sabtu
202311.0,2023-11-26,kapal,4962.0,82.95833333333333,5.1,26.991666666666664,True,Minggu
202311.0,2023-11-27,kapal,1760.0,88.95833333333333,15.899999999999999,25.483333333333334,False,Senin
202311.0,2023-11-28,kapal,1024.0,87.125,7.7,26.441666666666666,False,Selasa
202311.0,2023-11-29,kapal,1184.0,85.58333333333333,15.1,26.900000000000002,False,Rabu
202311.0,2023-11-30,kapal,1122.0,87.375,21.7,26.52916666666667,False,Kamis
202312.0,2023-12-01,kapal,84.0,90.91666666666667,11.3,25.541666666666668,False,Jumat
202312.0,2023-12-02,kapal,126.0,84.83333333333333,13.100000000000001,27.116666666666664,True,Sabtu
202312.0,2023-12-03,kapal,119.0,87.08333333333333,17.2,26.275000000000002,True,Minggu
202312.0,2023-12-04,kapal,90.0,89.20833333333333,14.5,26.041666666666668,False,Senin
202312.0,2023-12-05,kapal,89.0,85.20833333333333,3.1,27.162499999999998,False,Selasa
202312.0,2023-12-06,kapal,84.0,83.75,3.9,27.162499999999998,False,Rabu
202312.0,2023-12-07,kapal,87.0,85.04166666666667,8.5,27.133333333333336,False,Kamis
202312.0,2023-12-08,kapal,90.0,84.16666666666667,6.4,27.099999999999998,False,Jumat
202312.0,2023-12-09,kapal,121.0,86.0,6.3999999999999995,26.954166666666666,True,Sabtu
202312.0,2023-12-10,kapal,116.0,84.625,1.1,27.133333333333336,True,Minggu
202312.0,2023-12-11,kapal,92.0,79.45833333333333,0.6000000000000001,27.916666666666668,False,Senin
202312.0,2023-12-12,kapal,88.0,81.45833333333333,3.3,27.579166666666666,False,Selasa
202312.0,2023-12-13,kapal,87.0,73.04166666666667,0.2,27.920833333333334,False,Rabu
202312.0,2023-12-14,kapal,84.0,71.04166666666667,0.30000000000000004,28.620833333333334,False,Kamis
202312.0,2023-12-15,kapal,109.0,72.45833333333333,0.0,28.40833333333333,False,Jumat
202312.0,2023-12-16,kapal,120.0,70.83333333333333,0.1,28.425,True,Sabtu
202312.0,2023-12-17,kapal,120.0,70.79166666666667,0.0,28.6375,True,Minggu
202312.0,2023-12-18,kapal,92.0,70.0,0.0,29.025000000000002,False,Senin
202312.0,2023-12-19,kapal,95.0,66.625,0.0,29.15416666666667,False,Selasa
202312.0,2023-12-20,kapal,95.0,63.291666666666664,0.0,28.704166666666666,False,Rabu
202312.0,2023-12-21,kapal,101.0,62.791666666666664,0.0,28.233333333333334,False,Kamis
202312.0,2023-12-22,kapal,115.0,67.41666666666667,0.0,28.462500000000002,False,Jumat
202312.0,2023-12-23,kapal,151.0,70.875,1.4000000000000001,29.054166666666664,True,Sabtu
202312.0,2023-12-24,kapal,171.0,78.83333333333333,8.1,28.09583333333333,True,Minggu
202312.0,2023-12-25,kapal,178.0,84.95833333333333,13.6,26.8625,True,Senin
202312.0,2023-12-26,kapal,150.0,86.625,8.3,26.241666666666664,False,Selasa
202312.0,2023-12-27,kapal,137.0,85.70833333333333,11.1,26.958333333333332,False,Rabu
202312.0,2023-12-28,kapal,122.0,84.20833333333333,16.3,27.425,False,Kamis
202312.0,2023-12-29,kapal,125.0,86.95833333333333,7.9,27.454166666666666,False,Jumat
202312.0,2023-12-30,kapal,174.0,86.66666666666667,18.1,26.9875,True,Sabtu
202312.0,2023-12-31,kapal,187.0,87.91666666666667,19.400000000000002,26.75,True,Minggu
202402.0,2024-02-25,kapal,4535.0,88.625,21.6,26.320833333333336,True,Minggu
202402.0,2024-02-26,kapal,1830.0,84.875,6.8,27.120833333333334,False,Senin
202402.0,2024-02-27,kapal,1673.0,84.08333333333333,3.5,27.21666666666667,False,Selasa
202402.0,2024-02-28,kapal,1479.0,88.66666666666667,34.1,25.691666666666666,False,Rabu
202402.0,2024-02-29,kapal,1477.0,88.79166666666667,7.3,26.241666666666664,False,Kamis
202401.0,2024-01-01,kapal,14321.0,87.125,8.200000000000001,26.7375,True,Senin
202401.0,2024-01-02,kapal,4932.0,83.66666666666667,2.5,27.391666666666666,False,Selasa
202401.0,2024-01-03,kapal,3118.0,91.58333333333333,31.2,25.566666666666666,False,Rabu
202401.0,2024-01-04,kapal,2696.0,92.33333333333333,81.7,25.145833333333332,False,Kamis
202401.0,2024-01-05,kapal,2326.0,84.04166666666667,19.7,26.570833333333336,False,Jumat
202401.0,2024-01-06,kapal,6791.0,86.04166666666667,7.1000000000000005,26.616666666666664,True,Sabtu
202402.0,2024-02-01,kapal,1233.0,87.04166666666667,16.2,26.59166666666667,False,Kamis
202402.0,2024-02-02,kapal,1272.0,85.41666666666667,10.6,26.954166666666666,False,Jumat
202402.0,2024-02-03,kapal,5898.0,88.75,15.6,25.945833333333336,True,Sabtu
202402.0,2024-02-04,kapal,5522.0,84.95833333333333,5.1000000000000005,26.679166666666664,True,Minggu
202402.0,2024-02-05,kapal,1618.0,87.75,5.8999999999999995,26.2375,False,Senin
202402.0,2024-02-06,kapal,1620.0,89.08333333333333,7.2,25.7375,False,Selasa
202402.0,2024-02-07,kapal,1776.0,85.125,6.1,26.366666666666664,False,Rabu
202402.0,2024-02-08,kapal,7519.0,82.16666666666667,3.9,26.96666666666667,True,Kamis
202402.0,2024-02-09,kapal,7042.0,83.70833333333333,3.5,27.266666666666666,False,Jumat
202401.0,2024-01-07,kapal,5661.0,89.625,14.1,25.795833333333334,True,Minggu
202401.0,2024-01-08,kapal,1484.0,88.91666666666667,7.0,26.25,False,Senin
202401.0,2024-01-09,kapal,1530.0,83.58333333333333,1.1,27.129166666666666,False,Selasa
202401.0,2024-01-10,kapal,1610.0,86.54166666666667,12.0,26.754166666666666,False,Rabu
202401.0,2024-01-11,kapal,1498.0,86.20833333333333,8.4,26.741666666666664,False,Kamis
202401.0,2024-01-12,kapal,1430.0,81.33333333333333,1.3,27.4375,False,Jumat
202401.0,2024-01-13,kapal,4388.0,81.16666666666667,1.4000000000000001,27.416666666666668,True,Sabtu
202401.0,2024-01-14,kapal,4196.0,85.25,17.2,26.745833333333334,True,Minggu
202401.0,2024-01-15,kapal,1650.0,83.29166666666667,1.2,27.3875,False,Senin
202401.0,2024-01-16,kapal,2001.0,79.75,0.1,27.620833333333334,False,Selasa
202401.0,2024-01-17,kapal,1958.0,82.41666666666667,3.9999999999999996,27.116666666666664,False,Rabu
202401.0,2024-01-18,kapal,1295.0,82.125,1.9000000000000001,27.020833333333332,False,Kamis
202401.0,2024-01-19,kapal,1464.0,87.04166666666667,15.0,25.479166666666668,False,Jumat
202401.0,2024-01-20,kapal,3822.0,71.79166666666667,0.0,27.941666666666666,True,Sabtu
202401.0,2024-01-21,kapal,3575.0,77.25,9.5,27.566666666666666,True,Minggu
202401.0,2024-01-22,kapal,1321.0,72.41666666666667,0.2,27.983333333333334,False,Senin
202401.0,2024-01-23,kapal,945.0,73.16666666666667,0.1,28.27916666666667,False,Selasa
202401.0,2024-01-24,kapal,1252.0,76.75,2.0,27.65416666666667,False,Rabu
202401.0,2024-01-25,kapal,1097.0,76.70833333333333,1.3,27.97083333333333,False,Kamis
202401.0,2024-01-26,kapal,1420.0,85.08333333333333,5.1,26.504166666666666,False,Jumat
202401.0,2024-01-27,kapal,5021.0,87.70833333333333,29.799999999999997,25.84166666666667,True,Sabtu
202401.0,2024-01-28,kapal,4420.0,89.375,30.099999999999998,25.504166666666666,True,Minggu
202401.0,2024-01-29,kapal,1366.0,90.33333333333333,27.4,25.625,False,Senin
202401.0,2024-01-30,kapal,1280.0,86.91666666666667,14.5,26.125,False,Selasa
202401.0,2024-01-31,kapal,983.0,89.125,18.7,25.9875,False,Rabu
202402.0,2024-02-10,kapal,10388.0,86.75,6.2,26.429166666666664,True,Sabtu
202402.0,2024-02-11,kapal,6878.0,84.0,12.8,26.683333333333334,True,Minggu
202402.0,2024-02-12,kapal,1754.0,83.79166666666667,5.7,26.870833333333334,False,Senin
202402.0,2024-02-13,kapal,1770.0,85.45833333333333,12.1,26.858333333333334,False,Selasa
202402.0,2024-02-14,kapal,921.0,87.75,18.0,26.454166666666666,True,Rabu
202402.0,2024-02-15,kapal,1267.0,87.0,7.300000000000001,27.09583333333333,False,Kamis
202402.0,2024-02-16,kapal,1773.0,89.0,8.8,26.5,False,Jumat
202402.0,2024-02-17,kapal,4653.0,88.66666666666667,19.7,26.162499999999998,True,Sabtu
202402.0,2024-02-18,kapal,3981.0,86.83333333333333,2.0,26.795833333333334,True,Minggu
202402.0,2024-02-19,kapal,2037.0,85.5,3.6,27.087500000000002,False,Senin
202402.0,2024-02-20,kapal,1688.0,82.95833333333333,0.7,27.6875,False,Selasa
202402.0,2024-02-21,kapal,1622.0,86.25,11.1,27.037499999999998,False,Rabu
202402.0,2024-02-22,kapal,1713.0,80.83333333333333,0.2,27.97083333333333,False,Kamis
202402.0,2024-02-23,kapal,1383.0,75.20833333333333,1.9,28.7,False,Jumat
202402.0,2024-02-24,kapal,4346.0,86.95833333333333,13.200000000000001,26.758333333333336,True,Sabtu
202404.0,2024-04-01,kapal,1191.0,86.58333333333333,2.6,27.108333333333334,False,Senin
202404.0,2024-04-02,kapal,1002.0,87.875,11.3,27.212500000000002,False,Selasa
202404.0,2024-04-03,kapal,1363.0,89.91666666666667,12.7,26.8,False,Rabu
202404.0,2024-04-04,kapal,1484.0,87.125,11.0,27.270833333333332,False,Kamis
202404.0,2024-04-05,kapal,1807.0,86.16666666666667,5.6,27.4875,False,Jumat
202404.0,2024-04-06,kapal,2889.0,87.08333333333333,3.1,27.662499999999998,True,Sabtu
202404.0,2024-04-07,kapal,3135.0,83.08333333333333,2.6,28.087500000000002,True,Minggu
202404.0,2024-04-08,kapal,3867.0,80.83333333333333,0.5,28.0625,False,Senin
202404.0,2024-04-09,kapal,5043.0,85.16666666666667,6.199999999999999,27.666666666666668,False,Selasa
202404.0,2024-04-10,kapal,6573.0,83.83333333333333,0.8,27.5625,True,Rabu
202404.0,2024-04-11,kapal,15429.0,86.25,8.0,27.412499999999998,True,Kamis
202404.0,2024-04-12,kapal,17105.0,88.875,16.2,26.1875,False,Jumat
202404.0,2024-04-13,kapal,21846.0,84.75,6.9,27.46666666666667,True,Sabtu
202403.0,2024-03-01,kapal,2005.0,85.875,13.9,27.054166666666664,False,Jumat
202403.0,2024-03-02,kapal,6875.0,90.29166666666667,14.6,26.59166666666667,True,Sabtu
202403.0,2024-03-03,kapal,6170.0,88.54166666666667,8.7,26.458333333333332,True,Minggu
202403.0,2024-03-04,kapal,2468.0,82.75,9.6,27.53333333333333,False,Senin
202403.0,2024-03-05,kapal,2452.0,80.91666666666667,14.2,27.604166666666668,False,Selasa
202403.0,2024-03-06,kapal,2150.0,82.25,2.6,27.75,False,Rabu
202403.0,2024-03-07,kapal,2002.0,83.95833333333333,15.5,27.358333333333334,False,Kamis
202403.0,2024-03-08,kapal,1878.0,85.33333333333333,11.3,26.962500000000002,False,Jumat
202403.0,2024-03-09,kapal,4312.0,91.54166666666667,11.2,25.541666666666668,True,Sabtu
202403.0,2024-03-10,kapal,4128.0,87.58333333333333,4.5,26.3,True,Minggu
202403.0,2024-03-11,kapal,2160.0,89.45833333333333,35.9,26.004166666666666,True,Senin
202403.0,2024-03-12,kapal,762.0,85.29166666666667,7.7,26.416666666666668,False,Selasa
202403.0,2024-03-13,kapal,915.0,88.75,21.5,25.879166666666666,False,Rabu
202403.0,2024-03-14,kapal,579.0,88.875,11.299999999999999,25.662499999999998,False,Kamis
202403.0,2024-03-15,kapal,637.0,87.54166666666667,5.8,26.212500000000002,False,Jumat
202403.0,2024-03-16,kapal,736.0,86.20833333333333,5.6000000000000005,25.900000000000002,True,Sabtu
202403.0,2024-03-17,kapal,949.0,84.125,5.0,26.391666666666666,True,Minggu
202403.0,2024-03-18,kapal,611.0,77.91666666666667,1.0,27.462500000000002,False,Senin
202403.0,2024-03-19,kapal,512.0,73.41666666666667,0.2,27.974999999999998,False,Selasa
202403.0,2024-03-20,kapal,598.0,72.83333333333333,0.0,27.504166666666666,False,Rabu
202403.0,2024-03-21,kapal,621.0,82.66666666666667,2.9,26.4875,False,Kamis
202403.0,2024-03-22,kapal,547.0,88.625,9.0,25.958333333333332,False,Jumat
202403.0,2024-03-23,kapal,1080.0,83.5,4.3,27.608333333333334,True,Sabtu
202403.0,2024-03-24,kapal,1058.0,84.33333333333333,6.6,27.087500000000002,True,Minggu
202403.0,2024-03-25,kapal,764.0,87.875,12.299999999999999,26.516666666666666,False,Senin
202403.0,2024-03-26,kapal,671.0,83.33333333333333,2.5,27.279166666666665,False,Selasa
202403.0,2024-03-27,kapal,713.0,89.33333333333333,16.3,26.34583333333333,False,Rabu
202403.0,2024-03-28,kapal,1307.0,87.45833333333333,5.7,26.7625,False,Kamis
202403.0,2024-03-29,kapal,1563.0,85.08333333333333,5.2,26.995833333333334,True,Jumat
202403.0,2024-03-30,kapal,1417.0,85.54166666666667,6.500000000000001,27.325,True,Sabtu
202403.0,2024-03-31,kapal,1624.0,85.83333333333333,13.0,27.008333333333336,True,Minggu
202404.0,2024-04-14,kapal,18557.0,86.125,3.2,26.958333333333332,True,Minggu
202404.0,2024-04-15,kapal,9445.0,86.375,7.6,27.275000000000002,False,Senin
202404.0,2024-04-16,kapal,5889.0,85.25,4.7,27.741666666666664,False,Selasa
202404.0,2024-04-17,kapal,4919.0,86.70833333333333,5.0,26.916666666666668,False,Rabu
202404.0,2024-04-18,kapal,3650.0,87.5,5.2,26.849999999999998,False,Kamis
202404.0,2024-04-19,kapal,3024.0,86.45833333333333,4.1,27.150000000000002,False,Jumat
202404.0,2024-04-20,kapal,7046.0,86.95833333333333,13.7,27.22083333333333,True,Sabtu
202404.0,2024-04-21,kapal,6410.0,89.66666666666667,24.0,26.6375,True,Minggu
202404.0,2024-04-22,kapal,1876.0,84.91666666666667,3.3000000000000003,27.71666666666667,False,Senin
202404.0,2024-04-23,kapal,1794.0,88.16666666666667,12.7,27.270833333333332,False,Selasa
202404.0,2024-04-24,kapal,1856.0,86.20833333333333,9.5,27.5125,False,Rabu
202404.0,2024-04-25,kapal,2216.0,87.58333333333333,18.3,27.079166666666666,False,Kamis
202404.0,2024-04-26,kapal,1859.0,87.95833333333333,8.0,27.116666666666664,False,Jumat
202404.0,2024-04-27,kapal,5792.0,89.33333333333333,27.900000000000002,26.708333333333332,True,Sabtu
202404.0,2024-04-28,kapal,5789.0,83.70833333333333,0.30000000000000004,27.8,True,Minggu
202404.0,2024-04-29,kapal,1818.0,80.75,3.2,28.391666666666666,False,Senin
202404.0,2024-04-30,kapal,1606.0,85.5,8.2,27.679166666666664,False,Selasa
202405.0,2024-05-01,kapal,3239.0,88.20833333333333,13.0,27.075,True,Rabu
202405.0,2024-05-02,kapal,1720.0,85.875,15.5,27.570833333333336,False,Kamis
202405.0,2024-05-03,kapal,2105.0,85.0,5.2,27.65833333333333,False,Jumat
202405.0,2024-05-04,kapal,6442.0,81.70833333333333,0.7000000000000001,27.825,True,Sabtu
202405.0,2024-05-05,kapal,6226.0,82.29166666666667,3.4,27.8625,True,Minggu
202405.0,2024-05-06,kapal,1748.0,81.04166666666667,4.4,27.733333333333334,False,Senin
202405.0,2024-05-07,kapal,1965.0,77.04166666666667,0.6000000000000001,28.416666666666668,False,Selasa
202405.0,2024-05-08,kapal,2202.0,78.875,1.7000000000000002,28.0625,False,Rabu
202405.0,2024-05-09,kapal,7743.0,81.75,2.7,27.7,True,Kamis
202405.0,2024-05-10,kapal,6995.0,82.91666666666667,10.6,28.0625,False,Jumat
202405.0,2024-05-11,kapal,8987.0,84.75,4.5,27.454166666666666,True,Sabtu
202405.0,2024-05-12,kapal,6618.0,80.625,7.6,28.104166666666668,True,Minggu
202405.0,2024-05-13,kapal,2047.0,88.54166666666667,28.4,27.004166666666666,False,Senin
202405.0,2024-05-14,kapal,1990.0,88.625,4.5,26.870833333333334,False,Selasa
202405.0,2024-05-15,kapal,2486.0,80.25,2.4,28.508333333333336,False,Rabu
202405.0,2024-05-16,kapal,1874.0,83.54166666666667,3.9000000000000004,27.695833333333336,False,Kamis
202405.0,2024-05-17,kapal,2647.0,80.91666666666667,0.4,28.016666666666666,False,Jumat
202405.0,2024-05-18,kapal,5130.0,81.5,0.8,27.900000000000002,True,Sabtu
202405.0,2024-05-19,kapal,4985.0,80.41666666666667,8.1,27.945833333333336,True,Minggu
202405.0,2024-05-20,kapal,2005.0,78.79166666666667,0.5,28.28333333333333,False,Senin
202405.0,2024-05-21,kapal,1858.0,79.5,7.300000000000001,28.166666666666668,False,Selasa
202405.0,2024-05-22,kapal,2126.0,86.20833333333333,11.7,27.120833333333334,False,Rabu
202405.0,2024-05-23,kapal,8597.0,87.75,11.2,26.650000000000002,True,Kamis
202405.0,2024-05-24,kapal,8658.0,89.58333333333333,19.9,26.383333333333336,False,Jumat
202405.0,2024-05-25,kapal,9644.0,94.5,36.7,24.974999999999998,True,Sabtu
202405.0,2024-05-26,kapal,6838.0,81.29166666666667,0.1,28.0125,True,Minggu
202405.0,2024-05-27,kapal,1678.0,82.16666666666667,0.7000000000000001,28.366666666666664,False,Senin
202405.0,2024-05-28,kapal,1532.0,84.0,3.2,27.808333333333334,False,Selasa
202405.0,2024-05-29,kapal,1637.0,84.375,2.1,27.53333333333333,False,Rabu
202405.0,2024-05-30,kapal,1801.0,81.70833333333333,1.0,27.8125,False,Kamis
202405.0,2024-05-31,kapal,2493.0,83.20833333333333,1.1,28.02916666666667,False,Jumat
202406.0,2024-06-01,kapal,11841.0,87.625,2.4,27.316666666666666,True,Sabtu
202406.0,2024-06-02,kapal,10841.0,87.08333333333333,14.2,27.366666666666664,True,Minggu
202406.0,2024-06-03,kapal,1855.0,87.58333333333333,7.6,26.316666666666666,False,Senin
202406.0,2024-06-04,kapal,1818.0,83.83333333333333,2.0,27.766666666666666,False,Selasa
202406.0,2024-06-05,kapal,1744.0,83.66666666666667,1.1,27.53333333333333,False,Rabu
202406.0,2024-06-06,kapal,1423.0,78.375,1.4,27.65416666666667,False,Kamis
202406.0,2024-06-07,kapal,1801.0,80.54166666666667,0.2,27.27916666666667,False,Jumat
202406.0,2024-06-08,kapal,6561.0,79.29166666666667,1.9000000000000001,27.479166666666668,True,Sabtu
202406.0,2024-06-09,kapal,6318.0,86.33333333333333,12.1,26.629166666666666,True,Minggu
202406.0,2024-06-10,kapal,1671.0,84.33333333333333,8.1,27.583333333333332,False,Senin
202406.0,2024-06-11,kapal,1672.0,88.5,6.3,26.079166666666666,False,Selasa
202406.0,2024-06-12,kapal,1846.0,88.75,10.1,25.895833333333332,False,Rabu
202406.0,2024-06-13,kapal,1743.0,88.33333333333333,10.5,26.170833333333334,False,Kamis
202406.0,2024-06-14,kapal,2019.0,84.54166666666667,8.2,27.09583333333333,False,Jumat
202406.0,2024-06-15,kapal,5833.0,87.375,14.0,26.6875,True,Sabtu
202406.0,2024-06-16,kapal,6825.0,88.58333333333333,10.5,26.349999999999998,True,Minggu
202406.0,2024-06-17,kapal,4606.0,82.875,0.7000000000000001,27.245833333333334,True,Senin
202406.0,2024-06-18,kapal,2730.0,85.95833333333333,5.6000000000000005,26.395833333333332,False,Selasa
202406.0,2024-06-19,kapal,2060.0,79.83333333333333,0.5,27.349999999999998,False,Rabu
202406.0,2024-06-20,kapal,1765.0,75.5,0.0,27.40416666666667,False,Kamis
202406.0,2024-06-21,kapal,1860.0,76.41666666666667,0.1,26.916666666666668,False,Jumat
202406.0,2024-06-22,kapal,5403.0,80.08333333333333,0.1,26.704166666666666,True,Sabtu
202406.0,2024-06-23,kapal,5741.0,74.33333333333333,0.0,26.945833333333336,True,Minggu
202406.0,2024-06-24,kapal,3150.0,78.20833333333333,4.9,27.141666666666666,False,Senin
202406.0,2024-06-25,kapal,2920.0,85.08333333333333,10.1,26.816666666666666,False,Selasa
202406.0,2024-06-26,kapal,3356.0,79.66666666666667,0.9,27.445833333333336,False,Rabu
202406.0,2024-06-27,kapal,2780.0,84.04166666666667,5.4,27.150000000000002,False,Kamis
202406.0,2024-06-28,kapal,3381.0,87.25,6.9,26.691666666666666,False,Jumat
202406.0,2024-06-29,kapal,8985.0,88.33333333333333,7.3,26.333333333333332,True,Sabtu
202406.0,2024-06-30,kapal,9782.0,82.70833333333333,0.5,26.9875,True,Minggu
202407.0,2024-07-01,kapal,4476.0,84.66666666666667,5.3,26.787499999999998,False,Senin
202407.0,2024-07-02,kapal,3744.0,85.875,10.2,26.191666666666666,False,Selasa
202407.0,2024-07-03,kapal,4236.0,81.79166666666667,0.8,27.162499999999998,False,Rabu
202407.0,2024-07-04,kapal,4117.0,86.5,14.3,26.09166666666667,False,Kamis
202407.0,2024-07-05,kapal,4113.0,85.08333333333333,9.6,26.40416666666667,False,Jumat
202407.0,2024-07-06,kapal,8557.0,90.0,47.4,24.983333333333334,True,Sabtu
202407.0,2024-07-07,kapal,9019.0,85.45833333333333,4.2,25.8125,True,Minggu
202407.0,2024-07-08,kapal,3679.0,84.95833333333333,18.7,26.441666666666666,False,Senin
202407.0,2024-07-09,kapal,3338.0,86.0,11.0,26.041666666666668,False,Selasa
202407.0,2024-07-10,kapal,2861.0,78.16666666666667,0.0,27.166666666666668,False,Rabu
202407.0,2024-07-11,kapal,2522.0,79.66666666666667,0.5,26.8125,False,Kamis
202407.0,2024-07-12,kapal,2867.0,73.79166666666667,0.0,26.900000000000002,False,Jumat
202407.0,2024-07-13,kapal,7970.0,73.875,0.0,25.741666666666664,True,Sabtu
202407.0,2024-07-14,kapal,8220.0,70.79166666666667,0.0,26.1375,True,Minggu
202407.0,2024-07-15,kapal,1844.0,70.66666666666667,0.0,26.125,False,Senin
202407.0,2024-07-16,kapal,1985.0,70.20833333333333,0.0,26.370833333333334,False,Selasa
202407.0,2024-07-17,kapal,1559.0,77.125,1.2000000000000002,26.5,False,Rabu
202407.0,2024-07-18,kapal,1578.0,77.75,0.1,27.175,False,Kamis
202407.0,2024-07-19,kapal,1657.0,74.70833333333333,0.30000000000000004,27.270833333333332,False,Jumat
202407.0,2024-07-20,kapal,5449.0,73.875,0.0,27.275000000000002,True,Sabtu
202407.0,2024-07-21,kapal,5455.0,71.66666666666667,0.0,27.55,True,Minggu
202407.0,2024-07-22,kapal,2306.0,73.25,0.0,27.633333333333336,False,Senin
202407.0,2024-07-23,kapal,1730.0,71.125,0.0,27.75,False,Selasa
202407.0,2024-07-24,kapal,1468.0,73.125,0.4,27.333333333333332,False,Rabu
202407.0,2024-07-25,kapal,1834.0,77.58333333333333,1.3,26.808333333333334,False,Kamis
202407.0,2024-07-26,kapal,1738.0,77.91666666666667,0.6000000000000001,27.179166666666664,False,Jumat
202407.0,2024-07-27,kapal,6864.0,72.91666666666667,0.0,27.6375,True,Sabtu
202407.0,2024-07-28,kapal,6894.0,72.54166666666667,0.6,27.662499999999998,True,Minggu
202407.0,2024-07-29,kapal,1497.0,71.875,0.1,27.745833333333334,False,Senin
202407.0,2024-07-30,kapal,1256.0,69.75,0.0,27.72083333333333,False,Selasa
202407.0,2024-07-31,kapal,1246.0,73.08333333333333,0.0,27.6375,False,Rabu
202408.0,2024-08-01,kapal,1490.0,76.91666666666667,2.8,27.333333333333332,False,Kamis
202408.0,2024-08-02,kapal,1829.0,82.70833333333333,10.6,26.320833333333336,False,Jumat
202408.0,2024-08-03,kapal,7740.0,83.79166666666667,17.0,26.400000000000002,True,Sabtu
202408.0,2024-08-04,kapal,7202.0,78.16666666666667,0.6,27.34583333333333,True,Minggu
202408.0,2024-08-05,kapal,2007.0,84.33333333333333,6.5,26.145833333333332,False,Senin
202408.0,2024-08-06,kapal,1488.0,74.33333333333333,0.0,27.1375,False,Selasa
202408.0,2024-08-07,kapal,1567.0,73.20833333333333,0.1,27.441666666666666,False,Rabu
202408.0,2024-08-08,kapal,2195.0,75.33333333333333,1.0999999999999999,27.587500000000002,False,Kamis
202408.0,2024-08-09,kapal,1974.0,75.58333333333333,0.8,27.71666666666667,False,Jumat
202408.0,2024-08-10,kapal,7420.0,76.58333333333333,0.30000000000000004,27.495833333333334,True,Sabtu
202408.0,2024-08-11,kapal,6807.0,80.91666666666667,2.9,26.954166666666666,True,Minggu
202408.0,2024-08-12,kapal,1607.0,72.625,0.1,26.941666666666666,False,Senin
202408.0,2024-08-13,kapal,1433.0,71.95833333333333,0.0,26.6125,False,Selasa
202408.0,2024-08-14,kapal,1423.0,73.04166666666667,0.0,27.037499999999998,False,Rabu
202408.0,2024-08-15,kapal,1502.0,72.33333333333333,0.0,27.758333333333336,False,Kamis
202408.0,2024-08-16,kapal,2499.0,73.75,0.2,27.708333333333332,False,Jumat
202408.0,2024-08-17,kapal,10356.0,74.875,0.0,27.820833333333336,True,Sabtu
202408.0,2024-08-18,kapal,9577.0,75.29166666666667,0.5,27.90416666666667,True,Minggu
202408.0,2024-08-19,kapal,1285.0,75.20833333333333,0.0,27.666666666666668,False,Senin
202408.0,2024-08-20,kapal,1180.0,76.66666666666667,0.0,27.333333333333332,False,Selasa
202408.0,2024-08-21,kapal,1333.0,75.45833333333333,0.8,27.625,False,Rabu
202408.0,2024-08-22,kapal,1475.0,75.04166666666667,0.1,27.95,False,Kamis
202408.0,2024-08-23,kapal,1849.0,72.5,0.0,28.045833333333334,False,Jumat
202408.0,2024-08-24,kapal,6957.0,72.66666666666667,3.7,27.575,True,Sabtu
202408.0,2024-08-25,kapal,6303.0,72.83333333333333,0.1,27.325,True,Minggu
202408.0,2024-08-26,kapal,1344.0,68.5,0.0,28.120833333333334,False,Senin
202408.0,2024-08-27,kapal,1319.0,68.29166666666667,0.1,28.583333333333332,False,Selasa
202408.0,2024-08-28,kapal,1272.0,62.833333333333336,0.0,28.954166666666666,False,Rabu
202408.0,2024-08-29,kapal,1569.0,66.0,0.1,28.604166666666668,False,Kamis
202408.0,2024-08-30,kapal,1625.0,68.125,0.2,27.854166666666668,False,Jumat
202408.0,2024-08-31,kapal,7039.0,67.375,0.0,28.104166666666668,True,Sabtu
202409.0,2024-09-01,kapal,6557.0,70.45833333333333,0.0,28.5,True,Minggu
202409.0,2024-09-02,kapal,1648.0,77.875,3.3,28.325,False,Senin
202409.0,2024-09-03,kapal,1549.0,80.20833333333333,6.6,27.45,False,Selasa
202409.0,2024-09-04,kapal,2004.0,71.66666666666667,0.1,27.883333333333336,False,Rabu
202409.0,2024-09-05,kapal,1321.0,73.33333333333333,9.4,27.8,False,Kamis
202409.0,2024-09-06,kapal,2254.0,74.16666666666667,1.0,28.166666666666668,False,Jumat
202409.0,2024-09-07,kapal,6184.0,63.125,0.0,29.579166666666666,True,Sabtu
202409.0,2024-09-08,kapal,6033.0,64.79166666666667,0.3,29.141666666666666,True,Minggu
202409.0,2024-09-09,kapal,1603.0,78.95833333333333,9.7,27.391666666666666,False,Senin
202409.0,2024-09-10,kapal,1358.0,84.70833333333333,16.3,26.458333333333332,False,Selasa
202409.0,2024-09-11,kapal,1374.0,79.54166666666667,0.9,26.879166666666666,False,Rabu
202409.0,2024-09-12,kapal,1497.0,79.91666666666667,12.4,26.929166666666664,False,Kamis
202409.0,2024-09-13,kapal,1450.0,79.79166666666667,0.6000000000000001,26.854166666666668,False,Jumat
202409.0,2024-09-14,kapal,9443.0,67.08333333333333,0.0,27.566666666666666,True,Sabtu
202409.0,2024-09-15,kapal,14864.0,70.33333333333333,0.0,27.325,True,Minggu
202409.0,2024-09-16,kapal,9741.0,67.95833333333333,0.1,27.945833333333336,True,Senin
202409.0,2024-09-17,kapal,1725.0,67.41666666666667,0.0,27.516666666666666,False,Selasa
202409.0,2024-09-18,kapal,1480.0,65.66666666666667,0.0,27.233333333333334,False,Rabu
202409.0,2024-09-19,kapal,1553.0,67.91666666666667,0.0,27.3125,False,Kamis
202409.0,2024-09-20,kapal,1477.0,70.875,0.0,27.554166666666664,False,Jumat
202409.0,2024-09-21,kapal,3962.0,75.375,0.0,27.866666666666664,True,Sabtu
202409.0,2024-09-22,kapal,4638.0,76.83333333333333,1.2000000000000002,28.333333333333332,True,Minggu
202409.0,2024-09-23,kapal,1401.0,77.83333333333333,1.9,28.2,False,Senin
202409.0,2024-09-24,kapal,1334.0,83.45833333333333,10.200000000000001,26.875,False,Selasa
202409.0,2024-09-25,kapal,1244.0,79.25,5.1,27.34166666666667,False,Rabu
202409.0,2024-09-26,kapal,1409.0,82.125,13.3,26.733333333333334,False,Kamis
202409.0,2024-09-27,kapal,1658.0,81.95833333333333,2.1,27.554166666666664,False,Jumat
202409.0,2024-09-28,kapal,5456.0,85.29166666666667,12.4,27.21666666666667,True,Sabtu
202409.0,2024-09-29,kapal,5529.0,79.45833333333333,3.1,27.704166666666666,True,Minggu
202409.0,2024-09-30,kapal,1594.0,78.04166666666667,0.30000000000000004,27.837500000000002,False,Senin
202410.0,2024-10-01,kapal,1695.0,75.875,1.1,28.27916666666667,False,Selasa
202410.0,2024-10-02,kapal,1453.0,78.33333333333333,2.1,27.9875,False,Rabu
202410.0,2024-10-03,kapal,1434.0,82.91666666666667,6.6000000000000005,27.333333333333332,False,Kamis
202410.0,2024-10-04,kapal,1767.0,83.875,24.9,27.0,False,Jumat
202410.0,2024-10-05,kapal,6436.0,84.125,2.9,26.866666666666664,True,Sabtu
202410.0,2024-10-06,kapal,6409.0,82.58333333333333,11.6,27.120833333333334,True,Minggu
202410.0,2024-10-07,kapal,1686.0,75.79166666666667,0.1,27.641666666666666,False,Senin
202410.0,2024-10-08,kapal,1169.0,72.16666666666667,0.0,28.295833333333334,False,Selasa
202410.0,2024-10-09,kapal,1651.0,75.33333333333333,1.3,28.208333333333332,False,Rabu
202410.0,2024-10-10,kapal,1507.0,76.91666666666667,5.9,27.929166666666664,False,Kamis
202410.0,2024-10-11,kapal,1883.0,77.25,1.5000000000000002,28.329166666666666,False,Jumat
202410.0,2024-10-12,kapal,5684.0,83.91666666666667,11.200000000000001,27.479166666666668,True,Sabtu
202410.0,2024-10-13,kapal,5044.0,84.5,15.0,26.96666666666667,True,Minggu
202410.0,2024-10-14,kapal,1576.0,81.33333333333333,6.0,27.45,False,Senin
202410.0,2024-10-15,kapal,1380.0,75.0,1.5,28.208333333333332,False,Selasa
202410.0,2024-10-16,kapal,1356.0,72.95833333333333,0.1,28.695833333333336,False,Rabu
202410.0,2024-10-17,kapal,1643.0,58.666666666666664,0.0,28.5625,False,Kamis
202410.0,2024-10-18,kapal,1885.0,64.33333333333333,0.0,28.1875,False,Jumat
202410.0,2024-10-19,kapal,5269.0,68.45833333333333,0.6,28.579166666666666,True,Sabtu
202410.0,2024-10-20,kapal,4789.0,59.666666666666664,0.0,28.77916666666667,True,Minggu
202410.0,2024-10-21,kapal,1095.0,67.25,0.30000000000000004,28.645833333333332,False,Senin
202410.0,2024-10-22,kapal,1074.0,65.29166666666667,0.0,29.320833333333336,False,Selasa
202410.0,2024-10-23,kapal,902.0,69.16666666666667,2.5,29.1375,False,Rabu
202410.0,2024-10-24,kapal,1300.0,77.875,9.0,28.016666666666666,False,Kamis
202410.0,2024-10-25,kapal,1600.0,76.125,0.8999999999999999,28.041666666666668,False,Jumat
202410.0,2024-10-26,kapal,5153.0,64.66666666666667,0.0,28.995833333333334,True,Sabtu
202410.0,2024-10-27,kapal,4804.0,66.375,0.4,29.34166666666667,True,Minggu
202410.0,2024-10-28,kapal,1413.0,65.79166666666667,0.0,29.695833333333336,False,Senin
202410.0,2024-10-29,kapal,960.0,68.875,0.6,29.625,False,Selasa
202410.0,2024-10-30,kapal,1280.0,69.125,2.6,29.28333333333333,False,Rabu
202410.0,2024-10-31,kapal,1237.0,72.66666666666667,3.3999999999999995,28.758333333333336,False,Kamis
202412.0,2024-12-05,kapal,654.0,87.25,20.4,26.041666666666668,False,Kamis
202412.0,2024-12-06,kapal,785.0,89.66666666666667,11.7,25.77916666666667,False,Jumat
202412.0,2024-12-07,kapal,3865.0,86.20833333333333,16.1,26.958333333333332,True,Sabtu
202412.0,2024-12-08,kapal,3382.0,86.95833333333333,16.8,26.78333333333333,True,Minggu
202412.0,2024-12-09,kapal,1088.0,87.16666666666667,24.5,26.704166666666666,False,Senin
202412.0,2024-12-10,kapal,560.0,84.95833333333333,5.800000000000001,26.704166666666666,False,Selasa
202412.0,2024-12-11,kapal,1062.0,81.70833333333333,13.399999999999999,27.162499999999998,False,Rabu
202412.0,2024-12-12,kapal,714.0,75.29166666666667,2.4000000000000004,27.870833333333334,False,Kamis
202412.0,2024-12-13,kapal,951.0,76.04166666666667,3.7,27.837500000000002,False,Jumat
202412.0,2024-12-14,kapal,2252.0,81.91666666666667,6.2,26.900000000000002,True,Sabtu
202412.0,2024-12-15,kapal,2139.0,88.45833333333333,27.2,25.825,True,Minggu
202412.0,2024-12-16,kapal,1112.0,87.33333333333333,15.5,26.224999999999998,False,Senin
202412.0,2024-12-17,kapal,999.0,82.625,12.1,26.820833333333336,False,Selasa
202412.0,2024-12-18,kapal,1080.0,79.95833333333333,5.1,27.3875,False,Rabu
202412.0,2024-12-19,kapal,754.0,86.16666666666667,17.9,26.370833333333334,False,Kamis
202412.0,2024-12-20,kapal,900.0,86.41666666666667,7.800000000000001,26.337500000000002,False,Jumat
202412.0,2024-12-21,kapal,2093.0,85.16666666666667,16.5,26.504166666666666,True,Sabtu
202412.0,2024-12-22,kapal,2134.0,85.5,5.1000000000000005,26.900000000000002,True,Minggu
202412.0,2024-12-23,kapal,1535.0,88.33333333333333,17.599999999999998,26.233333333333334,False,Senin
202412.0,2024-12-24,kapal,1508.0,88.16666666666667,16.1,25.75,False,Selasa
202412.0,2024-12-25,kapal,2509.0,85.83333333333333,10.3,26.383333333333336,True,Rabu
202412.0,2024-12-26,kapal,2409.0,82.79166666666667,5.4,27.09583333333333,False,Kamis
202412.0,2024-12-27,kapal,1411.0,77.91666666666667,0.7000000000000001,28.037499999999998,False,Jumat
202412.0,2024-12-28,kapal,3772.0,68.83333333333333,0.1,28.558333333333334,True,Sabtu
202412.0,2024-12-29,kapal,3836.0,78.75,0.6000000000000001,27.59583333333333,True,Minggu
202412.0,2024-12-30,kapal,2202.0,79.25,3.7,26.71666666666667,False,Senin
202412.0,2024-12-31,kapal,4067.0,77.20833333333333,1.7,27.433333333333334,False,Selasa
202411.0,2024-11-01,kapal,1636.0,78.04166666666667,6.7,27.77916666666667,False,Jumat
202411.0,2024-11-02,kapal,6651.0,82.625,9.3,27.358333333333334,True,Sabtu
202411.0,2024-11-03,kapal,5760.0,88.29166666666667,11.2,25.870833333333334,True,Minggu
202411.0,2024-11-04,kapal,1711.0,84.45833333333333,12.8,26.662499999999998,False,Senin
202411.0,2024-11-05,kapal,1885.0,86.45833333333333,12.3,26.27916666666667,False,Selasa
202411.0,2024-11-06,kapal,1856.0,86.5,16.3,26.120833333333334,False,Rabu
202411.0,2024-11-07,kapal,1405.0,84.29166666666667,10.200000000000001,26.608333333333334,False,Kamis
202411.0,2024-11-08,kapal,1838.0,77.79166666666667,0.7000000000000001,27.945833333333336,False,Jumat
202411.0,2024-11-09,kapal,5590.0,80.75,15.1,27.558333333333334,True,Sabtu
202411.0,2024-11-10,kapal,5371.0,82.875,7.9,27.15833333333333,True,Minggu
202411.0,2024-11-11,kapal,1470.0,86.29166666666667,19.900000000000002,26.47083333333333,False,Senin
202411.0,2024-11-12,kapal,1390.0,87.04166666666667,13.000000000000002,26.383333333333336,False,Selasa
202411.0,2024-11-13,kapal,1618.0,86.5,14.9,27.133333333333336,False,Rabu
202411.0,2024-11-14,kapal,2263.0,81.54166666666667,5.1,27.958333333333332,False,Kamis
202411.0,2024-11-15,kapal,2370.0,79.625,7.2,27.983333333333334,False,Jumat
202411.0,2024-11-16,kapal,4050.0,84.16666666666667,12.1,27.266666666666666,True,Sabtu
202411.0,2024-11-17,kapal,4351.0,85.375,12.3,27.0125,True,Minggu
202411.0,2024-11-18,kapal,1437.0,85.45833333333333,13.4,26.712500000000002,False,Senin
202411.0,2024-11-19,kapal,1090.0,81.66666666666667,7.1,27.666666666666668,False,Selasa
202411.0,2024-11-20,kapal,1436.0,80.25,6.4,27.712500000000002,False,Rabu
202411.0,2024-11-21,kapal,1791.0,82.66666666666667,6.1,27.433333333333334,False,Kamis
202411.0,2024-11-22,kapal,1962.0,84.29166666666667,9.6,27.020833333333332,False,Jumat
202411.0,2024-11-23,kapal,3584.0,82.75,9.0,27.683333333333334,True,Sabtu
202411.0,2024-11-24,kapal,3429.0,83.375,2.3,27.5,True,Minggu
202411.0,2024-11-25,kapal,1213.0,82.95833333333333,11.5,27.84166666666667,False,Senin
202411.0,2024-11-26,kapal,1125.0,79.91666666666667,6.3,28.316666666666666,False,Selasa
202411.0,2024-11-27,kapal,1272.0,83.95833333333333,4.4,27.266666666666666,True,Rabu
202411.0,2024-11-28,kapal,1403.0,80.625,0.4,27.5125,False,Kamis
202411.0,2024-11-29,kapal,1913.0,75.5,0.30000000000000004,27.945833333333336,False,Jumat
202411.0,2024-11-30,kapal,4499.0,70.375,2.4,29.025000000000002,True,Sabtu
202412.0,2024-12-01,kapal,4282.0,73.125,11.2,28.78333333333333,True,Minggu
202412.0,2024-12-02,kapal,1234.0,76.83333333333333,7.1,27.59166666666667,False,Senin
202412.0,2024-12-03,kapal,1135.0,84.83333333333333,18.2,25.895833333333332,False,Selasa
202412.0,2024-12-04,kapal,875.0,87.08333333333333,14.7,25.52916666666667,False,Rabu
202301.0,2023-01-01,krl,568322.0,89.66666666666667,21.799999999999997,24.383333333333336,True,Minggu
202301.0,2023-01-02,krl,747277.0,85.66666666666667,11.8,24.933333333333334,False,Senin
202301.0,2023-01-03,krl,675999.0,90.0,14.0,24.170833333333334,False,Selasa
202301.0,2023-01-04,krl,615017.0,85.91666666666667,7.2,25.175,False,Rabu
202301.0,2023-01-05,krl,811343.0,80.79166666666667,0.8,26.254166666666666,False,Kamis
202301.0,2023-01-06,krl,812263.0,74.95833333333333,0.1,27.075,False,Jumat
202301.0,2023-01-07,krl,675174.0,76.95833333333333,0.9,26.933333333333334,True,Sabtu
202301.0,2023-01-08,krl,586670.0,79.33333333333333,3.2,26.6875,True,Minggu
202301.0,2023-01-09,krl,807251.0,79.58333333333333,3.2,26.858333333333334,False,Senin
202301.0,2023-01-10,krl,758716.0,81.29166666666667,0.9,26.933333333333334,False,Selasa
202301.0,2023-01-11,krl,761685.0,79.41666666666667,3.8,27.15416666666667,False,Rabu
202301.0,2023-01-12,krl,785822.0,79.54166666666667,0.4,27.304166666666664,False,Kamis
202301.0,2023-01-13,krl,777672.0,82.91666666666667,3.8,26.320833333333336,False,Jumat
202301.0,2023-01-14,krl,637111.0,77.16666666666667,0.9,27.46666666666667,True,Sabtu
202301.0,2023-01-15,krl,568519.0,73.25,1.2,27.583333333333332,True,Minggu
202301.0,2023-01-16,krl,806111.0,77.5,1.5,27.045833333333334,False,Senin
202301.0,2023-01-17,krl,777639.0,84.04166666666667,4.8999999999999995,25.704166666666666,False,Selasa
202301.0,2023-01-18,krl,778788.0,88.375,9.6,25.15833333333333,False,Rabu
202301.0,2023-01-19,krl,772461.0,87.875,5.7,25.116666666666664,False,Kamis
202301.0,2023-01-20,krl,784182.0,84.58333333333333,2.3000000000000003,25.712500000000002,False,Jumat
202301.0,2023-01-21,krl,634750.0,81.83333333333333,4.3999999999999995,26.25,True,Sabtu
202301.0,2023-01-22,krl,596816.0,79.16666666666667,0.5,26.78333333333333,True,Minggu
202301.0,2023-01-23,krl,593008.0,82.375,3.8,25.920833333333334,False,Senin
202301.0,2023-01-24,krl,787839.0,81.29166666666667,2.0,26.116666666666664,False,Selasa
202301.0,2023-01-25,krl,771293.0,86.375,12.399999999999999,24.995833333333334,False,Rabu
202301.0,2023-01-26,krl,775317.0,80.5,2.3,26.245833333333334,False,Kamis
202301.0,2023-01-27,krl,775574.0,86.54166666666667,9.6,25.554166666666664,False,Jumat
202301.0,2023-01-28,krl,588463.0,91.16666666666667,23.2,24.666666666666668,True,Sabtu
202301.0,2023-01-29,krl,563040.0,86.41666666666667,24.8,25.291666666666668,True,Minggu
202301.0,2023-01-30,krl,797952.0,85.125,5.2,25.733333333333334,False,Senin
202301.0,2023-01-31,krl,771464.0,86.08333333333333,3.3,26.27916666666667,False,Selasa
202302.0,2023-02-01,krl,32836.0,88.79166666666667,3.5,25.479166666666668,False,Rabu
202302.0,2023-02-02,krl,32836.0,90.0,11.5,25.383333333333336,False,Kamis
202302.0,2023-02-03,krl,32836.0,81.29166666666667,0.8,26.041666666666668,False,Jumat
202302.0,2023-02-04,krl,32836.0,83.5,1.7,25.974999999999998,True,Sabtu
202302.0,2023-02-05,krl,32836.0,79.83333333333333,8.6,26.495833333333334,True,Minggu
202302.0,2023-02-06,krl,32836.0,74.16666666666667,0.1,27.400000000000002,False,Senin
202302.0,2023-02-07,krl,32836.0,85.45833333333333,4.8,26.016666666666666,False,Selasa
202302.0,2023-02-08,krl,32836.0,79.125,0.8,26.729166666666668,False,Rabu
202302.0,2023-02-09,krl,32836.0,78.0,1.7,26.5125,False,Kamis
202302.0,2023-02-10,krl,32836.0,81.66666666666667,25.4,26.09583333333333,False,Jumat
202302.0,2023-02-11,krl,32836.0,89.54166666666667,14.200000000000001,25.03333333333333,True,Sabtu
202302.0,2023-02-12,krl,32836.0,90.95833333333333,39.4,24.3625,True,Minggu
202302.0,2023-02-13,krl,32836.0,83.33333333333333,7.3,26.166666666666668,False,Senin
202302.0,2023-02-14,krl,32836.0,88.25,10.2,25.079166666666666,False,Selasa
202302.0,2023-02-15,krl,32836.0,86.20833333333333,17.6,25.3,False,Rabu
202302.0,2023-02-16,krl,32836.0,88.75,16.5,25.079166666666666,False,Kamis
202302.0,2023-02-17,krl,32836.0,89.70833333333333,11.2,24.78333333333333,False,Jumat
202302.0,2023-02-18,krl,32836.0,86.54166666666667,0.8,25.599999999999998,True,Sabtu
202302.0,2023-02-19,krl,32836.0,87.45833333333333,15.7,25.45,True,Minggu
202302.0,2023-02-20,krl,32836.0,83.16666666666667,5.2,25.84166666666667,False,Senin
202302.0,2023-02-21,krl,32836.0,87.20833333333333,11.2,25.287499999999998,False,Selasa
202302.0,2023-02-22,krl,32836.0,89.54166666666667,23.5,24.8125,False,Rabu
202302.0,2023-02-23,krl,32836.0,89.125,20.3,25.099999999999998,False,Kamis
202302.0,2023-02-24,krl,32836.0,90.16666666666667,29.5,24.787499999999998,False,Jumat
202302.0,2023-02-25,krl,32836.0,88.625,14.8,25.125,True,Sabtu
202302.0,2023-02-26,krl,32836.0,87.45833333333333,23.4,25.21666666666667,True,Minggu
202302.0,2023-02-27,krl,32836.0,90.41666666666667,8.8,24.474999999999998,False,Senin
202302.0,2023-02-28,krl,32836.0,89.5,12.200000000000001,24.65416666666667,False,Selasa
202308.0,2023-08-01,krl,803330.0,67.125,0.0,27.7,False,Selasa
202308.0,2023-08-02,krl,868691.0,78.41666666666667,10.4,27.0625,False,Rabu
202308.0,2023-08-03,krl,865984.0,79.95833333333333,2.4,27.308333333333334,False,Kamis
202308.0,2023-08-04,krl,879345.0,76.66666666666667,0.1,27.979166666666668,False,Jumat
202308.0,2023-08-05,krl,725748.0,73.04166666666667,0.0,27.729166666666668,True,Sabtu
202308.0,2023-08-06,krl,643020.0,71.83333333333333,0.4,27.320833333333336,True,Minggu
202308.0,2023-08-07,krl,894926.0,75.95833333333333,1.0,27.21666666666667,False,Senin
202308.0,2023-08-08,krl,832162.0,76.75,2.2,27.429166666666664,False,Selasa
202308.0,2023-08-09,krl,831974.0,76.0,0.1,27.504166666666666,False,Rabu
202308.0,2023-08-10,krl,834614.0,75.75,2.6,26.983333333333334,False,Kamis
202308.0,2023-08-11,krl,843620.0,76.75,1.0,26.808333333333334,False,Jumat
202308.0,2023-08-12,krl,680801.0,69.95833333333333,0.2,27.337500000000002,True,Sabtu
202308.0,2023-08-13,krl,585599.0,69.91666666666667,1.0,26.9875,True,Minggu
202308.0,2023-08-14,krl,866142.0,72.625,0.2,27.354166666666668,False,Senin
202308.0,2023-08-15,krl,839922.0,71.25,0.6000000000000001,27.479166666666668,False,Selasa
202308.0,2023-08-16,krl,877901.0,69.875,0.1,27.84166666666667,False,Rabu
202308.0,2023-08-17,krl,508276.0,64.91666666666667,0.0,27.96666666666667,True,Kamis
202308.0,2023-08-18,krl,809891.0,64.95833333333333,0.4,27.920833333333334,False,Jumat
202308.0,2023-08-19,krl,583330.0,67.375,0.0,28.150000000000002,True,Sabtu
202308.0,2023-08-20,krl,516571.0,67.70833333333333,0.2,28.633333333333336,True,Minggu
202308.0,2023-08-21,krl,920727.0,67.625,0.0,28.004166666666666,False,Senin
202308.0,2023-08-22,krl,829680.0,66.66666666666667,0.1,27.787499999999998,False,Selasa
202308.0,2023-08-23,krl,820741.0,65.41666666666667,0.6,28.070833333333336,False,Rabu
202308.0,2023-08-24,krl,812660.0,69.375,0.6,28.129166666666666,False,Kamis
202308.0,2023-08-25,krl,831227.0,73.625,1.0,28.045833333333334,False,Jumat
202308.0,2023-08-26,krl,650335.0,74.66666666666667,2.1,27.983333333333334,True,Sabtu
202308.0,2023-08-27,krl,573408.0,78.83333333333333,1.9,26.912499999999998,True,Minggu
202308.0,2023-08-28,krl,856727.0,79.66666666666667,4.300000000000001,26.308333333333334,False,Senin
202308.0,2023-08-29,krl,840962.0,72.29166666666667,0.0,27.47083333333333,False,Selasa
202308.0,2023-08-30,krl,32836.0,70.875,0.0,27.47083333333333,False,Rabu
202308.0,2023-08-31,krl,32836.0,68.875,0.0,27.599999999999998,False,Kamis
202311.0,2023-11-05,krl,728597.0,84.20833333333333,2.8,26.733333333333334,True,Minggu
202311.0,2023-11-06,krl,929069.0,77.0,1.2,28.183333333333334,False,Senin
202311.0,2023-11-07,krl,901039.0,74.33333333333333,0.5,28.575,False,Selasa
202311.0,2023-11-08,krl,898901.0,76.79166666666667,0.9,28.358333333333334,False,Rabu
202311.0,2023-11-09,krl,896058.0,79.29166666666667,8.7,28.1375,False,Kamis
202311.0,2023-11-10,krl,902979.0,79.54166666666667,6.6,28.166666666666668,False,Jumat
202311.0,2023-11-11,krl,729276.0,81.0,7.8999999999999995,27.379166666666666,True,Sabtu
202311.0,2023-11-12,krl,646035.0,77.91666666666667,2.1,27.837500000000002,True,Minggu
202311.0,2023-11-13,krl,922276.0,78.45833333333333,4.3,28.05,False,Senin
202311.0,2023-11-21,krl,889772.0,82.125,5.3,27.599999999999998,False,Selasa
202311.0,2023-11-22,krl,892277.0,82.0,8.2,27.52916666666667,False,Rabu
202311.0,2023-11-14,krl,899401.0,83.75,26.3,27.041666666666668,False,Selasa
202311.0,2023-11-15,krl,894110.0,82.0,3.0999999999999996,27.833333333333332,False,Rabu
202311.0,2023-11-16,krl,889017.0,79.70833333333333,6.9,28.0,False,Kamis
202311.0,2023-11-17,krl,891756.0,84.0,3.0,27.575,False,Jumat
202311.0,2023-11-18,krl,707473.0,80.91666666666667,3.7,27.808333333333334,True,Sabtu
202311.0,2023-11-19,krl,622863.0,79.70833333333333,36.5,28.320833333333336,True,Minggu
202311.0,2023-11-20,krl,920509.0,80.20833333333333,12.8,27.8875,False,Senin
202309.0,2023-09-01,krl,867030.0,71.04166666666667,0.0,27.49166666666667,False,Jumat
202309.0,2023-09-02,krl,729631.0,73.5,3.0,27.416666666666668,True,Sabtu
202309.0,2023-09-03,krl,657122.0,69.58333333333333,0.1,27.641666666666666,True,Minggu
202309.0,2023-09-04,krl,879125.0,58.916666666666664,0.0,27.195833333333336,False,Senin
202309.0,2023-09-05,krl,847405.0,63.5,0.0,26.979166666666668,False,Selasa
202309.0,2023-09-06,krl,852341.0,63.291666666666664,0.2,27.849999999999998,False,Rabu
202309.0,2023-09-07,krl,843995.0,67.33333333333333,0.0,28.166666666666668,False,Kamis
202309.0,2023-09-08,krl,872115.0,72.54166666666667,3.9,27.941666666666666,False,Jumat
202309.0,2023-09-09,krl,712328.0,76.70833333333333,1.2000000000000002,27.333333333333332,True,Sabtu
202309.0,2023-09-10,krl,630928.0,73.95833333333333,1.5,27.474999999999998,True,Minggu
202309.0,2023-09-11,krl,895557.0,68.95833333333333,0.2,28.129166666666666,False,Senin
202309.0,2023-09-12,krl,860581.0,64.08333333333333,0.0,28.575,False,Selasa
202309.0,2023-09-13,krl,860602.0,66.875,0.0,28.474999999999998,False,Rabu
202309.0,2023-09-14,krl,849100.0,63.666666666666664,1.2,28.183333333333334,False,Kamis
202309.0,2023-09-15,krl,871008.0,66.875,0.0,28.025000000000002,False,Jumat
202309.0,2023-09-16,krl,692026.0,66.0,0.1,28.233333333333334,True,Sabtu
202309.0,2023-09-17,krl,596776.0,67.58333333333333,0.5,28.462500000000002,True,Minggu
202309.0,2023-09-18,krl,898228.0,67.45833333333333,3.6999999999999997,28.520833333333332,False,Senin
202309.0,2023-09-19,krl,865243.0,78.25,5.9,27.55,False,Selasa
202309.0,2023-09-20,krl,876983.0,74.0,0.6,27.9375,False,Rabu
202309.0,2023-09-21,krl,870805.0,76.58333333333333,1.4,27.541666666666668,False,Kamis
202309.0,2023-09-22,krl,876438.0,67.54166666666667,0.0,28.1125,False,Jumat
202309.0,2023-09-23,krl,701796.0,68.625,0.6000000000000001,27.337500000000002,True,Sabtu
202309.0,2023-09-24,krl,571773.0,68.54166666666667,0.7,27.820833333333336,True,Minggu
202309.0,2023-09-25,krl,903083.0,66.625,0.4,28.170833333333334,False,Senin
202309.0,2023-09-26,krl,877956.0,60.25,0.0,28.65416666666667,False,Selasa
202309.0,2023-09-27,krl,914996.0,57.0,0.0,28.616666666666664,False,Rabu
202309.0,2023-09-28,krl,582718.0,52.416666666666664,0.0,29.291666666666668,True,Kamis
202309.0,2023-09-29,krl,870327.0,63.541666666666664,0.2,28.84583333333333,False,Jumat
202309.0,2023-09-30,krl,0.0,70.0,2.3,27.854166666666668,True,Sabtu
202310.0,2023-10-01,krl,637764.0,72.54166666666667,0.0,28.287499999999998,True,Minggu
202310.0,2023-10-02,krl,928886.0,65.16666666666667,0.7,28.545833333333334,False,Senin
202310.0,2023-10-03,krl,899794.0,63.375,0.4,28.6125,False,Selasa
202310.0,2023-10-04,krl,897102.0,70.79166666666667,0.7,28.28333333333333,False,Rabu
202310.0,2023-10-05,krl,902150.0,73.29166666666667,0.1,28.6125,False,Kamis
202310.0,2023-10-06,krl,905578.0,74.79166666666667,2.9000000000000004,28.329166666666666,False,Jumat
202310.0,2023-10-07,krl,731493.0,72.54166666666667,1.0,28.75,True,Sabtu
202310.0,2023-10-08,krl,649522.0,69.54166666666667,0.6,28.958333333333332,True,Minggu
202310.0,2023-10-09,krl,919783.0,72.70833333333333,3.4000000000000004,28.537499999999998,False,Senin
202310.0,2023-10-10,krl,891688.0,72.375,2.5,28.766666666666666,False,Selasa
202310.0,2023-10-11,krl,884591.0,75.0,5.1,28.541666666666668,False,Rabu
202310.0,2023-10-12,krl,889401.0,72.125,1.1,28.662499999999998,False,Kamis
202310.0,2023-10-13,krl,893607.0,74.58333333333333,4.8,28.34166666666667,False,Jumat
202310.0,2023-10-14,krl,702546.0,71.41666666666667,1.2,28.775000000000002,True,Sabtu
202310.0,2023-10-15,krl,621139.0,67.91666666666667,5.4,28.795833333333334,True,Minggu
202310.0,2023-10-16,krl,913566.0,67.20833333333333,0.1,29.108333333333334,False,Senin
202310.0,2023-10-17,krl,890095.0,62.291666666666664,0.8,29.645833333333332,False,Selasa
202310.0,2023-10-18,krl,882524.0,59.333333333333336,0.0,29.46666666666667,False,Rabu
202310.0,2023-10-19,krl,879688.0,62.375,0.0,29.379166666666666,False,Kamis
202310.0,2023-10-20,krl,878682.0,72.41666666666667,4.2,28.420833333333334,False,Jumat
202310.0,2023-10-21,krl,679161.0,71.79166666666667,0.9,28.941666666666666,True,Sabtu
202310.0,2023-10-22,krl,583323.0,74.04166666666667,1.8,28.84583333333333,True,Minggu
202310.0,2023-10-23,krl,893533.0,70.0,1.4,28.900000000000002,False,Senin
202310.0,2023-10-24,krl,864479.0,75.58333333333333,9.5,27.650000000000002,False,Selasa
202310.0,2023-10-25,krl,863532.0,80.33333333333333,4.1,26.97083333333333,False,Rabu
202310.0,2023-10-26,krl,0.0,75.625,1.8,28.5,False,Kamis
202310.0,2023-10-27,krl,0.0,72.54166666666667,0.4,28.849999999999998,False,Jumat
202310.0,2023-10-28,krl,0.0,66.25,0.0,29.145833333333332,True,Sabtu
202310.0,2023-10-29,krl,0.0,64.5,0.0,29.037499999999998,True,Minggu
202310.0,2023-10-30,krl,0.0,66.33333333333333,0.0,29.083333333333332,False,Senin
202310.0,2023-10-31,krl,0.0,72.04166666666667,2.2,28.791666666666668,False,Selasa
202311.0,2023-11-01,krl,823686.0,80.16666666666667,8.7,27.90833333333333,False,Rabu
202311.0,2023-11-02,krl,894422.0,79.625,2.8000000000000003,28.1375,False,Kamis
202311.0,2023-11-03,krl,910921.0,79.33333333333333,15.5,28.058333333333334,False,Jumat
202311.0,2023-11-04,krl,729786.0,81.83333333333333,6.4,27.150000000000002,True,Sabtu
202311.0,2023-11-23,krl,886702.0,80.33333333333333,4.699999999999999,27.791666666666668,False,Kamis
202311.0,2023-11-24,krl,883315.0,87.20833333333333,22.2,26.6875,False,Jumat
202311.0,2023-11-25,krl,650780.0,90.79166666666667,10.299999999999999,25.479166666666668,True,Sabtu
202311.0,2023-11-26,krl,596699.0,82.95833333333333,5.1,26.991666666666664,True,Minggu
202311.0,2023-11-27,krl,909213.0,88.95833333333333,15.899999999999999,25.483333333333334,False,Senin
202311.0,2023-11-28,krl,887842.0,87.125,7.7,26.441666666666666,False,Selasa
202311.0,2023-11-29,krl,0.0,85.58333333333333,15.1,26.900000000000002,False,Rabu
202311.0,2023-11-30,krl,0.0,87.375,21.7,26.52916666666667,False,Kamis
202312.0,2023-12-01,krl,823686.0,90.91666666666667,11.3,25.541666666666668,False,Jumat
202312.0,2023-12-02,krl,894422.0,84.83333333333333,13.100000000000001,27.116666666666664,True,Sabtu
202312.0,2023-12-03,krl,910921.0,87.08333333333333,17.2,26.275000000000002,True,Minggu
202312.0,2023-12-04,krl,729786.0,89.20833333333333,14.5,26.041666666666668,False,Senin
202312.0,2023-12-05,krl,728597.0,85.20833333333333,3.1,27.162499999999998,False,Selasa
202312.0,2023-12-06,krl,929069.0,83.75,3.9,27.162499999999998,False,Rabu
202312.0,2023-12-07,krl,901039.0,85.04166666666667,8.5,27.133333333333336,False,Kamis
202312.0,2023-12-08,krl,898901.0,84.16666666666667,6.4,27.099999999999998,False,Jumat
202312.0,2023-12-09,krl,896058.0,86.0,6.3999999999999995,26.954166666666666,True,Sabtu
202312.0,2023-12-10,krl,902979.0,84.625,1.1,27.133333333333336,True,Minggu
202312.0,2023-12-11,krl,921542.0,79.45833333333333,0.6000000000000001,27.916666666666668,False,Senin
202312.0,2023-12-12,krl,921542.0,81.45833333333333,3.3,27.579166666666666,False,Selasa
202312.0,2023-12-13,krl,901023.0,73.04166666666667,0.2,27.920833333333334,False,Rabu
202312.0,2023-12-14,krl,900370.0,71.04166666666667,0.30000000000000004,28.620833333333334,False,Kamis
202312.0,2023-12-15,krl,897347.0,72.45833333333333,0.0,28.40833333333333,False,Jumat
202312.0,2023-12-16,krl,739056.0,70.83333333333333,0.1,28.425,True,Sabtu
202312.0,2023-12-17,krl,703076.0,70.79166666666667,0.0,28.6375,True,Minggu
202312.0,2023-12-18,krl,929964.0,70.0,0.0,29.025000000000002,False,Senin
202312.0,2023-12-19,krl,893651.0,66.625,0.0,29.15416666666667,False,Selasa
202312.0,2023-12-20,krl,895686.0,63.291666666666664,0.0,28.704166666666666,False,Rabu
202312.0,2023-12-21,krl,877254.0,62.791666666666664,0.0,28.233333333333334,False,Kamis
202312.0,2023-12-22,krl,879496.0,67.41666666666667,0.0,28.462500000000002,False,Jumat
202312.0,2023-12-23,krl,754750.0,70.875,1.4000000000000001,29.054166666666664,True,Sabtu
202312.0,2023-12-24,krl,719947.0,78.83333333333333,8.1,28.09583333333333,True,Minggu
202312.0,2023-12-25,krl,643630.0,84.95833333333333,13.6,26.8625,True,Senin
202312.0,2023-12-26,krl,673313.0,86.625,8.3,26.241666666666664,False,Selasa
202312.0,2023-12-27,krl,850304.0,85.70833333333333,11.1,26.958333333333332,False,Rabu
202312.0,2023-12-28,krl,870220.0,84.20833333333333,16.3,27.425,False,Kamis
202312.0,2023-12-29,krl,846941.0,86.95833333333333,7.9,27.454166666666666,False,Jumat
202312.0,2023-12-30,krl,794383.0,86.66666666666667,18.1,26.9875,True,Sabtu
202312.0,2023-12-31,krl,713912.0,87.91666666666667,19.400000000000002,26.75,True,Minggu
202401.0,2024-01-01,krl,870760.0,87.125,8.200000000000001,26.7375,True,Senin
202401.0,2024-01-02,krl,988279.0,83.66666666666667,2.5,27.391666666666666,False,Selasa
202401.0,2024-01-03,krl,911701.0,91.58333333333333,31.2,25.566666666666666,False,Rabu
202401.0,2024-01-04,krl,958012.0,92.33333333333333,81.7,25.145833333333332,False,Kamis
202401.0,2024-01-05,krl,947322.0,84.04166666666667,19.7,26.570833333333336,False,Jumat
202401.0,2024-01-06,krl,798322.0,86.04166666666667,7.1000000000000005,26.616666666666664,True,Sabtu
202401.0,2024-01-07,krl,798114.0,89.625,14.1,25.795833333333334,True,Minggu
202401.0,2024-01-08,krl,688412.0,88.91666666666667,7.0,26.25,False,Senin
202401.0,2024-01-09,krl,950789.0,83.58333333333333,1.1,27.129166666666666,False,Selasa
202401.0,2024-01-10,krl,919683.0,86.54166666666667,12.0,26.754166666666666,False,Rabu
202401.0,2024-01-11,krl,920561.0,86.20833333333333,8.4,26.741666666666664,False,Kamis
202401.0,2024-01-12,krl,902018.0,81.33333333333333,1.3,27.4375,False,Jumat
202401.0,2024-01-13,krl,922799.0,81.16666666666667,1.4000000000000001,27.416666666666668,True,Sabtu
202401.0,2024-01-14,krl,732353.0,85.25,17.2,26.745833333333334,True,Minggu
202401.0,2024-01-15,krl,944556.0,83.29166666666667,1.2,27.3875,False,Senin
202401.0,2024-01-16,krl,917677.0,79.75,0.1,27.620833333333334,False,Selasa
202401.0,2024-01-17,krl,902426.0,82.41666666666667,3.9999999999999996,27.116666666666664,False,Rabu
202401.0,2024-01-18,krl,905853.0,82.125,1.9000000000000001,27.020833333333332,False,Kamis
202401.0,2024-01-19,krl,838859.0,87.04166666666667,15.0,25.479166666666668,False,Jumat
202401.0,2024-01-20,krl,783001.0,71.79166666666667,0.0,27.941666666666666,True,Sabtu
202401.0,2024-01-21,krl,657590.0,77.25,9.5,27.566666666666666,True,Minggu
202401.0,2024-01-22,krl,937463.0,72.41666666666667,0.2,27.983333333333334,False,Senin
202401.0,2024-01-23,krl,900344.0,73.16666666666667,0.1,28.27916666666667,False,Selasa
202401.0,2024-01-24,krl,904134.0,76.75,2.0,27.65416666666667,False,Rabu
202401.0,2024-01-25,krl,897113.0,76.70833333333333,1.3,27.97083333333333,False,Kamis
202401.0,2024-01-26,krl,916574.0,85.08333333333333,5.1,26.504166666666666,False,Jumat
202401.0,2024-01-27,krl,717013.0,87.70833333333333,29.799999999999997,25.84166666666667,True,Sabtu
202401.0,2024-01-28,krl,659556.0,89.375,30.099999999999998,25.504166666666666,True,Minggu
202401.0,2024-01-29,krl,906586.0,90.33333333333333,27.4,25.625,False,Senin
202401.0,2024-01-30,krl,875459.0,86.91666666666667,14.5,26.125,False,Selasa
202401.0,2024-01-31,krl,889474.0,89.125,18.7,25.9875,False,Rabu
202402.0,2024-02-01,krl,912547.0,87.04166666666667,16.2,26.59166666666667,False,Kamis
202402.0,2024-02-02,krl,933427.0,85.41666666666667,10.6,26.954166666666666,False,Jumat
202402.0,2024-02-03,krl,781356.0,88.75,15.6,25.945833333333336,True,Sabtu
202402.0,2024-02-04,krl,663353.0,84.95833333333333,5.1000000000000005,26.679166666666664,True,Minggu
202402.0,2024-02-05,krl,955287.0,87.75,5.8999999999999995,26.2375,False,Senin
202402.0,2024-02-06,krl,916043.0,89.08333333333333,7.2,25.7375,False,Selasa
202402.0,2024-02-07,krl,984008.0,85.125,6.1,26.366666666666664,False,Rabu
202402.0,2024-02-08,krl,712380.0,82.16666666666667,3.9,26.96666666666667,True,Kamis
202402.0,2024-02-09,krl,734837.0,83.70833333333333,3.5,27.266666666666666,False,Jumat
202402.0,2024-02-10,krl,816076.0,86.75,6.2,26.429166666666664,True,Sabtu
202402.0,2024-02-11,krl,658295.0,84.0,12.8,26.683333333333334,True,Minggu
202402.0,2024-02-12,krl,945498.0,83.79166666666667,5.7,26.870833333333334,False,Senin
202402.0,2024-02-13,krl,1005819.0,85.45833333333333,12.1,26.858333333333334,False,Selasa
202402.0,2024-02-14,krl,568902.0,87.75,18.0,26.454166666666666,True,Rabu
202402.0,2024-02-15,krl,922880.0,87.0,7.300000000000001,27.09583333333333,False,Kamis
202402.0,2024-02-16,krl,915763.0,89.0,8.8,26.5,False,Jumat
202402.0,2024-02-17,krl,703450.0,88.66666666666667,19.7,26.162499999999998,True,Sabtu
202402.0,2024-02-18,krl,632151.0,86.83333333333333,2.0,26.795833333333334,True,Minggu
202402.0,2024-02-19,krl,964524.0,85.5,3.6,27.087500000000002,False,Senin
202402.0,2024-02-20,krl,933261.0,82.95833333333333,0.7,27.6875,False,Selasa
202402.0,2024-02-21,krl,927220.0,86.25,11.1,27.037499999999998,False,Rabu
202402.0,2024-02-22,krl,924451.0,80.83333333333333,0.2,27.97083333333333,False,Kamis
202402.0,2024-02-23,krl,930374.0,75.20833333333333,1.9,28.7,False,Jumat
202402.0,2024-02-24,krl,731736.0,86.95833333333333,13.200000000000001,26.758333333333336,True,Sabtu
202402.0,2024-02-25,krl,657342.0,88.625,21.6,26.320833333333336,True,Minggu
202402.0,2024-02-26,krl,966121.0,84.875,6.8,27.120833333333334,False,Senin
202402.0,2024-02-27,krl,937269.0,84.08333333333333,3.5,27.21666666666667,False,Selasa
202402.0,2024-02-28,krl,919349.0,88.66666666666667,34.1,25.691666666666666,False,Rabu
202402.0,2024-02-29,krl,923111.0,88.79166666666667,7.3,26.241666666666664,False,Kamis
202404.0,2024-04-01,krl,1041750.0,86.58333333333333,2.6,27.108333333333334,False,Senin
202404.0,2024-04-02,krl,1016377.0,87.875,11.3,27.212500000000002,False,Selasa
202404.0,2024-04-03,krl,1005224.0,89.91666666666667,12.7,26.8,False,Rabu
202403.0,2024-03-01,krl,977267.0,85.875,13.9,27.054166666666664,False,Jumat
202403.0,2024-03-02,krl,837056.0,90.29166666666667,14.6,26.59166666666667,True,Sabtu
202403.0,2024-03-03,krl,793555.0,88.54166666666667,8.7,26.458333333333332,True,Minggu
202403.0,2024-03-04,krl,1024456.0,82.75,9.6,27.53333333333333,False,Senin
202403.0,2024-03-05,krl,991360.0,80.91666666666667,14.2,27.604166666666668,False,Selasa
202403.0,2024-03-06,krl,994370.0,82.25,2.6,27.75,False,Rabu
202403.0,2024-03-07,krl,1012972.0,83.95833333333333,15.5,27.358333333333334,False,Kamis
202403.0,2024-03-08,krl,1035592.0,85.33333333333333,11.3,26.962500000000002,False,Jumat
202403.0,2024-03-09,krl,837022.0,91.54166666666667,11.2,25.541666666666668,True,Sabtu
202403.0,2024-03-10,krl,750603.0,87.58333333333333,4.5,26.3,True,Minggu
202403.0,2024-03-11,krl,569729.0,89.45833333333333,35.9,26.004166666666666,True,Senin
202403.0,2024-03-12,krl,585705.0,85.29166666666667,7.7,26.416666666666668,False,Selasa
202403.0,2024-03-13,krl,929293.0,88.75,21.5,25.879166666666666,False,Rabu
202403.0,2024-03-14,krl,893866.0,88.875,11.299999999999999,25.662499999999998,False,Kamis
202403.0,2024-03-15,krl,900548.0,87.54166666666667,5.8,26.212500000000002,False,Jumat
202403.0,2024-03-16,krl,557040.0,86.20833333333333,5.6000000000000005,25.900000000000002,True,Sabtu
202403.0,2024-03-17,krl,451255.0,84.125,5.0,26.391666666666666,True,Minggu
202403.0,2024-03-18,krl,957197.0,77.91666666666667,1.0,27.462500000000002,False,Senin
202403.0,2024-03-19,krl,919024.0,73.41666666666667,0.2,27.974999999999998,False,Selasa
202403.0,2024-03-20,krl,924695.0,72.83333333333333,0.0,27.504166666666666,False,Rabu
202403.0,2024-03-21,krl,935699.0,82.66666666666667,2.9,26.4875,False,Kamis
202403.0,2024-03-22,krl,915091.0,88.625,9.0,25.958333333333332,False,Jumat
202403.0,2024-03-23,krl,659891.0,83.5,4.3,27.608333333333334,True,Sabtu
202403.0,2024-03-24,krl,539098.0,84.33333333333333,6.6,27.087500000000002,True,Minggu
202403.0,2024-03-25,krl,986301.0,87.875,12.299999999999999,26.516666666666666,False,Senin
202403.0,2024-03-26,krl,953562.0,83.33333333333333,2.5,27.279166666666665,False,Selasa
202403.0,2024-03-27,krl,966133.0,89.33333333333333,16.3,26.34583333333333,False,Rabu
202403.0,2024-03-28,krl,1019271.0,87.45833333333333,5.7,26.7625,False,Kamis
202403.0,2024-03-29,krl,674165.0,85.08333333333333,5.2,26.995833333333334,True,Jumat
202403.0,2024-03-30,krl,740212.0,85.54166666666667,6.500000000000001,27.325,True,Sabtu
202403.0,2024-03-31,krl,669960.0,85.83333333333333,13.0,27.008333333333336,True,Minggu
202404.0,2024-04-04,krl,1025360.0,87.125,11.0,27.270833333333332,False,Kamis
202404.0,2024-04-05,krl,988646.0,86.16666666666667,5.6,27.4875,False,Jumat
202404.0,2024-04-06,krl,742916.0,87.08333333333333,3.1,27.662499999999998,True,Sabtu
202404.0,2024-04-07,krl,620707.0,83.08333333333333,2.6,28.087500000000002,True,Minggu
202404.0,2024-04-08,krl,599973.0,80.83333333333333,0.5,28.0625,False,Senin
202404.0,2024-04-09,krl,451270.0,85.16666666666667,6.199999999999999,27.666666666666668,False,Selasa
202404.0,2024-04-10,krl,587395.0,83.83333333333333,0.8,27.5625,True,Rabu
202404.0,2024-04-11,krl,777212.0,86.25,8.0,27.412499999999998,True,Kamis
202404.0,2024-04-12,krl,665916.0,88.875,16.2,26.1875,False,Jumat
202404.0,2024-04-13,krl,823879.0,84.75,6.9,27.46666666666667,True,Sabtu
202404.0,2024-04-14,krl,760126.0,86.125,3.2,26.958333333333332,True,Minggu
202404.0,2024-04-15,krl,779518.0,86.375,7.6,27.275000000000002,False,Senin
202404.0,2024-04-16,krl,958034.0,85.25,4.7,27.741666666666664,False,Selasa
202404.0,2024-04-17,krl,968640.0,86.70833333333333,5.0,26.916666666666668,False,Rabu
202404.0,2024-04-18,krl,965331.0,87.5,5.2,26.849999999999998,False,Kamis
202404.0,2024-04-19,krl,951679.0,86.45833333333333,4.1,27.150000000000002,False,Jumat
202404.0,2024-04-20,krl,794650.0,86.95833333333333,13.7,27.22083333333333,True,Sabtu
202404.0,2024-04-21,krl,703773.0,89.66666666666667,24.0,26.6375,True,Minggu
202404.0,2024-04-22,krl,981444.0,84.91666666666667,3.3000000000000003,27.71666666666667,False,Senin
202404.0,2024-04-23,krl,957131.0,88.16666666666667,12.7,27.270833333333332,False,Selasa
202404.0,2024-04-24,krl,957042.0,86.20833333333333,9.5,27.5125,False,Rabu
202404.0,2024-04-25,krl,952117.0,87.58333333333333,18.3,27.079166666666666,False,Kamis
202404.0,2024-04-26,krl,959679.0,87.95833333333333,8.0,27.116666666666664,False,Jumat
202404.0,2024-04-27,krl,784564.0,89.33333333333333,27.900000000000002,26.708333333333332,True,Sabtu
202404.0,2024-04-28,krl,702389.0,83.70833333333333,0.30000000000000004,27.8,True,Minggu
202404.0,2024-04-29,krl,989908.0,80.75,3.2,28.391666666666666,False,Senin
202404.0,2024-04-30,krl,992554.0,85.5,8.2,27.679166666666664,False,Selasa
202406.0,2024-06-03,krl,1003408.0,87.58333333333333,7.6,26.316666666666666,False,Senin
202406.0,2024-06-04,krl,985563.0,83.83333333333333,2.0,27.766666666666666,False,Selasa
202406.0,2024-06-05,krl,989541.0,83.66666666666667,1.1,27.53333333333333,False,Rabu
202406.0,2024-06-06,krl,1000417.0,78.375,1.4,27.65416666666667,False,Kamis
202406.0,2024-06-07,krl,996788.0,80.54166666666667,0.2,27.27916666666667,False,Jumat
202406.0,2024-06-08,krl,807388.0,79.29166666666667,1.9000000000000001,27.479166666666668,True,Sabtu
202406.0,2024-06-09,krl,703468.0,86.33333333333333,12.1,26.629166666666666,True,Minggu
202406.0,2024-06-10,krl,1000931.0,84.33333333333333,8.1,27.583333333333332,False,Senin
202406.0,2024-06-11,krl,977442.0,88.5,6.3,26.079166666666666,False,Selasa
202406.0,2024-06-12,krl,971721.0,88.75,10.1,25.895833333333332,False,Rabu
202406.0,2024-06-13,krl,966228.0,88.33333333333333,10.5,26.170833333333334,False,Kamis
202406.0,2024-06-14,krl,973585.0,84.54166666666667,8.2,27.09583333333333,False,Jumat
202406.0,2024-06-15,krl,739917.0,87.375,14.0,26.6875,True,Sabtu
202406.0,2024-06-16,krl,585069.0,88.58333333333333,10.5,26.349999999999998,True,Minggu
202406.0,2024-06-17,krl,526807.0,82.875,0.7000000000000001,27.245833333333334,True,Senin
202406.0,2024-06-18,krl,781472.0,85.95833333333333,5.6000000000000005,26.395833333333332,False,Selasa
202406.0,2024-06-19,krl,1011023.0,79.83333333333333,0.5,27.349999999999998,False,Rabu
202406.0,2024-06-20,krl,984785.0,75.5,0.0,27.40416666666667,False,Kamis
202406.0,2024-06-21,krl,974053.0,76.41666666666667,0.1,26.916666666666668,False,Jumat
202406.0,2024-06-22,krl,883631.0,80.08333333333333,0.1,26.704166666666666,True,Sabtu
202406.0,2024-06-23,krl,713464.0,74.33333333333333,0.0,26.945833333333336,True,Minggu
202406.0,2024-06-24,krl,1010366.0,78.20833333333333,4.9,27.141666666666666,False,Senin
202406.0,2024-06-25,krl,981652.0,85.08333333333333,10.1,26.816666666666666,False,Selasa
202406.0,2024-06-26,krl,1003886.0,79.66666666666667,0.9,27.445833333333336,False,Rabu
202406.0,2024-06-27,krl,984044.0,84.04166666666667,5.4,27.150000000000002,False,Kamis
202406.0,2024-06-28,krl,997883.0,87.25,6.9,26.691666666666666,False,Jumat
202406.0,2024-06-29,krl,824115.0,88.33333333333333,7.3,26.333333333333332,True,Sabtu
202406.0,2024-06-30,krl,835677.0,82.70833333333333,0.5,26.9875,True,Minggu
202406.0,2024-06-01,krl,815519.0,87.625,2.4,27.316666666666666,True,Sabtu
202406.0,2024-06-02,krl,709632.0,87.08333333333333,14.2,27.366666666666664,True,Minggu
202405.0,2024-05-01,krl,1002616.0,88.20833333333333,13.0,27.075,True,Rabu
202405.0,2024-05-02,krl,975353.0,85.875,15.5,27.570833333333336,False,Kamis
202405.0,2024-05-03,krl,793957.0,85.0,5.2,27.65833333333333,False,Jumat
202405.0,2024-05-04,krl,711676.0,81.70833333333333,0.7000000000000001,27.825,True,Sabtu
202405.0,2024-05-05,krl,1009524.0,82.29166666666667,3.4,27.8625,True,Minggu
202405.0,2024-05-06,krl,982585.0,81.04166666666667,4.4,27.733333333333334,False,Senin
202405.0,2024-05-07,krl,1031383.0,77.04166666666667,0.6000000000000001,28.416666666666668,False,Selasa
202405.0,2024-05-08,krl,693740.0,78.875,1.7000000000000002,28.0625,False,Rabu
202405.0,2024-05-09,krl,760230.0,81.75,2.7,27.7,True,Kamis
202405.0,2024-05-10,krl,788915.0,82.91666666666667,10.6,28.0625,False,Jumat
202405.0,2024-05-11,krl,713985.0,84.75,4.5,27.454166666666666,True,Sabtu
202405.0,2024-05-12,krl,1006562.0,80.625,7.6,28.104166666666668,True,Minggu
202405.0,2024-05-13,krl,971436.0,88.54166666666667,28.4,27.004166666666666,False,Senin
202405.0,2024-05-14,krl,974609.0,88.625,4.5,26.870833333333334,False,Selasa
202405.0,2024-05-15,krl,964649.0,80.25,2.4,28.508333333333336,False,Rabu
202405.0,2024-05-16,krl,972900.0,83.54166666666667,3.9000000000000004,27.695833333333336,False,Kamis
202405.0,2024-05-17,krl,775173.0,80.91666666666667,0.4,28.016666666666666,False,Jumat
202405.0,2024-05-18,krl,661635.0,81.5,0.8,27.900000000000002,True,Sabtu
202405.0,2024-05-19,krl,993049.0,80.41666666666667,8.1,27.945833333333336,True,Minggu
202405.0,2024-05-20,krl,961156.0,78.79166666666667,0.5,28.28333333333333,False,Senin
202405.0,2024-05-21,krl,1000825.0,79.5,7.300000000000001,28.166666666666668,False,Selasa
202405.0,2024-05-22,krl,660736.0,86.20833333333333,11.7,27.120833333333334,False,Rabu
202405.0,2024-05-23,krl,723567.0,87.75,11.2,26.650000000000002,True,Kamis
202405.0,2024-05-24,krl,690567.0,89.58333333333333,19.9,26.383333333333336,False,Jumat
202405.0,2024-05-25,krl,660263.0,94.5,36.7,24.974999999999998,True,Sabtu
202405.0,2024-05-26,krl,988458.0,81.29166666666667,0.1,28.0125,True,Minggu
202405.0,2024-05-27,krl,962324.0,82.16666666666667,0.7000000000000001,28.366666666666664,False,Senin
202405.0,2024-05-28,krl,963622.0,84.0,3.2,27.808333333333334,False,Selasa
202405.0,2024-05-29,krl,992226.0,84.375,2.1,27.53333333333333,False,Rabu
202405.0,2024-05-30,krl,990016.0,81.70833333333333,1.0,27.8125,False,Kamis
202405.0,2024-05-31,krl,990016.0,83.20833333333333,1.1,28.02916666666667,False,Jumat
202407.0,2024-07-13,krl,865974.0,73.875,0.0,25.741666666666664,True,Sabtu
202407.0,2024-07-14,krl,749379.0,70.79166666666667,0.0,26.1375,True,Minggu
202407.0,2024-07-15,krl,978469.0,70.66666666666667,0.0,26.125,False,Senin
202407.0,2024-07-16,krl,958823.0,70.20833333333333,0.0,26.370833333333334,False,Selasa
202407.0,2024-07-17,krl,960516.0,77.125,1.2000000000000002,26.5,False,Rabu
202407.0,2024-07-18,krl,959875.0,77.75,0.1,27.175,False,Kamis
202407.0,2024-07-19,krl,962962.0,74.70833333333333,0.30000000000000004,27.270833333333332,False,Jumat
202407.0,2024-07-20,krl,761906.0,73.875,0.0,27.275000000000002,True,Sabtu
202407.0,2024-07-21,krl,663692.0,71.66666666666667,0.0,27.55,True,Minggu
202407.0,2024-07-22,krl,983141.0,73.25,0.0,27.633333333333336,False,Senin
202407.0,2024-07-23,krl,956631.0,71.125,0.0,27.75,False,Selasa
202407.0,2024-07-24,krl,953266.0,73.125,0.4,27.333333333333332,False,Rabu
202407.0,2024-07-25,krl,952727.0,77.58333333333333,1.3,26.808333333333334,False,Kamis
202407.0,2024-07-26,krl,968718.0,77.91666666666667,0.6000000000000001,27.179166666666664,False,Jumat
202407.0,2024-07-27,krl,799679.0,72.91666666666667,0.0,27.6375,True,Sabtu
202407.0,2024-07-28,krl,700311.0,72.54166666666667,0.6,27.662499999999998,True,Minggu
202407.0,2024-07-29,krl,993607.0,71.875,0.1,27.745833333333334,False,Senin
202407.0,2024-07-30,krl,954495.0,69.75,0.0,27.72083333333333,False,Selasa
202407.0,2024-07-31,krl,961248.0,73.08333333333333,0.0,27.6375,False,Rabu
202409.0,2024-09-01,krl,747345.0,70.45833333333333,0.0,28.5,True,Minggu
202409.0,2024-09-02,krl,1027018.0,77.875,3.3,28.325,False,Senin
202409.0,2024-09-03,krl,999700.0,80.20833333333333,6.6,27.45,False,Selasa
202409.0,2024-09-04,krl,1000235.0,71.66666666666667,0.1,27.883333333333336,False,Rabu
202409.0,2024-09-05,krl,929521.0,73.33333333333333,9.4,27.8,False,Kamis
202409.0,2024-09-06,krl,1011908.0,74.16666666666667,1.0,28.166666666666668,False,Jumat
202409.0,2024-09-07,krl,818675.0,63.125,0.0,29.579166666666666,True,Sabtu
202409.0,2024-09-08,krl,729264.0,64.79166666666667,0.3,29.141666666666666,True,Minggu
202409.0,2024-09-09,krl,1020736.0,78.95833333333333,9.7,27.391666666666666,False,Senin
202409.0,2024-09-10,krl,1012201.0,84.70833333333333,16.3,26.458333333333332,False,Selasa
202409.0,2024-09-11,krl,999506.0,79.54166666666667,0.9,26.879166666666666,False,Rabu
202409.0,2024-09-12,krl,995227.0,79.91666666666667,12.4,26.929166666666664,False,Kamis
202409.0,2024-09-13,krl,1020554.0,79.79166666666667,0.6000000000000001,26.854166666666668,False,Jumat
202409.0,2024-09-14,krl,838828.0,67.08333333333333,0.0,27.566666666666666,True,Sabtu
202409.0,2024-09-15,krl,791397.0,70.33333333333333,0.0,27.325,True,Minggu
202409.0,2024-09-16,krl,715397.0,67.95833333333333,0.1,27.945833333333336,True,Senin
202409.0,2024-09-17,krl,1026429.0,67.41666666666667,0.0,27.516666666666666,False,Selasa
202409.0,2024-09-18,krl,995854.0,65.66666666666667,0.0,27.233333333333334,False,Rabu
202409.0,2024-09-19,krl,987433.0,67.91666666666667,0.0,27.3125,False,Kamis
202409.0,2024-09-20,krl,998143.0,70.875,0.0,27.554166666666664,False,Jumat
202409.0,2024-09-21,krl,774826.0,75.375,0.0,27.866666666666664,True,Sabtu
202409.0,2024-09-22,krl,645168.0,76.83333333333333,1.2000000000000002,28.333333333333332,True,Minggu
202409.0,2024-09-23,krl,1007921.0,77.83333333333333,1.9,28.2,False,Senin
202409.0,2024-09-24,krl,969673.0,83.45833333333333,10.200000000000001,26.875,False,Selasa
202409.0,2024-09-25,krl,979730.0,79.25,5.1,27.34166666666667,False,Rabu
202409.0,2024-09-26,krl,978421.0,82.125,13.3,26.733333333333334,False,Kamis
202409.0,2024-09-27,krl,1015440.0,81.95833333333333,2.1,27.554166666666664,False,Jumat
202409.0,2024-09-28,krl,819190.0,85.29166666666667,12.4,27.21666666666667,True,Sabtu
202409.0,2024-09-29,krl,708614.0,79.45833333333333,3.1,27.704166666666666,True,Minggu
202409.0,2024-09-30,krl,1043632.0,78.04166666666667,0.30000000000000004,27.837500000000002,False,Senin
202408.0,2024-08-01,krl,968556.0,76.91666666666667,2.8,27.333333333333332,False,Kamis
202408.0,2024-08-02,krl,981898.0,82.70833333333333,10.6,26.320833333333336,False,Jumat
202408.0,2024-08-03,krl,825457.0,83.79166666666667,17.0,26.400000000000002,True,Sabtu
202408.0,2024-08-04,krl,750731.0,78.16666666666667,0.6,27.34583333333333,True,Minggu
202408.0,2024-08-05,krl,1010244.0,84.33333333333333,6.5,26.145833333333332,False,Senin
202408.0,2024-08-06,krl,982386.0,74.33333333333333,0.0,27.1375,False,Selasa
202408.0,2024-08-07,krl,980771.0,73.20833333333333,0.1,27.441666666666666,False,Rabu
202408.0,2024-08-08,krl,973322.0,75.33333333333333,1.0999999999999999,27.587500000000002,False,Kamis
202408.0,2024-08-09,krl,987529.0,75.58333333333333,0.8,27.71666666666667,False,Jumat
202408.0,2024-08-10,krl,839692.0,76.58333333333333,0.30000000000000004,27.495833333333334,True,Sabtu
202408.0,2024-08-11,krl,708189.0,80.91666666666667,2.9,26.954166666666666,True,Minggu
202408.0,2024-08-12,krl,1000466.0,72.625,0.1,26.941666666666666,False,Senin
202408.0,2024-08-13,krl,975412.0,71.95833333333333,0.0,26.6125,False,Selasa
202408.0,2024-08-14,krl,967979.0,73.04166666666667,0.0,27.037499999999998,False,Rabu
202408.0,2024-08-15,krl,962710.0,72.33333333333333,0.0,27.758333333333336,False,Kamis
202408.0,2024-08-16,krl,1026898.0,73.75,0.2,27.708333333333332,False,Jumat
202408.0,2024-08-17,krl,697968.0,74.875,0.0,27.820833333333336,True,Sabtu
202408.0,2024-08-18,krl,651942.0,75.29166666666667,0.5,27.90416666666667,True,Minggu
202408.0,2024-08-19,krl,986898.0,75.20833333333333,0.0,27.666666666666668,False,Senin
202408.0,2024-08-20,krl,954302.0,76.66666666666667,0.0,27.333333333333332,False,Selasa
202408.0,2024-08-21,krl,952975.0,75.45833333333333,0.8,27.625,False,Rabu
202408.0,2024-08-22,krl,957453.0,75.04166666666667,0.1,27.95,False,Kamis
202408.0,2024-08-23,krl,959852.0,72.5,0.0,28.045833333333334,False,Jumat
202408.0,2024-08-24,krl,765301.0,72.66666666666667,3.7,27.575,True,Sabtu
202408.0,2024-08-25,krl,668807.0,72.83333333333333,0.1,27.325,True,Minggu
202408.0,2024-08-26,krl,994560.0,68.5,0.0,28.120833333333334,False,Senin
202408.0,2024-08-27,krl,942622.0,68.29166666666667,0.1,28.583333333333332,False,Selasa
202408.0,2024-08-28,krl,960820.0,62.833333333333336,0.0,28.954166666666666,False,Rabu
202408.0,2024-08-29,krl,956476.0,66.0,0.1,28.604166666666668,False,Kamis
202408.0,2024-08-30,krl,990436.0,68.125,0.2,27.854166666666668,False,Jumat
202408.0,2024-08-31,krl,826493.0,67.375,0.0,28.104166666666668,True,Sabtu
202407.0,2024-07-01,krl,1149417.0,84.66666666666667,5.3,26.787499999999998,False,Senin
202407.0,2024-07-02,krl,1062478.0,85.875,10.2,26.191666666666666,False,Selasa
202407.0,2024-07-03,krl,1072604.0,81.79166666666667,0.8,27.162499999999998,False,Rabu
202407.0,2024-07-04,krl,1044488.0,86.5,14.3,26.09166666666667,False,Kamis
202407.0,2024-07-05,krl,1029183.0,85.08333333333333,9.6,26.40416666666667,False,Jumat
202407.0,2024-07-06,krl,772803.0,90.0,47.4,24.983333333333334,True,Sabtu
202407.0,2024-07-07,krl,791548.0,85.45833333333333,4.2,25.8125,True,Minggu
202407.0,2024-07-08,krl,1053695.0,84.95833333333333,18.7,26.441666666666666,False,Senin
202407.0,2024-07-09,krl,1044313.0,86.0,11.0,26.041666666666668,False,Selasa
202407.0,2024-07-10,krl,1036197.0,78.16666666666667,0.0,27.166666666666668,False,Rabu
202407.0,2024-07-11,krl,1035272.0,79.66666666666667,0.5,26.8125,False,Kamis
202407.0,2024-07-12,krl,1029515.0,73.79166666666667,0.0,26.900000000000002,False,Jumat
202411.0,2024-11-01,krl,1027879.0,78.04166666666667,6.7,27.77916666666667,False,Jumat
202411.0,2024-11-02,krl,830509.0,82.625,9.3,27.358333333333334,True,Sabtu
202411.0,2024-11-03,krl,730586.0,88.29166666666667,11.2,25.870833333333334,True,Minggu
202411.0,2024-11-04,krl,1042063.0,84.45833333333333,12.8,26.662499999999998,False,Senin
202411.0,2024-11-05,krl,992834.0,86.45833333333333,12.3,26.27916666666667,False,Selasa
202411.0,2024-11-06,krl,1005519.0,86.5,16.3,26.120833333333334,False,Rabu
202411.0,2024-11-07,krl,32836.0,84.29166666666667,10.200000000000001,26.608333333333334,False,Kamis
202411.0,2024-11-08,krl,1018356.0,77.79166666666667,0.7000000000000001,27.945833333333336,False,Jumat
202411.0,2024-11-09,krl,819809.0,80.75,15.1,27.558333333333334,True,Sabtu
202411.0,2024-11-10,krl,736094.0,82.875,7.9,27.15833333333333,True,Minggu
202411.0,2024-11-11,krl,1013605.0,86.29166666666667,19.900000000000002,26.47083333333333,False,Senin
202411.0,2024-11-12,krl,991003.0,87.04166666666667,13.000000000000002,26.383333333333336,False,Selasa
202411.0,2024-11-13,krl,999488.0,86.5,14.9,27.133333333333336,False,Rabu
202411.0,2024-11-14,krl,993325.0,81.54166666666667,5.1,27.958333333333332,False,Kamis
202411.0,2024-11-15,krl,1016756.0,79.625,7.2,27.983333333333334,False,Jumat
202411.0,2024-11-16,krl,759298.0,84.16666666666667,12.1,27.266666666666666,True,Sabtu
202411.0,2024-11-17,krl,679633.0,85.375,12.3,27.0125,True,Minggu
202411.0,2024-11-18,krl,1010499.0,85.45833333333333,13.4,26.712500000000002,False,Senin
202411.0,2024-11-19,krl,984129.0,81.66666666666667,7.1,27.666666666666668,False,Selasa
202411.0,2024-11-20,krl,970711.0,80.25,6.4,27.712500000000002,False,Rabu
202411.0,2024-11-21,krl,968646.0,82.66666666666667,6.1,27.433333333333334,False,Kamis
202411.0,2024-11-22,krl,983601.0,84.29166666666667,9.6,27.020833333333332,False,Jumat
202411.0,2024-11-23,krl,749503.0,82.75,9.0,27.683333333333334,True,Sabtu
202411.0,2024-11-24,krl,677216.0,83.375,2.3,27.5,True,Minggu
202411.0,2024-11-25,krl,1016352.0,82.95833333333333,11.5,27.84166666666667,False,Senin
202411.0,2024-11-26,krl,1043550.0,79.91666666666667,6.3,28.316666666666666,False,Selasa
202411.0,2024-11-27,krl,622821.0,83.95833333333333,4.4,27.266666666666666,True,Rabu
202411.0,2024-11-28,krl,1019148.0,80.625,0.4,27.5125,False,Kamis
202411.0,2024-11-29,krl,1006304.0,75.5,0.30000000000000004,27.945833333333336,False,Jumat
202411.0,2024-11-30,krl,815179.0,70.375,2.4,29.025000000000002,True,Sabtu
202410.0,2024-10-01,krl,1037644.0,75.875,1.1,28.27916666666667,False,Selasa
202410.0,2024-10-02,krl,1038270.0,78.33333333333333,2.1,27.9875,False,Rabu
202410.0,2024-10-03,krl,1026790.0,82.91666666666667,6.6000000000000005,27.333333333333332,False,Kamis
202410.0,2024-10-04,krl,1049025.0,83.875,24.9,27.0,False,Jumat
202410.0,2024-10-05,krl,1209506.0,84.125,2.9,26.866666666666664,True,Sabtu
202410.0,2024-10-06,krl,818576.0,82.58333333333333,11.6,27.120833333333334,True,Minggu
202410.0,2024-10-07,krl,1047038.0,75.79166666666667,0.1,27.641666666666666,False,Senin
202410.0,2024-10-08,krl,1014898.0,72.16666666666667,0.0,28.295833333333334,False,Selasa
202410.0,2024-10-09,krl,1015314.0,75.33333333333333,1.3,28.208333333333332,False,Rabu
202410.0,2024-10-10,krl,1006511.0,76.91666666666667,5.9,27.929166666666664,False,Kamis
202410.0,2024-10-11,krl,1023644.0,77.25,1.5000000000000002,28.329166666666666,False,Jumat
202410.0,2024-10-12,krl,812578.0,83.91666666666667,11.200000000000001,27.479166666666668,True,Sabtu
202410.0,2024-10-13,krl,695861.0,84.5,15.0,26.96666666666667,True,Minggu
202410.0,2024-10-14,krl,1030507.0,81.33333333333333,6.0,27.45,False,Senin
202410.0,2024-10-15,krl,1002702.0,75.0,1.5,28.208333333333332,False,Selasa
202410.0,2024-10-16,krl,1003125.0,72.95833333333333,0.1,28.695833333333336,False,Rabu
202410.0,2024-10-17,krl,1000462.0,58.666666666666664,0.0,28.5625,False,Kamis
202410.0,2024-10-18,krl,1018458.0,64.33333333333333,0.0,28.1875,False,Jumat
202410.0,2024-10-19,krl,797527.0,68.45833333333333,0.6,28.579166666666666,True,Sabtu
202410.0,2024-10-20,krl,757573.0,59.666666666666664,0.0,28.77916666666667,True,Minggu
202410.0,2024-10-21,krl,1031841.0,67.25,0.30000000000000004,28.645833333333332,False,Senin
202410.0,2024-10-22,krl,999949.0,65.29166666666667,0.0,29.320833333333336,False,Selasa
202410.0,2024-10-23,krl,995009.0,69.16666666666667,2.5,29.1375,False,Rabu
202410.0,2024-10-24,krl,987980.0,77.875,9.0,28.016666666666666,False,Kamis
202410.0,2024-10-25,krl,1001323.0,76.125,0.8999999999999999,28.041666666666668,False,Jumat
202410.0,2024-10-26,krl,804653.0,64.66666666666667,0.0,28.995833333333334,True,Sabtu
202410.0,2024-10-27,krl,693477.0,66.375,0.4,29.34166666666667,True,Minggu
202410.0,2024-10-28,krl,1017175.0,65.79166666666667,0.0,29.695833333333336,False,Senin
202410.0,2024-10-29,krl,993302.0,68.875,0.6,29.625,False,Selasa
202410.0,2024-10-30,krl,1003302.0,69.125,2.6,29.28333333333333,False,Rabu
202410.0,2024-10-31,krl,999191.0,72.66666666666667,3.3999999999999995,28.758333333333336,False,Kamis
202412.0,2024-12-01,krl,711894.0,73.125,11.2,28.78333333333333,True,Minggu
202412.0,2024-12-02,krl,1038347.0,76.83333333333333,7.1,27.59166666666667,False,Senin
202412.0,2024-12-03,krl,998642.0,84.83333333333333,18.2,25.895833333333332,False,Selasa
202412.0,2024-12-04,krl,984513.0,87.08333333333333,14.7,25.52916666666667,False,Rabu
202412.0,2024-12-05,krl,998070.0,87.25,20.4,26.041666666666668,False,Kamis
202412.0,2024-12-06,krl,1022144.0,89.66666666666667,11.7,25.77916666666667,False,Jumat
202412.0,2024-12-07,krl,814226.0,86.20833333333333,16.1,26.958333333333332,True,Sabtu
202412.0,2024-12-08,krl,705014.0,86.95833333333333,16.8,26.78333333333333,True,Minggu
202412.0,2024-12-09,krl,999688.0,87.16666666666667,24.5,26.704166666666666,False,Senin
202412.0,2024-12-10,krl,988474.0,84.95833333333333,5.800000000000001,26.704166666666666,False,Selasa
202412.0,2024-12-11,krl,1005718.0,81.70833333333333,13.399999999999999,27.162499999999998,False,Rabu
202412.0,2024-12-12,krl,1005478.0,75.29166666666667,2.4000000000000004,27.870833333333334,False,Kamis
202412.0,2024-12-13,krl,1006050.0,76.04166666666667,3.7,27.837500000000002,False,Jumat
202412.0,2024-12-14,krl,779387.0,81.91666666666667,6.2,26.900000000000002,True,Sabtu
202412.0,2024-12-15,krl,671988.0,88.45833333333333,27.2,25.825,True,Minggu
202412.0,2024-12-16,krl,0.0,87.33333333333333,15.5,26.224999999999998,False,Senin
202412.0,2024-12-17,krl,0.0,82.625,12.1,26.820833333333336,False,Selasa
202412.0,2024-12-18,krl,1018591.0,79.95833333333333,5.1,27.3875,False,Rabu
202412.0,2024-12-19,krl,1003234.0,86.16666666666667,17.9,26.370833333333334,False,Kamis
202412.0,2024-12-20,krl,1009686.0,86.41666666666667,7.800000000000001,26.337500000000002,False,Jumat
202412.0,2024-12-21,krl,819346.0,85.16666666666667,16.5,26.504166666666666,True,Sabtu
202412.0,2024-12-22,krl,688596.0,85.5,5.1000000000000005,26.900000000000002,True,Minggu
202412.0,2024-12-23,krl,1031024.0,88.33333333333333,17.599999999999998,26.233333333333334,False,Senin
202412.0,2024-12-24,krl,996792.0,88.16666666666667,16.1,25.75,False,Selasa
202412.0,2024-12-25,krl,674556.0,85.83333333333333,10.3,26.383333333333336,True,Rabu
202412.0,2024-12-26,krl,763062.0,82.79166666666667,5.4,27.09583333333333,False,Kamis
202412.0,2024-12-27,krl,932855.0,77.91666666666667,0.7000000000000001,28.037499999999998,False,Jumat
202412.0,2024-12-28,krl,839635.0,68.83333333333333,0.1,28.558333333333334,True,Sabtu
202412.0,2024-12-29,krl,794896.0,78.75,0.6000000000000001,27.59583333333333,True,Minggu
202412.0,2024-12-30,krl,1017880.0,79.25,3.7,26.71666666666667,False,Senin
202412.0,2024-12-31,krl,390448.0,77.20833333333333,1.7,27.433333333333334,False,Selasa
202301.0,2023-01-01,lrt,1653.0,89.66666666666667,21.799999999999997,24.383333333333336,True,Minggu
202301.0,2023-01-02,lrt,2230.0,85.66666666666667,11.8,24.933333333333334,False,Senin
202301.0,2023-01-03,lrt,2240.0,90.0,14.0,24.170833333333334,False,Selasa
202301.0,2023-01-04,lrt,2213.0,85.91666666666667,7.2,25.175,False,Rabu
202301.0,2023-01-05,lrt,2274.0,80.79166666666667,0.8,26.254166666666666,False,Kamis
202301.0,2023-01-06,lrt,2714.0,74.95833333333333,0.1,27.075,False,Jumat
202301.0,2023-01-07,lrt,2402.0,76.95833333333333,0.9,26.933333333333334,True,Sabtu
202301.0,2023-01-08,lrt,2236.0,79.33333333333333,3.2,26.6875,True,Minggu
202301.0,2023-01-09,lrt,2207.0,79.58333333333333,3.2,26.858333333333334,False,Senin
202301.0,2023-01-10,lrt,2285.0,81.29166666666667,0.9,26.933333333333334,False,Selasa
202301.0,2023-01-11,lrt,2451.0,79.41666666666667,3.8,27.15416666666667,False,Rabu
202301.0,2023-01-12,lrt,2487.0,79.54166666666667,0.4,27.304166666666664,False,Kamis
202301.0,2023-01-13,lrt,2487.0,82.91666666666667,3.8,26.320833333333336,False,Jumat
202301.0,2023-01-14,lrt,2532.0,77.16666666666667,0.9,27.46666666666667,True,Sabtu
202301.0,2023-01-15,lrt,2166.0,73.25,1.2,27.583333333333332,True,Minggu
202301.0,2023-01-16,lrt,2331.0,77.5,1.5,27.045833333333334,False,Senin
202301.0,2023-01-17,lrt,2481.0,84.04166666666667,4.8999999999999995,25.704166666666666,False,Selasa
202301.0,2023-01-18,lrt,2597.0,88.375,9.6,25.15833333333333,False,Rabu
202301.0,2023-01-19,lrt,2547.0,87.875,5.7,25.116666666666664,False,Kamis
202301.0,2023-01-20,lrt,2438.0,84.58333333333333,2.3000000000000003,25.712500000000002,False,Jumat
202301.0,2023-01-21,lrt,2298.0,81.83333333333333,4.3999999999999995,26.25,True,Sabtu
202301.0,2023-01-22,lrt,2165.0,79.16666666666667,0.5,26.78333333333333,True,Minggu
202301.0,2023-01-23,lrt,2237.0,82.375,3.8,25.920833333333334,False,Senin
202301.0,2023-01-24,lrt,4024.0,81.29166666666667,2.0,26.116666666666664,False,Selasa
202301.0,2023-01-25,lrt,2447.0,86.375,12.399999999999999,24.995833333333334,False,Rabu
202301.0,2023-01-26,lrt,2541.0,80.5,2.3,26.245833333333334,False,Kamis
202301.0,2023-01-27,lrt,2529.0,86.54166666666667,9.6,25.554166666666664,False,Jumat
202301.0,2023-01-28,lrt,2133.0,91.16666666666667,23.2,24.666666666666668,True,Sabtu
202301.0,2023-01-29,lrt,2070.0,86.41666666666667,24.8,25.291666666666668,True,Minggu
202301.0,2023-01-30,lrt,2357.0,85.125,5.2,25.733333333333334,False,Senin
202301.0,2023-01-31,lrt,2466.0,86.08333333333333,3.3,26.27916666666667,False,Selasa
202302.0,2023-02-01,lrt,32836.0,88.79166666666667,3.5,25.479166666666668,False,Rabu
202302.0,2023-02-02,lrt,32836.0,90.0,11.5,25.383333333333336,False,Kamis
202302.0,2023-02-03,lrt,32836.0,81.29166666666667,0.8,26.041666666666668,False,Jumat
202302.0,2023-02-04,lrt,32836.0,83.5,1.7,25.974999999999998,True,Sabtu
202302.0,2023-02-05,lrt,32836.0,79.83333333333333,8.6,26.495833333333334,True,Minggu
202302.0,2023-02-06,lrt,32836.0,74.16666666666667,0.1,27.400000000000002,False,Senin
202302.0,2023-02-07,lrt,32836.0,85.45833333333333,4.8,26.016666666666666,False,Selasa
202302.0,2023-02-08,lrt,32836.0,79.125,0.8,26.729166666666668,False,Rabu
202302.0,2023-02-09,lrt,32836.0,78.0,1.7,26.5125,False,Kamis
202302.0,2023-02-10,lrt,32836.0,81.66666666666667,25.4,26.09583333333333,False,Jumat
202302.0,2023-02-11,lrt,32836.0,89.54166666666667,14.200000000000001,25.03333333333333,True,Sabtu
202303.0,2023-03-01,lrt,2803.0,88.16666666666667,23.3,24.925,False,Rabu
202303.0,2023-03-02,lrt,3196.0,93.375,25.5,23.695833333333336,False,Kamis
202303.0,2023-03-03,lrt,2815.0,85.45833333333333,16.4,25.6875,False,Jumat
202303.0,2023-03-04,lrt,2829.0,87.95833333333333,12.2,24.8,True,Sabtu
202303.0,2023-03-05,lrt,2154.0,82.08333333333333,1.0,26.025000000000002,True,Minggu
202303.0,2023-03-06,lrt,2778.0,80.41666666666667,1.4,26.59583333333333,False,Senin
202303.0,2023-03-07,lrt,2801.0,82.16666666666667,5.300000000000001,26.141666666666666,False,Selasa
202303.0,2023-03-08,lrt,2932.0,87.70833333333333,4.6,25.333333333333332,False,Rabu
202303.0,2023-03-09,lrt,2242.0,86.58333333333333,6.699999999999999,25.454166666666666,False,Kamis
202303.0,2023-03-10,lrt,2928.0,87.45833333333333,3.8000000000000003,25.679166666666664,False,Jumat
202303.0,2023-03-11,lrt,2720.0,86.33333333333333,5.3,25.9875,True,Sabtu
202303.0,2023-03-12,lrt,2165.0,86.83333333333333,2.6,25.895833333333332,True,Minggu
202303.0,2023-03-13,lrt,2859.0,83.625,3.7,26.079166666666666,False,Senin
202302.0,2023-02-12,lrt,32836.0,90.95833333333333,39.4,24.3625,True,Minggu
202302.0,2023-02-13,lrt,32836.0,83.33333333333333,7.3,26.166666666666668,False,Senin
202302.0,2023-02-14,lrt,32836.0,88.25,10.2,25.079166666666666,False,Selasa
202302.0,2023-02-15,lrt,32836.0,86.20833333333333,17.6,25.3,False,Rabu
202302.0,2023-02-16,lrt,32836.0,88.75,16.5,25.079166666666666,False,Kamis
202302.0,2023-02-17,lrt,32836.0,89.70833333333333,11.2,24.78333333333333,False,Jumat
202302.0,2023-02-18,lrt,32836.0,86.54166666666667,0.8,25.599999999999998,True,Sabtu
202302.0,2023-02-19,lrt,32836.0,87.45833333333333,15.7,25.45,True,Minggu
202302.0,2023-02-20,lrt,32836.0,83.16666666666667,5.2,25.84166666666667,False,Senin
202302.0,2023-02-21,lrt,32836.0,87.20833333333333,11.2,25.287499999999998,False,Selasa
202302.0,2023-02-22,lrt,32836.0,89.54166666666667,23.5,24.8125,False,Rabu
202302.0,2023-02-23,lrt,32836.0,89.125,20.3,25.099999999999998,False,Kamis
202302.0,2023-02-24,lrt,32836.0,90.16666666666667,29.5,24.787499999999998,False,Jumat
202302.0,2023-02-25,lrt,32836.0,88.625,14.8,25.125,True,Sabtu
202302.0,2023-02-26,lrt,32836.0,87.45833333333333,23.4,25.21666666666667,True,Minggu
202302.0,2023-02-27,lrt,32836.0,90.41666666666667,8.8,24.474999999999998,False,Senin
202302.0,2023-02-28,lrt,32836.0,89.5,12.200000000000001,24.65416666666667,False,Selasa
202303.0,2023-03-14,lrt,2999.0,90.70833333333333,23.0,24.254166666666666,False,Selasa
202303.0,2023-03-15,lrt,3414.0,88.45833333333333,13.6,24.712500000000002,False,Rabu
202303.0,2023-03-16,lrt,3133.0,82.41666666666667,2.6999999999999997,26.2625,False,Kamis
202303.0,2023-03-17,lrt,2947.0,85.45833333333333,11.799999999999999,26.195833333333336,False,Jumat
202303.0,2023-03-18,lrt,2486.0,84.58333333333333,3.9000000000000004,26.520833333333332,True,Sabtu
202303.0,2023-03-19,lrt,2321.0,84.16666666666667,5.3,26.333333333333332,True,Minggu
202303.0,2023-03-20,lrt,2820.0,83.54166666666667,8.1,26.3875,False,Senin
202303.0,2023-03-21,lrt,3182.0,82.5,3.1,26.445833333333336,False,Selasa
202303.0,2023-03-22,lrt,2528.0,82.20833333333333,2.4,27.25,True,Rabu
202303.0,2023-03-23,lrt,2088.0,79.20833333333333,0.5,27.629166666666666,False,Kamis
202303.0,2023-03-24,lrt,2552.0,81.45833333333333,0.9,27.179166666666664,False,Jumat
202303.0,2023-03-25,lrt,1706.0,86.75,11.9,26.329166666666666,True,Sabtu
202303.0,2023-03-26,lrt,1608.0,88.29166666666667,7.8,26.233333333333334,True,Minggu
202303.0,2023-03-27,lrt,2751.0,86.04166666666667,6.3,26.454166666666666,False,Senin
202303.0,2023-03-28,lrt,2765.0,88.20833333333333,8.700000000000001,26.141666666666666,False,Selasa
202303.0,2023-03-29,lrt,2652.0,88.58333333333333,24.0,25.775000000000002,False,Rabu
202303.0,2023-03-30,lrt,2665.0,89.54166666666667,19.9,25.695833333333336,False,Kamis
202303.0,2023-03-31,lrt,2915.0,82.125,1.7999999999999998,26.270833333333332,False,Jumat
202309.0,2023-09-01,lrt,3415.0,71.04166666666667,0.0,27.49166666666667,False,Jumat
202309.0,2023-09-02,lrt,3259.0,73.5,3.0,27.416666666666668,True,Sabtu
202309.0,2023-09-03,lrt,2844.0,69.58333333333333,0.1,27.641666666666666,True,Minggu
202309.0,2023-09-04,lrt,3052.0,58.916666666666664,0.0,27.195833333333336,False,Senin
202309.0,2023-09-05,lrt,2941.0,63.5,0.0,26.979166666666668,False,Selasa
202309.0,2023-09-06,lrt,3276.0,63.291666666666664,0.2,27.849999999999998,False,Rabu
202309.0,2023-09-07,lrt,3109.0,67.33333333333333,0.0,28.166666666666668,False,Kamis
202309.0,2023-09-08,lrt,3436.0,72.54166666666667,3.9,27.941666666666666,False,Jumat
202309.0,2023-09-09,lrt,3240.0,76.70833333333333,1.2000000000000002,27.333333333333332,True,Sabtu
202309.0,2023-09-10,lrt,2560.0,73.95833333333333,1.5,27.474999999999998,True,Minggu
202309.0,2023-09-11,lrt,3058.0,68.95833333333333,0.2,28.129166666666666,False,Senin
202309.0,2023-09-12,lrt,3009.0,64.08333333333333,0.0,28.575,False,Selasa
202309.0,2023-09-13,lrt,3281.0,66.875,0.0,28.474999999999998,False,Rabu
202309.0,2023-09-14,lrt,3042.0,63.666666666666664,1.2,28.183333333333334,False,Kamis
202309.0,2023-09-15,lrt,3232.0,66.875,0.0,28.025000000000002,False,Jumat
202309.0,2023-09-16,lrt,3071.0,66.0,0.1,28.233333333333334,True,Sabtu
202309.0,2023-09-17,lrt,2582.0,67.58333333333333,0.5,28.462500000000002,True,Minggu
202309.0,2023-09-18,lrt,3092.0,67.45833333333333,3.6999999999999997,28.520833333333332,False,Senin
202309.0,2023-09-19,lrt,2909.0,78.25,5.9,27.55,False,Selasa
202309.0,2023-09-20,lrt,3158.0,74.0,0.6,27.9375,False,Rabu
202309.0,2023-09-21,lrt,3000.0,76.58333333333333,1.4,27.541666666666668,False,Kamis
202309.0,2023-09-22,lrt,3446.0,67.54166666666667,0.0,28.1125,False,Jumat
202309.0,2023-09-23,lrt,3125.0,68.625,0.6000000000000001,27.337500000000002,True,Sabtu
202309.0,2023-09-24,lrt,2655.0,68.54166666666667,0.7,27.820833333333336,True,Minggu
202309.0,2023-09-25,lrt,3040.0,66.625,0.4,28.170833333333334,False,Senin
202309.0,2023-09-26,lrt,3358.0,60.25,0.0,28.65416666666667,False,Selasa
202309.0,2023-09-27,lrt,3568.0,57.0,0.0,28.616666666666664,False,Rabu
202309.0,2023-09-28,lrt,3034.0,52.416666666666664,0.0,29.291666666666668,True,Kamis
202309.0,2023-09-29,lrt,2971.0,63.541666666666664,0.2,28.84583333333333,False,Jumat
202309.0,2023-09-30,lrt,2955.0,70.0,2.3,27.854166666666668,True,Sabtu
202308.0,2023-08-01,lrt,2882.0,67.125,0.0,27.7,False,Selasa
202308.0,2023-08-02,lrt,2958.0,78.41666666666667,10.4,27.0625,False,Rabu
202308.0,2023-08-03,lrt,3027.0,79.95833333333333,2.4,27.308333333333334,False,Kamis
202308.0,2023-08-04,lrt,3061.0,76.66666666666667,0.1,27.979166666666668,False,Jumat
202308.0,2023-08-05,lrt,3046.0,73.04166666666667,0.0,27.729166666666668,True,Sabtu
202308.0,2023-08-06,lrt,2503.0,71.83333333333333,0.4,27.320833333333336,True,Minggu
202308.0,2023-08-07,lrt,2806.0,75.95833333333333,1.0,27.21666666666667,False,Senin
202308.0,2023-08-08,lrt,2906.0,76.75,2.2,27.429166666666664,False,Selasa
202308.0,2023-08-09,lrt,2866.0,76.0,0.1,27.504166666666666,False,Rabu
202308.0,2023-08-10,lrt,3091.0,75.75,2.6,26.983333333333334,False,Kamis
202308.0,2023-08-11,lrt,3034.0,76.75,1.0,26.808333333333334,False,Jumat
202308.0,2023-08-12,lrt,2790.0,69.95833333333333,0.2,27.337500000000002,True,Sabtu
202308.0,2023-08-13,lrt,2423.0,69.91666666666667,1.0,26.9875,True,Minggu
202308.0,2023-08-14,lrt,2829.0,72.625,0.2,27.354166666666668,False,Senin
202308.0,2023-08-15,lrt,2788.0,71.25,0.6000000000000001,27.479166666666668,False,Selasa
202308.0,2023-08-16,lrt,2788.0,69.875,0.1,27.84166666666667,False,Rabu
202308.0,2023-08-17,lrt,2553.0,64.91666666666667,0.0,27.96666666666667,True,Kamis
202308.0,2023-08-18,lrt,2748.0,64.95833333333333,0.4,27.920833333333334,False,Jumat
202308.0,2023-08-19,lrt,2793.0,67.375,0.0,28.150000000000002,True,Sabtu
202308.0,2023-08-20,lrt,2258.0,67.70833333333333,0.2,28.633333333333336,True,Minggu
202308.0,2023-08-21,lrt,2838.0,67.625,0.0,28.004166666666666,False,Senin
202308.0,2023-08-22,lrt,2637.0,66.66666666666667,0.1,27.787499999999998,False,Selasa
202308.0,2023-08-23,lrt,2818.0,65.41666666666667,0.6,28.070833333333336,False,Rabu
202308.0,2023-08-24,lrt,2939.0,69.375,0.6,28.129166666666666,False,Kamis
202308.0,2023-08-25,lrt,3047.0,73.625,1.0,28.045833333333334,False,Jumat
202308.0,2023-08-26,lrt,2692.0,74.66666666666667,2.1,27.983333333333334,True,Sabtu
202308.0,2023-08-27,lrt,2290.0,78.83333333333333,1.9,26.912499999999998,True,Minggu
202308.0,2023-08-28,lrt,2932.0,79.66666666666667,4.300000000000001,26.308333333333334,False,Senin
202308.0,2023-08-29,lrt,2992.0,72.29166666666667,0.0,27.47083333333333,False,Selasa
202308.0,2023-08-30,lrt,3135.0,70.875,0.0,27.47083333333333,False,Rabu
202308.0,2023-08-31,lrt,3006.0,68.875,0.0,27.599999999999998,False,Kamis
202311.0,2023-11-05,lrt,1905.0,84.20833333333333,2.8,26.733333333333334,True,Minggu
202311.0,2023-11-06,lrt,2980.0,77.0,1.2,28.183333333333334,False,Senin
202311.0,2023-11-07,lrt,2964.0,74.33333333333333,0.5,28.575,False,Selasa
202311.0,2023-11-08,lrt,3310.0,76.79166666666667,0.9,28.358333333333334,False,Rabu
202311.0,2023-11-09,lrt,3083.0,79.29166666666667,8.7,28.1375,False,Kamis
202311.0,2023-11-10,lrt,3424.0,79.54166666666667,6.6,28.166666666666668,False,Jumat
202311.0,2023-11-11,lrt,3251.0,81.0,7.8999999999999995,27.379166666666666,True,Sabtu
202311.0,2023-11-12,lrt,2529.0,77.91666666666667,2.1,27.837500000000002,True,Minggu
202311.0,2023-11-13,lrt,3346.0,78.45833333333333,4.3,28.05,False,Senin
202311.0,2023-11-21,lrt,3316.0,82.125,5.3,27.599999999999998,False,Selasa
202311.0,2023-11-22,lrt,3348.0,82.0,8.2,27.52916666666667,False,Rabu
202311.0,2023-11-14,lrt,3652.0,83.75,26.3,27.041666666666668,False,Selasa
202311.0,2023-11-15,lrt,3049.0,82.0,3.0999999999999996,27.833333333333332,False,Rabu
202311.0,2023-11-16,lrt,3225.0,79.70833333333333,6.9,28.0,False,Kamis
202311.0,2023-11-17,lrt,3406.0,84.0,3.0,27.575,False,Jumat
202311.0,2023-11-18,lrt,3006.0,80.91666666666667,3.7,27.808333333333334,True,Sabtu
202311.0,2023-11-19,lrt,2844.0,79.70833333333333,36.5,28.320833333333336,True,Minggu
202311.0,2023-11-20,lrt,3059.0,80.20833333333333,12.8,27.8875,False,Senin
202310.0,2023-10-01,lrt,2338.0,72.54166666666667,0.0,28.287499999999998,True,Minggu
202310.0,2023-10-02,lrt,3174.0,65.16666666666667,0.7,28.545833333333334,False,Senin
202310.0,2023-10-03,lrt,3178.0,63.375,0.4,28.6125,False,Selasa
202310.0,2023-10-04,lrt,3091.0,70.79166666666667,0.7,28.28333333333333,False,Rabu
202310.0,2023-10-05,lrt,3193.0,73.29166666666667,0.1,28.6125,False,Kamis
202310.0,2023-10-06,lrt,3327.0,74.79166666666667,2.9000000000000004,28.329166666666666,False,Jumat
202310.0,2023-10-07,lrt,3161.0,72.54166666666667,1.0,28.75,True,Sabtu
202310.0,2023-10-08,lrt,2493.0,69.54166666666667,0.6,28.958333333333332,True,Minggu
202310.0,2023-10-09,lrt,3025.0,72.70833333333333,3.4000000000000004,28.537499999999998,False,Senin
202310.0,2023-10-10,lrt,3043.0,72.375,2.5,28.766666666666666,False,Selasa
202310.0,2023-10-11,lrt,3193.0,75.0,5.1,28.541666666666668,False,Rabu
202310.0,2023-10-12,lrt,3132.0,72.125,1.1,28.662499999999998,False,Kamis
202310.0,2023-10-13,lrt,3216.0,74.58333333333333,4.8,28.34166666666667,False,Jumat
202310.0,2023-10-14,lrt,2996.0,71.41666666666667,1.2,28.775000000000002,True,Sabtu
202310.0,2023-10-15,lrt,2934.0,67.91666666666667,5.4,28.795833333333334,True,Minggu
202310.0,2023-10-16,lrt,2965.0,67.20833333333333,0.1,29.108333333333334,False,Senin
202310.0,2023-10-17,lrt,3138.0,62.291666666666664,0.8,29.645833333333332,False,Selasa
202310.0,2023-10-18,lrt,2962.0,59.333333333333336,0.0,29.46666666666667,False,Rabu
202310.0,2023-10-19,lrt,3002.0,62.375,0.0,29.379166666666666,False,Kamis
202310.0,2023-10-20,lrt,3175.0,72.41666666666667,4.2,28.420833333333334,False,Jumat
202310.0,2023-10-21,lrt,2714.0,71.79166666666667,0.9,28.941666666666666,True,Sabtu
202310.0,2023-10-22,lrt,2540.0,74.04166666666667,1.8,28.84583333333333,True,Minggu
202310.0,2023-10-23,lrt,3134.0,70.0,1.4,28.900000000000002,False,Senin
202310.0,2023-10-24,lrt,3165.0,75.58333333333333,9.5,27.650000000000002,False,Selasa
202310.0,2023-10-25,lrt,3298.0,80.33333333333333,4.1,26.97083333333333,False,Rabu
202310.0,2023-10-26,lrt,3249.0,75.625,1.8,28.5,False,Kamis
202310.0,2023-10-27,lrt,3134.0,72.54166666666667,0.4,28.849999999999998,False,Jumat
202310.0,2023-10-28,lrt,2940.0,66.25,0.0,29.145833333333332,True,Sabtu
202310.0,2023-10-29,lrt,2427.0,64.5,0.0,29.037499999999998,True,Minggu
202310.0,2023-10-30,lrt,2769.0,66.33333333333333,0.0,29.083333333333332,False,Senin
202310.0,2023-10-31,lrt,2703.0,72.04166666666667,2.2,28.791666666666668,False,Selasa
202311.0,2023-11-01,lrt,3025.0,80.16666666666667,8.7,27.90833333333333,False,Rabu
202311.0,2023-11-02,lrt,2554.0,79.625,2.8000000000000003,28.1375,False,Kamis
202311.0,2023-11-03,lrt,2673.0,79.33333333333333,15.5,28.058333333333334,False,Jumat
202311.0,2023-11-04,lrt,2815.0,81.83333333333333,6.4,27.150000000000002,True,Sabtu
202311.0,2023-11-23,lrt,3080.0,80.33333333333333,4.699999999999999,27.791666666666668,False,Kamis
202311.0,2023-11-24,lrt,3303.0,87.20833333333333,22.2,26.6875,False,Jumat
202311.0,2023-11-25,lrt,2579.0,90.79166666666667,10.299999999999999,25.479166666666668,True,Sabtu
202311.0,2023-11-26,lrt,2827.0,82.95833333333333,5.1,26.991666666666664,True,Minggu
202311.0,2023-11-27,lrt,3226.0,88.95833333333333,15.899999999999999,25.483333333333334,False,Senin
202311.0,2023-11-28,lrt,3287.0,87.125,7.7,26.441666666666666,False,Selasa
202311.0,2023-11-29,lrt,3342.0,85.58333333333333,15.1,26.900000000000002,False,Rabu
202311.0,2023-11-30,lrt,3208.0,87.375,21.7,26.52916666666667,False,Kamis
202312.0,2023-12-01,lrt,3457.0,90.91666666666667,11.3,25.541666666666668,False,Jumat
202312.0,2023-12-02,lrt,3410.0,84.83333333333333,13.100000000000001,27.116666666666664,True,Sabtu
202312.0,2023-12-03,lrt,2685.0,87.08333333333333,17.2,26.275000000000002,True,Minggu
202312.0,2023-12-04,lrt,3102.0,89.20833333333333,14.5,26.041666666666668,False,Senin
202312.0,2023-12-05,lrt,3167.0,85.20833333333333,3.1,27.162499999999998,False,Selasa
202312.0,2023-12-06,lrt,3166.0,83.75,3.9,27.162499999999998,False,Rabu
202312.0,2023-12-07,lrt,3174.0,85.04166666666667,8.5,27.133333333333336,False,Kamis
202312.0,2023-12-08,lrt,3347.0,84.16666666666667,6.4,27.099999999999998,False,Jumat
202312.0,2023-12-09,lrt,3343.0,86.0,6.3999999999999995,26.954166666666666,True,Sabtu
202312.0,2023-12-10,lrt,2667.0,84.625,1.1,27.133333333333336,True,Minggu
202312.0,2023-12-11,lrt,3319.0,79.45833333333333,0.6000000000000001,27.916666666666668,False,Senin
202312.0,2023-12-12,lrt,3220.0,81.45833333333333,3.3,27.579166666666666,False,Selasa
202312.0,2023-12-13,lrt,3478.0,73.04166666666667,0.2,27.920833333333334,False,Rabu
202312.0,2023-12-14,lrt,3114.0,71.04166666666667,0.30000000000000004,28.620833333333334,False,Kamis
202312.0,2023-12-15,lrt,3629.0,72.45833333333333,0.0,28.40833333333333,False,Jumat
202312.0,2023-12-16,lrt,3443.0,70.83333333333333,0.1,28.425,True,Sabtu
202312.0,2023-12-17,lrt,2566.0,70.79166666666667,0.0,28.6375,True,Minggu
202312.0,2023-12-18,lrt,3283.0,70.0,0.0,29.025000000000002,False,Senin
202312.0,2023-12-19,lrt,3405.0,66.625,0.0,29.15416666666667,False,Selasa
202312.0,2023-12-20,lrt,3292.0,63.291666666666664,0.0,28.704166666666666,False,Rabu
202312.0,2023-12-21,lrt,3392.0,62.791666666666664,0.0,28.233333333333334,False,Kamis
202312.0,2023-12-22,lrt,3402.0,67.41666666666667,0.0,28.462500000000002,False,Jumat
202312.0,2023-12-23,lrt,2881.0,70.875,1.4000000000000001,29.054166666666664,True,Sabtu
202312.0,2023-12-24,lrt,2862.0,78.83333333333333,8.1,28.09583333333333,True,Minggu
202312.0,2023-12-25,lrt,2843.0,84.95833333333333,13.6,26.8625,True,Senin
202312.0,2023-12-26,lrt,2726.0,86.625,8.3,26.241666666666664,False,Selasa
202312.0,2023-12-27,lrt,3131.0,85.70833333333333,11.1,26.958333333333332,False,Rabu
202312.0,2023-12-28,lrt,3169.0,84.20833333333333,16.3,27.425,False,Kamis
202312.0,2023-12-29,lrt,3134.0,86.95833333333333,7.9,27.454166666666666,False,Jumat
202312.0,2023-12-30,lrt,3061.0,86.66666666666667,18.1,26.9875,True,Sabtu
202312.0,2023-12-31,lrt,3545.0,87.91666666666667,19.400000000000002,26.75,True,Minggu
202401.0,2024-01-01,lrt,3166.0,87.125,8.200000000000001,26.7375,True,Senin
202401.0,2024-01-02,lrt,2901.0,83.66666666666667,2.5,27.391666666666666,False,Selasa
202401.0,2024-01-03,lrt,2795.0,91.58333333333333,31.2,25.566666666666666,False,Rabu
202401.0,2024-01-04,lrt,2784.0,92.33333333333333,81.7,25.145833333333332,False,Kamis
202401.0,2024-01-05,lrt,3219.0,84.04166666666667,19.7,26.570833333333336,False,Jumat
202401.0,2024-01-06,lrt,2863.0,86.04166666666667,7.1000000000000005,26.616666666666664,True,Sabtu
202401.0,2024-01-07,lrt,2405.0,89.625,14.1,25.795833333333334,True,Minggu
202401.0,2024-01-08,lrt,2959.0,88.91666666666667,7.0,26.25,False,Senin
202401.0,2024-01-09,lrt,3057.0,83.58333333333333,1.1,27.129166666666666,False,Selasa
202401.0,2024-01-10,lrt,2993.0,86.54166666666667,12.0,26.754166666666666,False,Rabu
202401.0,2024-01-11,lrt,2952.0,86.20833333333333,8.4,26.741666666666664,False,Kamis
202401.0,2024-01-12,lrt,3242.0,81.33333333333333,1.3,27.4375,False,Jumat
202401.0,2024-01-13,lrt,3450.0,81.16666666666667,1.4000000000000001,27.416666666666668,True,Sabtu
202401.0,2024-01-14,lrt,2729.0,85.25,17.2,26.745833333333334,True,Minggu
202401.0,2024-01-15,lrt,3002.0,83.29166666666667,1.2,27.3875,False,Senin
202401.0,2024-01-16,lrt,2944.0,79.75,0.1,27.620833333333334,False,Selasa
202401.0,2024-01-17,lrt,3402.0,82.41666666666667,3.9999999999999996,27.116666666666664,False,Rabu
202401.0,2024-01-18,lrt,3029.0,82.125,1.9000000000000001,27.020833333333332,False,Kamis
202401.0,2024-01-19,lrt,2835.0,87.04166666666667,15.0,25.479166666666668,False,Jumat
202401.0,2024-01-20,lrt,3268.0,71.79166666666667,0.0,27.941666666666666,True,Sabtu
202401.0,2024-01-21,lrt,2830.0,77.25,9.5,27.566666666666666,True,Minggu
202401.0,2024-01-22,lrt,2900.0,72.41666666666667,0.2,27.983333333333334,False,Senin
202401.0,2024-01-23,lrt,2963.0,73.16666666666667,0.1,28.27916666666667,False,Selasa
202401.0,2024-01-24,lrt,3645.0,76.75,2.0,27.65416666666667,False,Rabu
202401.0,2024-01-25,lrt,3028.0,76.70833333333333,1.3,27.97083333333333,False,Kamis
202401.0,2024-01-26,lrt,3454.0,85.08333333333333,5.1,26.504166666666666,False,Jumat
202401.0,2024-01-27,lrt,2896.0,87.70833333333333,29.799999999999997,25.84166666666667,True,Sabtu
202401.0,2024-01-28,lrt,2533.0,89.375,30.099999999999998,25.504166666666666,True,Minggu
202401.0,2024-01-29,lrt,3031.0,90.33333333333333,27.4,25.625,False,Senin
202401.0,2024-01-30,lrt,3010.0,86.91666666666667,14.5,26.125,False,Selasa
202401.0,2024-01-31,lrt,3346.0,89.125,18.7,25.9875,False,Rabu
202402.0,2024-02-01,lrt,3107.0,87.04166666666667,16.2,26.59166666666667,False,Kamis
202402.0,2024-02-02,lrt,3293.0,85.41666666666667,10.6,26.954166666666666,False,Jumat
202402.0,2024-02-03,lrt,3515.0,88.75,15.6,25.945833333333336,True,Sabtu
202402.0,2024-02-04,lrt,2611.0,84.95833333333333,5.1000000000000005,26.679166666666664,True,Minggu
202402.0,2024-02-05,lrt,3248.0,87.75,5.8999999999999995,26.2375,False,Senin
202402.0,2024-02-06,lrt,3232.0,89.08333333333333,7.2,25.7375,False,Selasa
202402.0,2024-02-07,lrt,3458.0,85.125,6.1,26.366666666666664,False,Rabu
202402.0,2024-02-08,lrt,3606.0,82.16666666666667,3.9,26.96666666666667,True,Kamis
202404.0,2024-04-11,lrt,2556.0,86.25,8.0,27.412499999999998,True,Kamis
202404.0,2024-04-12,lrt,2122.0,88.875,16.2,26.1875,False,Jumat
202404.0,2024-04-13,lrt,2857.0,84.75,6.9,27.46666666666667,True,Sabtu
202404.0,2024-04-14,lrt,2560.0,86.125,3.2,26.958333333333332,True,Minggu
202404.0,2024-04-15,lrt,2845.0,86.375,7.6,27.275000000000002,False,Senin
202404.0,2024-04-16,lrt,2870.0,85.25,4.7,27.741666666666664,False,Selasa
202404.0,2024-04-17,lrt,2900.0,86.70833333333333,5.0,26.916666666666668,False,Rabu
202404.0,2024-04-18,lrt,2962.0,87.5,5.2,26.849999999999998,False,Kamis
202404.0,2024-04-19,lrt,3161.0,86.45833333333333,4.1,27.150000000000002,False,Jumat
202404.0,2024-04-20,lrt,2896.0,86.95833333333333,13.7,27.22083333333333,True,Sabtu
202404.0,2024-04-21,lrt,2407.0,89.66666666666667,24.0,26.6375,True,Minggu
202404.0,2024-04-22,lrt,2970.0,84.91666666666667,3.3000000000000003,27.71666666666667,False,Senin
202404.0,2024-04-23,lrt,2864.0,88.16666666666667,12.7,27.270833333333332,False,Selasa
202404.0,2024-04-24,lrt,2938.0,86.20833333333333,9.5,27.5125,False,Rabu
202404.0,2024-04-25,lrt,2922.0,87.58333333333333,18.3,27.079166666666666,False,Kamis
202404.0,2024-04-26,lrt,3145.0,87.95833333333333,8.0,27.116666666666664,False,Jumat
202404.0,2024-04-27,lrt,2994.0,89.33333333333333,27.900000000000002,26.708333333333332,True,Sabtu
202404.0,2024-04-28,lrt,2469.0,83.70833333333333,0.30000000000000004,27.8,True,Minggu
202404.0,2024-04-29,lrt,3072.0,80.75,3.2,28.391666666666666,False,Senin
202404.0,2024-04-30,lrt,3108.0,85.5,8.2,27.679166666666664,False,Selasa
202403.0,2024-03-01,lrt,3540.0,85.875,13.9,27.054166666666664,False,Jumat
202403.0,2024-03-02,lrt,3615.0,90.29166666666667,14.6,26.59166666666667,True,Sabtu
202403.0,2024-03-03,lrt,2674.0,88.54166666666667,8.7,26.458333333333332,True,Minggu
202403.0,2024-03-04,lrt,3302.0,82.75,9.6,27.53333333333333,False,Senin
202403.0,2024-03-05,lrt,3428.0,80.91666666666667,14.2,27.604166666666668,False,Selasa
202403.0,2024-03-06,lrt,3614.0,82.25,2.6,27.75,False,Rabu
202403.0,2024-03-07,lrt,3237.0,83.95833333333333,15.5,27.358333333333334,False,Kamis
202403.0,2024-03-08,lrt,3764.0,85.33333333333333,11.3,26.962500000000002,False,Jumat
202403.0,2024-03-09,lrt,2290.0,91.54166666666667,11.2,25.541666666666668,True,Sabtu
202403.0,2024-03-10,lrt,2450.0,87.58333333333333,4.5,26.3,True,Minggu
202403.0,2024-03-11,lrt,2770.0,89.45833333333333,35.9,26.004166666666666,True,Senin
202403.0,2024-03-12,lrt,2236.0,85.29166666666667,7.7,26.416666666666668,False,Selasa
202403.0,2024-03-13,lrt,2927.0,88.75,21.5,25.879166666666666,False,Rabu
202403.0,2024-03-14,lrt,2816.0,88.875,11.299999999999999,25.662499999999998,False,Kamis
202403.0,2024-03-15,lrt,3172.0,87.54166666666667,5.8,26.212500000000002,False,Jumat
202403.0,2024-03-16,lrt,3329.0,86.20833333333333,5.6000000000000005,25.900000000000002,True,Sabtu
202403.0,2024-03-17,lrt,1926.0,84.125,5.0,26.391666666666666,True,Minggu
202403.0,2024-03-18,lrt,3040.0,77.91666666666667,1.0,27.462500000000002,False,Senin
202403.0,2024-03-19,lrt,3133.0,73.41666666666667,0.2,27.974999999999998,False,Selasa
202403.0,2024-03-20,lrt,3115.0,72.83333333333333,0.0,27.504166666666666,False,Rabu
202403.0,2024-03-21,lrt,3141.0,82.66666666666667,2.9,26.4875,False,Kamis
202403.0,2024-03-22,lrt,3927.0,88.625,9.0,25.958333333333332,False,Jumat
202403.0,2024-03-23,lrt,2868.0,83.5,4.3,27.608333333333334,True,Sabtu
202403.0,2024-03-24,lrt,1995.0,84.33333333333333,6.6,27.087500000000002,True,Minggu
202403.0,2024-03-25,lrt,3133.0,87.875,12.299999999999999,26.516666666666666,False,Senin
202403.0,2024-03-26,lrt,3150.0,83.33333333333333,2.5,27.279166666666665,False,Selasa
202403.0,2024-03-27,lrt,3079.0,89.33333333333333,16.3,26.34583333333333,False,Rabu
202403.0,2024-03-28,lrt,3240.0,87.45833333333333,5.7,26.7625,False,Kamis
202403.0,2024-03-29,lrt,2491.0,85.08333333333333,5.2,26.995833333333334,True,Jumat
202403.0,2024-03-30,lrt,2629.0,85.54166666666667,6.500000000000001,27.325,True,Sabtu
202403.0,2024-03-31,lrt,1973.0,85.83333333333333,13.0,27.008333333333336,True,Minggu
202402.0,2024-02-09,lrt,3252.0,83.70833333333333,3.5,27.266666666666666,False,Jumat
202402.0,2024-02-10,lrt,2814.0,86.75,6.2,26.429166666666664,True,Sabtu
202402.0,2024-02-11,lrt,1450.0,84.0,12.8,26.683333333333334,True,Minggu
202402.0,2024-02-12,lrt,3360.0,83.79166666666667,5.7,26.870833333333334,False,Senin
202402.0,2024-02-13,lrt,3408.0,85.45833333333333,12.1,26.858333333333334,False,Selasa
202402.0,2024-02-14,lrt,3351.0,87.75,18.0,26.454166666666666,True,Rabu
202402.0,2024-02-15,lrt,3060.0,87.0,7.300000000000001,27.09583333333333,False,Kamis
202402.0,2024-02-16,lrt,3503.0,89.0,8.8,26.5,False,Jumat
202402.0,2024-02-17,lrt,2800.0,88.66666666666667,19.7,26.162499999999998,True,Sabtu
202402.0,2024-02-18,lrt,2429.0,86.83333333333333,2.0,26.795833333333334,True,Minggu
202402.0,2024-02-19,lrt,3261.0,85.5,3.6,27.087500000000002,False,Senin
202402.0,2024-02-20,lrt,3023.0,82.95833333333333,0.7,27.6875,False,Selasa
202402.0,2024-02-21,lrt,3262.0,86.25,11.1,27.037499999999998,False,Rabu
202402.0,2024-02-22,lrt,3006.0,80.83333333333333,0.2,27.97083333333333,False,Kamis
202402.0,2024-02-23,lrt,3235.0,75.20833333333333,1.9,28.7,False,Jumat
202402.0,2024-02-24,lrt,2877.0,86.95833333333333,13.200000000000001,26.758333333333336,True,Sabtu
202402.0,2024-02-25,lrt,2473.0,88.625,21.6,26.320833333333336,True,Minggu
202402.0,2024-02-26,lrt,3013.0,84.875,6.8,27.120833333333334,False,Senin
202402.0,2024-02-27,lrt,2966.0,84.08333333333333,3.5,27.21666666666667,False,Selasa
202402.0,2024-02-28,lrt,3294.0,88.66666666666667,34.1,25.691666666666666,False,Rabu
202402.0,2024-02-29,lrt,4027.0,88.79166666666667,7.3,26.241666666666664,False,Kamis
202404.0,2024-04-01,lrt,3122.0,86.58333333333333,2.6,27.108333333333334,False,Senin
202404.0,2024-04-02,lrt,3201.0,87.875,11.3,27.212500000000002,False,Selasa
202404.0,2024-04-03,lrt,3346.0,89.91666666666667,12.7,26.8,False,Rabu
202404.0,2024-04-04,lrt,3316.0,87.125,11.0,27.270833333333332,False,Kamis
202404.0,2024-04-05,lrt,3484.0,86.16666666666667,5.6,27.4875,False,Jumat
202404.0,2024-04-06,lrt,2646.0,87.08333333333333,3.1,27.662499999999998,True,Sabtu
202404.0,2024-04-07,lrt,2368.0,83.08333333333333,2.6,28.087500000000002,True,Minggu
202404.0,2024-04-08,lrt,2542.0,80.83333333333333,0.5,28.0625,False,Senin
202404.0,2024-04-09,lrt,2000.0,85.16666666666667,6.199999999999999,27.666666666666668,False,Selasa
202404.0,2024-04-10,lrt,1928.0,83.83333333333333,0.8,27.5625,True,Rabu
202405.0,2024-05-06,lrt,3092.0,81.04166666666667,4.4,27.733333333333334,False,Senin
202405.0,2024-05-07,lrt,3028.0,77.04166666666667,0.6000000000000001,28.416666666666668,False,Selasa
202405.0,2024-05-08,lrt,3172.0,78.875,1.7000000000000002,28.0625,False,Rabu
202405.0,2024-05-09,lrt,3855.0,81.75,2.7,27.7,True,Kamis
202405.0,2024-05-10,lrt,3334.0,82.91666666666667,10.6,28.0625,False,Jumat
202405.0,2024-05-11,lrt,3236.0,84.75,4.5,27.454166666666666,True,Sabtu
202405.0,2024-05-12,lrt,2708.0,80.625,7.6,28.104166666666668,True,Minggu
202405.0,2024-05-13,lrt,3045.0,88.54166666666667,28.4,27.004166666666666,False,Senin
202405.0,2024-05-14,lrt,3060.0,88.625,4.5,26.870833333333334,False,Selasa
202405.0,2024-05-15,lrt,3208.0,80.25,2.4,28.508333333333336,False,Rabu
202405.0,2024-05-16,lrt,3119.0,83.54166666666667,3.9000000000000004,27.695833333333336,False,Kamis
202405.0,2024-05-17,lrt,3329.0,80.91666666666667,0.4,28.016666666666666,False,Jumat
202405.0,2024-05-18,lrt,3632.0,81.5,0.8,27.900000000000002,True,Sabtu
202405.0,2024-05-19,lrt,2737.0,80.41666666666667,8.1,27.945833333333336,True,Minggu
202405.0,2024-05-20,lrt,2938.0,78.79166666666667,0.5,28.28333333333333,False,Senin
202405.0,2024-05-21,lrt,3074.0,79.5,7.300000000000001,28.166666666666668,False,Selasa
202405.0,2024-05-22,lrt,3294.0,86.20833333333333,11.7,27.120833333333334,False,Rabu
202405.0,2024-05-23,lrt,2887.0,87.75,11.2,26.650000000000002,True,Kamis
202405.0,2024-05-24,lrt,3006.0,89.58333333333333,19.9,26.383333333333336,False,Jumat
202405.0,2024-05-25,lrt,2884.0,94.5,36.7,24.974999999999998,True,Sabtu
202405.0,2024-05-26,lrt,2671.0,81.29166666666667,0.1,28.0125,True,Minggu
202405.0,2024-05-27,lrt,3021.0,82.16666666666667,0.7000000000000001,28.366666666666664,False,Senin
202405.0,2024-05-28,lrt,2950.0,84.0,3.2,27.808333333333334,False,Selasa
202405.0,2024-05-29,lrt,3083.0,84.375,2.1,27.53333333333333,False,Rabu
202405.0,2024-05-30,lrt,2975.0,81.70833333333333,1.0,27.8125,False,Kamis
202405.0,2024-05-31,lrt,3291.0,83.20833333333333,1.1,28.02916666666667,False,Jumat
202406.0,2024-06-01,lrt,3655.0,87.625,2.4,27.316666666666666,True,Sabtu
202406.0,2024-06-02,lrt,3194.0,87.08333333333333,14.2,27.366666666666664,True,Minggu
202406.0,2024-06-03,lrt,2823.0,87.58333333333333,7.6,26.316666666666666,False,Senin
202406.0,2024-06-04,lrt,3033.0,83.83333333333333,2.0,27.766666666666666,False,Selasa
202406.0,2024-06-05,lrt,3758.0,83.66666666666667,1.1,27.53333333333333,False,Rabu
202406.0,2024-06-06,lrt,3233.0,78.375,1.4,27.65416666666667,False,Kamis
202406.0,2024-06-07,lrt,3451.0,80.54166666666667,0.2,27.27916666666667,False,Jumat
202406.0,2024-06-08,lrt,3450.0,79.29166666666667,1.9000000000000001,27.479166666666668,True,Sabtu
202406.0,2024-06-09,lrt,2896.0,86.33333333333333,12.1,26.629166666666666,True,Minggu
202406.0,2024-06-10,lrt,3269.0,84.33333333333333,8.1,27.583333333333332,False,Senin
202406.0,2024-06-11,lrt,3037.0,88.5,6.3,26.079166666666666,False,Selasa
202406.0,2024-06-12,lrt,3262.0,88.75,10.1,25.895833333333332,False,Rabu
202406.0,2024-06-13,lrt,2978.0,88.33333333333333,10.5,26.170833333333334,False,Kamis
202406.0,2024-06-14,lrt,3378.0,84.54166666666667,8.2,27.09583333333333,False,Jumat
202406.0,2024-06-15,lrt,3003.0,87.375,14.0,26.6875,True,Sabtu
202406.0,2024-06-16,lrt,2133.0,88.58333333333333,10.5,26.349999999999998,True,Minggu
202406.0,2024-06-17,lrt,2301.0,82.875,0.7000000000000001,27.245833333333334,True,Senin
202406.0,2024-06-18,lrt,2675.0,85.95833333333333,5.6000000000000005,26.395833333333332,False,Selasa
202406.0,2024-06-19,lrt,3220.0,79.83333333333333,0.5,27.349999999999998,False,Rabu
202406.0,2024-06-20,lrt,3246.0,75.5,0.0,27.40416666666667,False,Kamis
202406.0,2024-06-21,lrt,3110.0,76.41666666666667,0.1,26.916666666666668,False,Jumat
202406.0,2024-06-22,lrt,7257.0,80.08333333333333,0.1,26.704166666666666,True,Sabtu
202406.0,2024-06-23,lrt,7201.0,74.33333333333333,0.0,26.945833333333336,True,Minggu
202406.0,2024-06-24,lrt,3011.0,78.20833333333333,4.9,27.141666666666666,False,Senin
202406.0,2024-06-25,lrt,3107.0,85.08333333333333,10.1,26.816666666666666,False,Selasa
202406.0,2024-06-26,lrt,3341.0,79.66666666666667,0.9,27.445833333333336,False,Rabu
202406.0,2024-06-27,lrt,3417.0,84.04166666666667,5.4,27.150000000000002,False,Kamis
202406.0,2024-06-28,lrt,3638.0,87.25,6.9,26.691666666666666,False,Jumat
202406.0,2024-06-29,lrt,3339.0,88.33333333333333,7.3,26.333333333333332,True,Sabtu
202406.0,2024-06-30,lrt,3419.0,82.70833333333333,0.5,26.9875,True,Minggu
202405.0,2024-05-01,lrt,3250.0,88.20833333333333,13.0,27.075,True,Rabu
202405.0,2024-05-02,lrt,3118.0,85.875,15.5,27.570833333333336,False,Kamis
202405.0,2024-05-03,lrt,3284.0,85.0,5.2,27.65833333333333,False,Jumat
202405.0,2024-05-04,lrt,3326.0,81.70833333333333,0.7000000000000001,27.825,True,Sabtu
202405.0,2024-05-05,lrt,2681.0,82.29166666666667,3.4,27.8625,True,Minggu
202407.0,2024-07-01,lrt,3447.0,84.66666666666667,5.3,26.787499999999998,False,Senin
202407.0,2024-07-02,lrt,3611.0,85.875,10.2,26.191666666666666,False,Selasa
202407.0,2024-07-03,lrt,3363.0,81.79166666666667,0.8,27.162499999999998,False,Rabu
202407.0,2024-07-04,lrt,3287.0,86.5,14.3,26.09166666666667,False,Kamis
202407.0,2024-07-05,lrt,4742.0,85.08333333333333,9.6,26.40416666666667,False,Jumat
202407.0,2024-07-06,lrt,3789.0,90.0,47.4,24.983333333333334,True,Sabtu
202407.0,2024-07-07,lrt,4716.0,85.45833333333333,4.2,25.8125,True,Minggu
202407.0,2024-07-08,lrt,4594.0,84.95833333333333,18.7,26.441666666666666,False,Senin
202407.0,2024-07-09,lrt,4276.0,86.0,11.0,26.041666666666668,False,Selasa
202407.0,2024-07-10,lrt,4695.0,78.16666666666667,0.0,27.166666666666668,False,Rabu
202407.0,2024-07-11,lrt,4716.0,79.66666666666667,0.5,26.8125,False,Kamis
202407.0,2024-07-12,lrt,4490.0,73.79166666666667,0.0,26.900000000000002,False,Jumat
202407.0,2024-07-13,lrt,3957.0,73.875,0.0,25.741666666666664,True,Sabtu
202407.0,2024-07-14,lrt,4228.0,70.79166666666667,0.0,26.1375,True,Minggu
202407.0,2024-07-15,lrt,3957.0,70.66666666666667,0.0,26.125,False,Senin
202407.0,2024-07-16,lrt,4297.0,70.20833333333333,0.0,26.370833333333334,False,Selasa
202407.0,2024-07-17,lrt,4292.0,77.125,1.2000000000000002,26.5,False,Rabu
202407.0,2024-07-18,lrt,4576.0,77.75,0.1,27.175,False,Kamis
202407.0,2024-07-19,lrt,4451.0,74.70833333333333,0.30000000000000004,27.270833333333332,False,Jumat
202407.0,2024-07-20,lrt,5151.0,73.875,0.0,27.275000000000002,True,Sabtu
202407.0,2024-07-21,lrt,4609.0,71.66666666666667,0.0,27.55,True,Minggu
202407.0,2024-07-22,lrt,4006.0,73.25,0.0,27.633333333333336,False,Senin
202407.0,2024-07-23,lrt,3895.0,71.125,0.0,27.75,False,Selasa
202407.0,2024-07-24,lrt,4330.0,73.125,0.4,27.333333333333332,False,Rabu
202407.0,2024-07-25,lrt,4385.0,77.58333333333333,1.3,26.808333333333334,False,Kamis
202407.0,2024-07-26,lrt,4508.0,77.91666666666667,0.6000000000000001,27.179166666666664,False,Jumat
202407.0,2024-07-27,lrt,5936.0,72.91666666666667,0.0,27.6375,True,Sabtu
202407.0,2024-07-28,lrt,4449.0,72.54166666666667,0.6,27.662499999999998,True,Minggu
202407.0,2024-07-29,lrt,3859.0,71.875,0.1,27.745833333333334,False,Senin
202407.0,2024-07-30,lrt,3705.0,69.75,0.0,27.72083333333333,False,Selasa
202407.0,2024-07-31,lrt,4139.0,73.08333333333333,0.0,27.6375,False,Rabu
202408.0,2024-08-06,lrt,3880.0,74.33333333333333,0.0,27.1375,False,Selasa
202408.0,2024-08-07,lrt,4199.0,73.20833333333333,0.1,27.441666666666666,False,Rabu
202408.0,2024-08-08,lrt,4197.0,75.33333333333333,1.0999999999999999,27.587500000000002,False,Kamis
202408.0,2024-08-09,lrt,4973.0,75.58333333333333,0.8,27.71666666666667,False,Jumat
202408.0,2024-08-10,lrt,5836.0,76.58333333333333,0.30000000000000004,27.495833333333334,True,Sabtu
202408.0,2024-08-11,lrt,4393.0,80.91666666666667,2.9,26.954166666666666,True,Minggu
202408.0,2024-08-12,lrt,3707.0,72.625,0.1,26.941666666666666,False,Senin
202408.0,2024-08-13,lrt,3704.0,71.95833333333333,0.0,26.6125,False,Selasa
202408.0,2024-08-14,lrt,4039.0,73.04166666666667,0.0,27.037499999999998,False,Rabu
202408.0,2024-08-15,lrt,4478.0,72.33333333333333,0.0,27.758333333333336,False,Kamis
202408.0,2024-08-16,lrt,5110.0,73.75,0.2,27.708333333333332,False,Jumat
202408.0,2024-08-17,lrt,6546.0,74.875,0.0,27.820833333333336,True,Sabtu
202408.0,2024-08-18,lrt,4617.0,75.29166666666667,0.5,27.90416666666667,True,Minggu
202408.0,2024-08-19,lrt,2861.0,75.20833333333333,0.0,27.666666666666668,False,Senin
202408.0,2024-08-20,lrt,3058.0,76.66666666666667,0.0,27.333333333333332,False,Selasa
202408.0,2024-08-21,lrt,3321.0,75.45833333333333,0.8,27.625,False,Rabu
202408.0,2024-08-22,lrt,3090.0,75.04166666666667,0.1,27.95,False,Kamis
202408.0,2024-08-23,lrt,4625.0,72.5,0.0,28.045833333333334,False,Jumat
202408.0,2024-08-24,lrt,5087.0,72.66666666666667,3.7,27.575,True,Sabtu
202408.0,2024-08-25,lrt,4112.0,72.83333333333333,0.1,27.325,True,Minggu
202408.0,2024-08-26,lrt,3103.0,68.5,0.0,28.120833333333334,False,Senin
202408.0,2024-08-27,lrt,3015.0,68.29166666666667,0.1,28.583333333333332,False,Selasa
202408.0,2024-08-28,lrt,3170.0,62.833333333333336,0.0,28.954166666666666,False,Rabu
202408.0,2024-08-29,lrt,3206.0,66.0,0.1,28.604166666666668,False,Kamis
202408.0,2024-08-30,lrt,3463.0,68.125,0.2,27.854166666666668,False,Jumat
202408.0,2024-08-31,lrt,3817.0,67.375,0.0,28.104166666666668,True,Sabtu
202408.0,2024-08-01,lrt,4605.0,76.91666666666667,2.8,27.333333333333332,False,Kamis
202408.0,2024-08-02,lrt,4419.0,82.70833333333333,10.6,26.320833333333336,False,Jumat
202408.0,2024-08-03,lrt,5471.0,83.79166666666667,17.0,26.400000000000002,True,Sabtu
202408.0,2024-08-04,lrt,4625.0,78.16666666666667,0.6,27.34583333333333,True,Minggu
202408.0,2024-08-05,lrt,3998.0,84.33333333333333,6.5,26.145833333333332,False,Senin
202410.0,2024-10-04,lrt,3507.0,83.875,24.9,27.0,False,Jumat
202410.0,2024-10-05,lrt,5684.0,84.125,2.9,26.866666666666664,True,Sabtu
202410.0,2024-10-06,lrt,3005.0,82.58333333333333,11.6,27.120833333333334,True,Minggu
202410.0,2024-10-07,lrt,3351.0,75.79166666666667,0.1,27.641666666666666,False,Senin
202410.0,2024-10-08,lrt,3211.0,72.16666666666667,0.0,28.295833333333334,False,Selasa
202410.0,2024-10-09,lrt,3176.0,75.33333333333333,1.3,28.208333333333332,False,Rabu
202410.0,2024-10-10,lrt,2872.0,76.91666666666667,5.9,27.929166666666664,False,Kamis
202410.0,2024-10-11,lrt,3255.0,77.25,1.5000000000000002,28.329166666666666,False,Jumat
202410.0,2024-10-12,lrt,3295.0,83.91666666666667,11.200000000000001,27.479166666666668,True,Sabtu
202410.0,2024-10-13,lrt,2794.0,84.5,15.0,26.96666666666667,True,Minggu
202410.0,2024-10-14,lrt,3034.0,81.33333333333333,6.0,27.45,False,Senin
202410.0,2024-10-15,lrt,3122.0,75.0,1.5,28.208333333333332,False,Selasa
202410.0,2024-10-16,lrt,3002.0,72.95833333333333,0.1,28.695833333333336,False,Rabu
202410.0,2024-10-17,lrt,3329.0,58.666666666666664,0.0,28.5625,False,Kamis
202410.0,2024-10-18,lrt,3091.0,64.33333333333333,0.0,28.1875,False,Jumat
202410.0,2024-10-19,lrt,3170.0,68.45833333333333,0.6,28.579166666666666,True,Sabtu
202410.0,2024-10-20,lrt,5183.0,59.666666666666664,0.0,28.77916666666667,True,Minggu
202410.0,2024-10-21,lrt,3246.0,67.25,0.30000000000000004,28.645833333333332,False,Senin
202410.0,2024-10-22,lrt,3317.0,65.29166666666667,0.0,29.320833333333336,False,Selasa
202410.0,2024-10-23,lrt,3117.0,69.16666666666667,2.5,29.1375,False,Rabu
202410.0,2024-10-24,lrt,3266.0,77.875,9.0,28.016666666666666,False,Kamis
202410.0,2024-10-25,lrt,3080.0,76.125,0.8999999999999999,28.041666666666668,False,Jumat
202410.0,2024-10-26,lrt,3378.0,64.66666666666667,0.0,28.995833333333334,True,Sabtu
202410.0,2024-10-27,lrt,2855.0,66.375,0.4,29.34166666666667,True,Minggu
202410.0,2024-10-28,lrt,2926.0,65.79166666666667,0.0,29.695833333333336,False,Senin
202410.0,2024-10-29,lrt,2950.0,68.875,0.6,29.625,False,Selasa
202410.0,2024-10-30,lrt,2868.0,69.125,2.6,29.28333333333333,False,Rabu
202410.0,2024-10-31,lrt,2966.0,72.66666666666667,3.3999999999999995,28.758333333333336,False,Kamis
202410.0,2024-10-01,lrt,3024.0,75.875,1.1,28.27916666666667,False,Selasa
202410.0,2024-10-02,lrt,3495.0,78.33333333333333,2.1,27.9875,False,Rabu
202410.0,2024-10-03,lrt,3279.0,82.91666666666667,6.6000000000000005,27.333333333333332,False,Kamis
202409.0,2024-09-01,lrt,2984.0,70.45833333333333,0.0,28.5,True,Minggu
202409.0,2024-09-02,lrt,3008.0,77.875,3.3,28.325,False,Senin
202409.0,2024-09-03,lrt,3043.0,80.20833333333333,6.6,27.45,False,Selasa
202409.0,2024-09-04,lrt,3132.0,71.66666666666667,0.1,27.883333333333336,False,Rabu
202409.0,2024-09-05,lrt,2830.0,73.33333333333333,9.4,27.8,False,Kamis
202409.0,2024-09-06,lrt,3474.0,74.16666666666667,1.0,28.166666666666668,False,Jumat
202409.0,2024-09-07,lrt,3767.0,63.125,0.0,29.579166666666666,True,Sabtu
202409.0,2024-09-08,lrt,2988.0,64.79166666666667,0.3,29.141666666666666,True,Minggu
202409.0,2024-09-09,lrt,3081.0,78.95833333333333,9.7,27.391666666666666,False,Senin
202409.0,2024-09-10,lrt,3306.0,84.70833333333333,16.3,26.458333333333332,False,Selasa
202409.0,2024-09-11,lrt,3411.0,79.54166666666667,0.9,26.879166666666666,False,Rabu
202409.0,2024-09-12,lrt,3186.0,79.91666666666667,12.4,26.929166666666664,False,Kamis
202409.0,2024-09-13,lrt,3472.0,79.79166666666667,0.6000000000000001,26.854166666666668,False,Jumat
202409.0,2024-09-14,lrt,3809.0,67.08333333333333,0.0,27.566666666666666,True,Sabtu
202409.0,2024-09-15,lrt,3448.0,70.33333333333333,0.0,27.325,True,Minggu
202409.0,2024-09-16,lrt,3183.0,67.95833333333333,0.1,27.945833333333336,True,Senin
202409.0,2024-09-17,lrt,3196.0,67.41666666666667,0.0,27.516666666666666,False,Selasa
202409.0,2024-09-18,lrt,3037.0,65.66666666666667,0.0,27.233333333333334,False,Rabu
202409.0,2024-09-19,lrt,3182.0,67.91666666666667,0.0,27.3125,False,Kamis
202409.0,2024-09-20,lrt,3439.0,70.875,0.0,27.554166666666664,False,Jumat
202409.0,2024-09-21,lrt,3500.0,75.375,0.0,27.866666666666664,True,Sabtu
202409.0,2024-09-22,lrt,2648.0,76.83333333333333,1.2000000000000002,28.333333333333332,True,Minggu
202409.0,2024-09-23,lrt,3172.0,77.83333333333333,1.9,28.2,False,Senin
202409.0,2024-09-24,lrt,3080.0,83.45833333333333,10.200000000000001,26.875,False,Selasa
202409.0,2024-09-25,lrt,3083.0,79.25,5.1,27.34166666666667,False,Rabu
202409.0,2024-09-26,lrt,3121.0,82.125,13.3,26.733333333333334,False,Kamis
202409.0,2024-09-27,lrt,3492.0,81.95833333333333,2.1,27.554166666666664,False,Jumat
202409.0,2024-09-28,lrt,3401.0,85.29166666666667,12.4,27.21666666666667,True,Sabtu
202409.0,2024-09-29,lrt,3011.0,79.45833333333333,3.1,27.704166666666666,True,Minggu
202409.0,2024-09-30,lrt,3144.0,78.04166666666667,0.30000000000000004,27.837500000000002,False,Senin
202411.0,2024-11-01,lrt,3299.0,78.04166666666667,6.7,27.77916666666667,False,Jumat
202411.0,2024-11-02,lrt,3000.0,82.625,9.3,27.358333333333334,True,Sabtu
202411.0,2024-11-03,lrt,2958.0,88.29166666666667,11.2,25.870833333333334,True,Minggu
202411.0,2024-11-04,lrt,3580.0,84.45833333333333,12.8,26.662499999999998,False,Senin
202411.0,2024-11-05,lrt,2990.0,86.45833333333333,12.3,26.27916666666667,False,Selasa
202411.0,2024-11-06,lrt,3299.0,86.5,16.3,26.120833333333334,False,Rabu
202411.0,2024-11-07,lrt,3060.0,84.29166666666667,10.200000000000001,26.608333333333334,False,Kamis
202411.0,2024-11-08,lrt,3466.0,77.79166666666667,0.7000000000000001,27.945833333333336,False,Jumat
202411.0,2024-11-09,lrt,3033.0,80.75,15.1,27.558333333333334,True,Sabtu
202411.0,2024-11-10,lrt,2649.0,82.875,7.9,27.15833333333333,True,Minggu
202411.0,2024-11-11,lrt,2958.0,86.29166666666667,19.900000000000002,26.47083333333333,False,Senin
202411.0,2024-11-12,lrt,3226.0,87.04166666666667,13.000000000000002,26.383333333333336,False,Selasa
202411.0,2024-11-13,lrt,3185.0,86.5,14.9,27.133333333333336,False,Rabu
202411.0,2024-11-14,lrt,2947.0,81.54166666666667,5.1,27.958333333333332,False,Kamis
202411.0,2024-11-15,lrt,3571.0,79.625,7.2,27.983333333333334,False,Jumat
202411.0,2024-11-16,lrt,2714.0,84.16666666666667,12.1,27.266666666666666,True,Sabtu
202411.0,2024-11-17,lrt,2749.0,85.375,12.3,27.0125,True,Minggu
202411.0,2024-11-18,lrt,2927.0,85.45833333333333,13.4,26.712500000000002,False,Senin
202411.0,2024-11-19,lrt,3052.0,81.66666666666667,7.1,27.666666666666668,False,Selasa
202411.0,2024-11-20,lrt,3528.0,80.25,6.4,27.712500000000002,False,Rabu
202411.0,2024-11-21,lrt,3123.0,82.66666666666667,6.1,27.433333333333334,False,Kamis
202411.0,2024-11-22,lrt,3256.0,84.29166666666667,9.6,27.020833333333332,False,Jumat
202411.0,2024-11-23,lrt,2919.0,82.75,9.0,27.683333333333334,True,Sabtu
202411.0,2024-11-24,lrt,2423.0,83.375,2.3,27.5,True,Minggu
202411.0,2024-11-25,lrt,2928.0,82.95833333333333,11.5,27.84166666666667,False,Senin
202411.0,2024-11-26,lrt,3132.0,79.91666666666667,6.3,28.316666666666666,False,Selasa
202411.0,2024-11-27,lrt,2870.0,83.95833333333333,4.4,27.266666666666666,True,Rabu
202411.0,2024-11-28,lrt,3115.0,80.625,0.4,27.5125,False,Kamis
202411.0,2024-11-29,lrt,3459.0,75.5,0.30000000000000004,27.945833333333336,False,Jumat
202411.0,2024-11-30,lrt,3439.0,70.375,2.4,29.025000000000002,True,Sabtu
202412.0,2024-12-01,lrt,2784.0,73.125,11.2,28.78333333333333,True,Minggu
202412.0,2024-12-02,lrt,2954.0,76.83333333333333,7.1,27.59166666666667,False,Senin
202412.0,2024-12-03,lrt,2944.0,84.83333333333333,18.2,25.895833333333332,False,Selasa
202412.0,2024-12-04,lrt,3004.0,87.08333333333333,14.7,25.52916666666667,False,Rabu
202412.0,2024-12-05,lrt,2930.0,87.25,20.4,26.041666666666668,False,Kamis
202412.0,2024-12-06,lrt,3715.0,89.66666666666667,11.7,25.77916666666667,False,Jumat
202412.0,2024-12-07,lrt,3053.0,86.20833333333333,16.1,26.958333333333332,True,Sabtu
202412.0,2024-12-08,lrt,2704.0,86.95833333333333,16.8,26.78333333333333,True,Minggu
202412.0,2024-12-09,lrt,2758.0,87.16666666666667,24.5,26.704166666666666,False,Senin
202412.0,2024-12-10,lrt,3391.0,84.95833333333333,5.800000000000001,26.704166666666666,False,Selasa
202412.0,2024-12-11,lrt,3352.0,81.70833333333333,13.399999999999999,27.162499999999998,False,Rabu
202412.0,2024-12-12,lrt,3226.0,75.29166666666667,2.4000000000000004,27.870833333333334,False,Kamis
202412.0,2024-12-13,lrt,3231.0,76.04166666666667,3.7,27.837500000000002,False,Jumat
202412.0,2024-12-14,lrt,3010.0,81.91666666666667,6.2,26.900000000000002,True,Sabtu
202412.0,2024-12-15,lrt,2398.0,88.45833333333333,27.2,25.825,True,Minggu
202412.0,2024-12-16,lrt,3324.0,87.33333333333333,15.5,26.224999999999998,False,Senin
202412.0,2024-12-17,lrt,3393.0,82.625,12.1,26.820833333333336,False,Selasa
202412.0,2024-12-18,lrt,3788.0,79.95833333333333,5.1,27.3875,False,Rabu
202412.0,2024-12-19,lrt,3647.0,86.16666666666667,17.9,26.370833333333334,False,Kamis
202412.0,2024-12-20,lrt,3326.0,86.41666666666667,7.800000000000001,26.337500000000002,False,Jumat
202412.0,2024-12-21,lrt,3363.0,85.16666666666667,16.5,26.504166666666666,True,Sabtu
202412.0,2024-12-22,lrt,2735.0,85.5,5.1000000000000005,26.900000000000002,True,Minggu
202412.0,2024-12-23,lrt,3168.0,88.33333333333333,17.599999999999998,26.233333333333334,False,Senin
202412.0,2024-12-24,lrt,3475.0,88.16666666666667,16.1,25.75,False,Selasa
202412.0,2024-12-25,lrt,2966.0,85.83333333333333,10.3,26.383333333333336,True,Rabu
202412.0,2024-12-26,lrt,3623.0,82.79166666666667,5.4,27.09583333333333,False,Kamis
202412.0,2024-12-27,lrt,3317.0,77.91666666666667,0.7000000000000001,28.037499999999998,False,Jumat
202412.0,2024-12-28,lrt,3079.0,68.83333333333333,0.1,28.558333333333334,True,Sabtu
202412.0,2024-12-29,lrt,2778.0,78.75,0.6000000000000001,27.59583333333333,True,Minggu
202412.0,2024-12-30,lrt,3406.0,79.25,3.7,26.71666666666667,False,Senin
202412.0,2024-12-31,lrt,6367.0,77.20833333333333,1.7,27.433333333333334,False,Selasa
202301.0,2023-01-01,mrt,53980.0,89.66666666666667,21.799999999999997,24.383333333333336,True,Minggu
202301.0,2023-01-02,mrt,75786.0,85.66666666666667,11.8,24.933333333333334,False,Senin
202301.0,2023-01-03,mrt,84833.0,90.0,14.0,24.170833333333334,False,Selasa
202301.0,2023-01-04,mrt,91833.0,85.91666666666667,7.2,25.175,False,Rabu
202301.0,2023-01-05,mrt,91007.0,80.79166666666667,0.8,26.254166666666666,False,Kamis
202301.0,2023-01-06,mrt,103056.0,74.95833333333333,0.1,27.075,False,Jumat
202301.0,2023-01-07,mrt,66607.0,76.95833333333333,0.9,26.933333333333334,True,Sabtu
202301.0,2023-01-08,mrt,58199.0,79.33333333333333,3.2,26.6875,True,Minggu
202301.0,2023-01-09,mrt,86821.0,79.58333333333333,3.2,26.858333333333334,False,Senin
202301.0,2023-01-10,mrt,94341.0,81.29166666666667,0.9,26.933333333333334,False,Selasa
202301.0,2023-01-11,mrt,97068.0,79.41666666666667,3.8,27.15416666666667,False,Rabu
202301.0,2023-01-12,mrt,95038.0,79.54166666666667,0.4,27.304166666666664,False,Kamis
202301.0,2023-01-13,mrt,95038.0,82.91666666666667,3.8,26.320833333333336,False,Jumat
202301.0,2023-01-14,mrt,61247.0,77.16666666666667,0.9,27.46666666666667,True,Sabtu
202301.0,2023-01-15,mrt,57356.0,73.25,1.2,27.583333333333332,True,Minggu
202301.0,2023-01-16,mrt,89783.0,77.5,1.5,27.045833333333334,False,Senin
202301.0,2023-01-17,mrt,96386.0,84.04166666666667,4.8999999999999995,25.704166666666666,False,Selasa
202301.0,2023-01-18,mrt,96921.0,88.375,9.6,25.15833333333333,False,Rabu
202301.0,2023-01-19,mrt,93218.0,87.875,5.7,25.116666666666664,False,Kamis
202301.0,2023-01-20,mrt,93811.0,84.58333333333333,2.3000000000000003,25.712500000000002,False,Jumat
202301.0,2023-01-21,mrt,54346.0,81.83333333333333,4.3999999999999995,26.25,True,Sabtu
202301.0,2023-01-22,mrt,59310.0,79.16666666666667,0.5,26.78333333333333,True,Minggu
202301.0,2023-01-23,mrt,53138.0,82.375,3.8,25.920833333333334,False,Senin
202301.0,2023-01-24,mrt,95137.0,81.29166666666667,2.0,26.116666666666664,False,Selasa
202301.0,2023-01-25,mrt,100644.0,86.375,12.399999999999999,24.995833333333334,False,Rabu
202301.0,2023-01-26,mrt,98081.0,80.5,2.3,26.245833333333334,False,Kamis
202301.0,2023-01-27,mrt,98973.0,86.54166666666667,9.6,25.554166666666664,False,Jumat
202301.0,2023-01-28,mrt,52538.0,91.16666666666667,23.2,24.666666666666668,True,Sabtu
202301.0,2023-01-29,mrt,55984.0,86.41666666666667,24.8,25.291666666666668,True,Minggu
202301.0,2023-01-30,mrt,90818.0,85.125,5.2,25.733333333333334,False,Senin
202301.0,2023-01-31,mrt,94982.0,86.08333333333333,3.3,26.27916666666667,False,Selasa
202302.0,2023-02-01,mrt,32836.0,88.79166666666667,3.5,25.479166666666668,False,Rabu
202302.0,2023-02-02,mrt,32836.0,90.0,11.5,25.383333333333336,False,Kamis
202302.0,2023-02-03,mrt,32836.0,81.29166666666667,0.8,26.041666666666668,False,Jumat
202302.0,2023-02-04,mrt,32836.0,83.5,1.7,25.974999999999998,True,Sabtu
202302.0,2023-02-05,mrt,32836.0,79.83333333333333,8.6,26.495833333333334,True,Minggu
202302.0,2023-02-06,mrt,32836.0,74.16666666666667,0.1,27.400000000000002,False,Senin
202302.0,2023-02-07,mrt,32836.0,85.45833333333333,4.8,26.016666666666666,False,Selasa
202302.0,2023-02-08,mrt,32836.0,79.125,0.8,26.729166666666668,False,Rabu
202302.0,2023-02-09,mrt,32836.0,78.0,1.7,26.5125,False,Kamis
202302.0,2023-02-10,mrt,32836.0,81.66666666666667,25.4,26.09583333333333,False,Jumat
202302.0,2023-02-11,mrt,32836.0,89.54166666666667,14.200000000000001,25.03333333333333,True,Sabtu
202303.0,2023-03-01,mrt,103533.0,88.16666666666667,23.3,24.925,False,Rabu
202303.0,2023-03-02,mrt,102873.0,93.375,25.5,23.695833333333336,False,Kamis
202303.0,2023-03-03,mrt,105467.0,85.45833333333333,16.4,25.6875,False,Jumat
202303.0,2023-03-04,mrt,64655.0,87.95833333333333,12.2,24.8,True,Sabtu
202303.0,2023-03-05,mrt,51517.0,82.08333333333333,1.0,26.025000000000002,True,Minggu
202303.0,2023-03-06,mrt,99393.0,80.41666666666667,1.4,26.59583333333333,False,Senin
202303.0,2023-03-07,mrt,106290.0,82.16666666666667,5.300000000000001,26.141666666666666,False,Selasa
202303.0,2023-03-08,mrt,107407.0,87.70833333333333,4.6,25.333333333333332,False,Rabu
202303.0,2023-03-09,mrt,107292.0,86.58333333333333,6.699999999999999,25.454166666666666,False,Kamis
202303.0,2023-03-10,mrt,109089.0,87.45833333333333,3.8000000000000003,25.679166666666664,False,Jumat
202303.0,2023-03-11,mrt,93143.0,86.33333333333333,5.3,25.9875,True,Sabtu
202303.0,2023-03-12,mrt,81324.0,86.83333333333333,2.6,25.895833333333332,True,Minggu
202303.0,2023-03-13,mrt,99410.0,83.625,3.7,26.079166666666666,False,Senin
202302.0,2023-02-12,mrt,32836.0,90.95833333333333,39.4,24.3625,True,Minggu
202302.0,2023-02-13,mrt,32836.0,83.33333333333333,7.3,26.166666666666668,False,Senin
202302.0,2023-02-14,mrt,32836.0,88.25,10.2,25.079166666666666,False,Selasa
202302.0,2023-02-15,mrt,32836.0,86.20833333333333,17.6,25.3,False,Rabu
202302.0,2023-02-16,mrt,32836.0,88.75,16.5,25.079166666666666,False,Kamis
202302.0,2023-02-17,mrt,32836.0,89.70833333333333,11.2,24.78333333333333,False,Jumat
202302.0,2023-02-18,mrt,32836.0,86.54166666666667,0.8,25.599999999999998,True,Sabtu
202302.0,2023-02-19,mrt,32836.0,87.45833333333333,15.7,25.45,True,Minggu
202302.0,2023-02-20,mrt,32836.0,83.16666666666667,5.2,25.84166666666667,False,Senin
202302.0,2023-02-21,mrt,32836.0,87.20833333333333,11.2,25.287499999999998,False,Selasa
202302.0,2023-02-22,mrt,32836.0,89.54166666666667,23.5,24.8125,False,Rabu
202302.0,2023-02-23,mrt,32836.0,89.125,20.3,25.099999999999998,False,Kamis
202302.0,2023-02-24,mrt,32836.0,90.16666666666667,29.5,24.787499999999998,False,Jumat
202302.0,2023-02-25,mrt,32836.0,88.625,14.8,25.125,True,Sabtu
202302.0,2023-02-26,mrt,32836.0,87.45833333333333,23.4,25.21666666666667,True,Minggu
202302.0,2023-02-27,mrt,32836.0,90.41666666666667,8.8,24.474999999999998,False,Senin
202302.0,2023-02-28,mrt,32836.0,89.5,12.200000000000001,24.65416666666667,False,Selasa
202303.0,2023-03-14,mrt,106705.0,90.70833333333333,23.0,24.254166666666666,False,Selasa
202303.0,2023-03-15,mrt,107622.0,88.45833333333333,13.6,24.712500000000002,False,Rabu
202303.0,2023-03-16,mrt,105230.0,82.41666666666667,2.6999999999999997,26.2625,False,Kamis
202303.0,2023-03-17,mrt,104096.0,85.45833333333333,11.799999999999999,26.195833333333336,False,Jumat
202303.0,2023-03-18,mrt,61321.0,84.58333333333333,3.9000000000000004,26.520833333333332,True,Sabtu
202303.0,2023-03-19,mrt,50134.0,84.16666666666667,5.3,26.333333333333332,True,Minggu
202303.0,2023-03-20,mrt,102787.0,83.54166666666667,8.1,26.3875,False,Senin
202303.0,2023-03-21,mrt,115975.0,82.5,3.1,26.445833333333336,False,Selasa
202303.0,2023-03-22,mrt,45212.0,82.20833333333333,2.4,27.25,True,Rabu
202303.0,2023-03-23,mrt,40552.0,79.20833333333333,0.5,27.629166666666666,False,Kamis
202303.0,2023-03-24,mrt,82722.0,81.45833333333333,0.9,27.179166666666664,False,Jumat
202303.0,2023-03-25,mrt,31517.0,86.75,11.9,26.329166666666666,True,Sabtu
202303.0,2023-03-26,mrt,26022.0,88.29166666666667,7.8,26.233333333333334,True,Minggu
202303.0,2023-03-27,mrt,93938.0,86.04166666666667,6.3,26.454166666666666,False,Senin
202303.0,2023-03-28,mrt,96988.0,88.20833333333333,8.700000000000001,26.141666666666666,False,Selasa
202303.0,2023-03-29,mrt,98449.0,88.58333333333333,24.0,25.775000000000002,False,Rabu
202303.0,2023-03-30,mrt,100671.0,89.54166666666667,19.9,25.695833333333336,False,Kamis
202303.0,2023-03-31,mrt,98251.0,82.125,1.7999999999999998,26.270833333333332,False,Jumat
202309.0,2023-09-01,mrt,111335.0,71.04166666666667,0.0,27.49166666666667,False,Jumat
202309.0,2023-09-02,mrt,71699.0,73.5,3.0,27.416666666666668,True,Sabtu
202309.0,2023-09-03,mrt,60572.0,69.58333333333333,0.1,27.641666666666666,True,Minggu
202309.0,2023-09-04,mrt,101534.0,58.916666666666664,0.0,27.195833333333336,False,Senin
202309.0,2023-09-05,mrt,104937.0,63.5,0.0,26.979166666666668,False,Selasa
202309.0,2023-09-06,mrt,122248.0,63.291666666666664,0.2,27.849999999999998,False,Rabu
202309.0,2023-09-07,mrt,112328.0,67.33333333333333,0.0,28.166666666666668,False,Kamis
202309.0,2023-09-08,mrt,105648.0,72.54166666666667,3.9,27.941666666666666,False,Jumat
202309.0,2023-09-09,mrt,73165.0,76.70833333333333,1.2000000000000002,27.333333333333332,True,Sabtu
202309.0,2023-09-10,mrt,66534.0,73.95833333333333,1.5,27.474999999999998,True,Minggu
202309.0,2023-09-11,mrt,112236.0,68.95833333333333,0.2,28.129166666666666,False,Senin
202309.0,2023-09-12,mrt,114115.0,64.08333333333333,0.0,28.575,False,Selasa
202309.0,2023-09-13,mrt,112240.0,66.875,0.0,28.474999999999998,False,Rabu
202309.0,2023-09-14,mrt,111141.0,63.666666666666664,1.2,28.183333333333334,False,Kamis
202309.0,2023-09-15,mrt,114870.0,66.875,0.0,28.025000000000002,False,Jumat
202309.0,2023-09-16,mrt,69746.0,66.0,0.1,28.233333333333334,True,Sabtu
202309.0,2023-09-17,mrt,64976.0,67.58333333333333,0.5,28.462500000000002,True,Minggu
202309.0,2023-09-18,mrt,110533.0,67.45833333333333,3.6999999999999997,28.520833333333332,False,Senin
202309.0,2023-09-19,mrt,111959.0,78.25,5.9,27.55,False,Selasa
202309.0,2023-09-20,mrt,118060.0,74.0,0.6,27.9375,False,Rabu
202309.0,2023-09-21,mrt,116598.0,76.58333333333333,1.4,27.541666666666668,False,Kamis
202309.0,2023-09-22,mrt,122441.0,67.54166666666667,0.0,28.1125,False,Jumat
202309.0,2023-09-23,mrt,107123.0,68.625,0.6000000000000001,27.337500000000002,True,Sabtu
202309.0,2023-09-24,mrt,69949.0,68.54166666666667,0.7,27.820833333333336,True,Minggu
202309.0,2023-09-25,mrt,111606.0,66.625,0.4,28.170833333333334,False,Senin
202309.0,2023-09-26,mrt,120653.0,60.25,0.0,28.65416666666667,False,Selasa
202309.0,2023-09-27,mrt,126329.0,57.0,0.0,28.616666666666664,False,Rabu
202309.0,2023-09-28,mrt,70833.0,52.416666666666664,0.0,29.291666666666668,True,Kamis
202309.0,2023-09-29,mrt,107469.0,63.541666666666664,0.2,28.84583333333333,False,Jumat
202309.0,2023-09-30,mrt,80314.0,70.0,2.3,27.854166666666668,True,Sabtu
202308.0,2023-08-01,mrt,113096.0,67.125,0.0,27.7,False,Selasa
202308.0,2023-08-02,mrt,113705.0,78.41666666666667,10.4,27.0625,False,Rabu
202308.0,2023-08-03,mrt,113824.0,79.95833333333333,2.4,27.308333333333334,False,Kamis
202308.0,2023-08-04,mrt,115884.0,76.66666666666667,0.1,27.979166666666668,False,Jumat
202308.0,2023-08-05,mrt,71555.0,73.04166666666667,0.0,27.729166666666668,True,Sabtu
202308.0,2023-08-06,mrt,67030.0,71.83333333333333,0.4,27.320833333333336,True,Minggu
202308.0,2023-08-07,mrt,105832.0,75.95833333333333,1.0,27.21666666666667,False,Senin
202308.0,2023-08-08,mrt,113145.0,76.75,2.2,27.429166666666664,False,Selasa
202308.0,2023-08-09,mrt,115407.0,76.0,0.1,27.504166666666666,False,Rabu
202308.0,2023-08-10,mrt,114023.0,75.75,2.6,26.983333333333334,False,Kamis
202308.0,2023-08-11,mrt,110633.0,76.75,1.0,26.808333333333334,False,Jumat
202308.0,2023-08-12,mrt,72448.0,69.95833333333333,0.2,27.337500000000002,True,Sabtu
202308.0,2023-08-13,mrt,60193.0,69.91666666666667,1.0,26.9875,True,Minggu
202308.0,2023-08-14,mrt,108608.0,72.625,0.2,27.354166666666668,False,Senin
202308.0,2023-08-15,mrt,114849.0,71.25,0.6000000000000001,27.479166666666668,False,Selasa
202308.0,2023-08-16,mrt,118030.0,69.875,0.1,27.84166666666667,False,Rabu
202308.0,2023-08-17,mrt,54561.0,64.91666666666667,0.0,27.96666666666667,True,Kamis
202308.0,2023-08-18,mrt,99023.0,64.95833333333333,0.4,27.920833333333334,False,Jumat
202308.0,2023-08-19,mrt,58119.0,67.375,0.0,28.150000000000002,True,Sabtu
202308.0,2023-08-20,mrt,54149.0,67.70833333333333,0.2,28.633333333333336,True,Minggu
202308.0,2023-08-21,mrt,104375.0,67.625,0.0,28.004166666666666,False,Senin
202308.0,2023-08-22,mrt,110598.0,66.66666666666667,0.1,27.787499999999998,False,Selasa
202308.0,2023-08-23,mrt,108407.0,65.41666666666667,0.6,28.070833333333336,False,Rabu
202308.0,2023-08-24,mrt,104243.0,69.375,0.6,28.129166666666666,False,Kamis
202308.0,2023-08-25,mrt,114368.0,73.625,1.0,28.045833333333334,False,Jumat
202308.0,2023-08-26,mrt,66495.0,74.66666666666667,2.1,27.983333333333334,True,Sabtu
202308.0,2023-08-27,mrt,58541.0,78.83333333333333,1.9,26.912499999999998,True,Minggu
202308.0,2023-08-28,mrt,102656.0,79.66666666666667,4.300000000000001,26.308333333333334,False,Senin
202308.0,2023-08-29,mrt,111665.0,72.29166666666667,0.0,27.47083333333333,False,Selasa
202308.0,2023-08-30,mrt,114380.0,70.875,0.0,27.47083333333333,False,Rabu
202308.0,2023-08-31,mrt,109882.0,68.875,0.0,27.599999999999998,False,Kamis
202311.0,2023-11-05,mrt,67097.0,84.20833333333333,2.8,26.733333333333334,True,Minggu
202311.0,2023-11-06,mrt,109214.0,77.0,1.2,28.183333333333334,False,Senin
202311.0,2023-11-07,mrt,117030.0,74.33333333333333,0.5,28.575,False,Selasa
202311.0,2023-11-08,mrt,119248.0,76.79166666666667,0.9,28.358333333333334,False,Rabu
202311.0,2023-11-09,mrt,116221.0,79.29166666666667,8.7,28.1375,False,Kamis
202311.0,2023-11-10,mrt,114974.0,79.54166666666667,6.6,28.166666666666668,False,Jumat
202311.0,2023-11-11,mrt,69618.0,81.0,7.8999999999999995,27.379166666666666,True,Sabtu
202311.0,2023-11-12,mrt,61545.0,77.91666666666667,2.1,27.837500000000002,True,Minggu
202311.0,2023-11-13,mrt,108564.0,78.45833333333333,4.3,28.05,False,Senin
202311.0,2023-11-21,mrt,118262.0,82.125,5.3,27.599999999999998,False,Selasa
202311.0,2023-11-22,mrt,117558.0,82.0,8.2,27.52916666666667,False,Rabu
202311.0,2023-11-14,mrt,118455.0,83.75,26.3,27.041666666666668,False,Selasa
202311.0,2023-11-15,mrt,163162.0,82.0,3.0999999999999996,27.833333333333332,False,Rabu
202311.0,2023-11-16,mrt,132372.0,79.70833333333333,6.9,28.0,False,Kamis
202311.0,2023-11-17,mrt,119166.0,84.0,3.0,27.575,False,Jumat
202311.0,2023-11-18,mrt,68262.0,80.91666666666667,3.7,27.808333333333334,True,Sabtu
202311.0,2023-11-19,mrt,64365.0,79.70833333333333,36.5,28.320833333333336,True,Minggu
202311.0,2023-11-20,mrt,110966.0,80.20833333333333,12.8,27.8875,False,Senin
202310.0,2023-10-01,mrt,62623.0,72.54166666666667,0.0,28.287499999999998,True,Minggu
202310.0,2023-10-02,mrt,110811.0,65.16666666666667,0.7,28.545833333333334,False,Senin
202310.0,2023-10-03,mrt,116104.0,63.375,0.4,28.6125,False,Selasa
202310.0,2023-10-04,mrt,116067.0,70.79166666666667,0.7,28.28333333333333,False,Rabu
202310.0,2023-10-05,mrt,117370.0,73.29166666666667,0.1,28.6125,False,Kamis
202310.0,2023-10-06,mrt,117111.0,74.79166666666667,2.9000000000000004,28.329166666666666,False,Jumat
202310.0,2023-10-07,mrt,70689.0,72.54166666666667,1.0,28.75,True,Sabtu
202310.0,2023-10-08,mrt,65907.0,69.54166666666667,0.6,28.958333333333332,True,Minggu
202310.0,2023-10-09,mrt,109295.0,72.70833333333333,3.4000000000000004,28.537499999999998,False,Senin
202310.0,2023-10-10,mrt,116366.0,72.375,2.5,28.766666666666666,False,Selasa
202310.0,2023-10-11,mrt,116480.0,75.0,5.1,28.541666666666668,False,Rabu
202310.0,2023-10-12,mrt,118448.0,72.125,1.1,28.662499999999998,False,Kamis
202310.0,2023-10-13,mrt,114741.0,74.58333333333333,4.8,28.34166666666667,False,Jumat
202310.0,2023-10-14,mrt,68994.0,71.41666666666667,1.2,28.775000000000002,True,Sabtu
202310.0,2023-10-15,mrt,68658.0,67.91666666666667,5.4,28.795833333333334,True,Minggu
202310.0,2023-10-16,mrt,109289.0,67.20833333333333,0.1,29.108333333333334,False,Senin
202310.0,2023-10-17,mrt,115575.0,62.291666666666664,0.8,29.645833333333332,False,Selasa
202310.0,2023-10-18,mrt,115689.0,59.333333333333336,0.0,29.46666666666667,False,Rabu
202310.0,2023-10-19,mrt,116067.0,62.375,0.0,29.379166666666666,False,Kamis
202310.0,2023-10-20,mrt,112295.0,72.41666666666667,4.2,28.420833333333334,False,Jumat
202310.0,2023-10-21,mrt,66479.0,71.79166666666667,0.9,28.941666666666666,True,Sabtu
202310.0,2023-10-22,mrt,74032.0,74.04166666666667,1.8,28.84583333333333,True,Minggu
202310.0,2023-10-23,mrt,107463.0,70.0,1.4,28.900000000000002,False,Senin
202310.0,2023-10-24,mrt,112670.0,75.58333333333333,9.5,27.650000000000002,False,Selasa
202310.0,2023-10-25,mrt,118659.0,80.33333333333333,4.1,26.97083333333333,False,Rabu
202310.0,2023-10-26,mrt,114480.0,75.625,1.8,28.5,False,Kamis
202310.0,2023-10-27,mrt,119635.0,72.54166666666667,0.4,28.849999999999998,False,Jumat
202310.0,2023-10-28,mrt,77316.0,66.25,0.0,29.145833333333332,True,Sabtu
202310.0,2023-10-29,mrt,66933.0,64.5,0.0,29.037499999999998,True,Minggu
202310.0,2023-10-30,mrt,108092.0,66.33333333333333,0.0,29.083333333333332,False,Senin
202310.0,2023-10-31,mrt,115033.0,72.04166666666667,2.2,28.791666666666668,False,Selasa
202311.0,2023-11-01,mrt,116785.0,80.16666666666667,8.7,27.90833333333333,False,Rabu
202311.0,2023-11-02,mrt,115856.0,79.625,2.8000000000000003,28.1375,False,Kamis
202311.0,2023-11-03,mrt,116864.0,79.33333333333333,15.5,28.058333333333334,False,Jumat
202311.0,2023-11-04,mrt,70216.0,81.83333333333333,6.4,27.150000000000002,True,Sabtu
202311.0,2023-11-23,mrt,121317.0,80.33333333333333,4.699999999999999,27.791666666666668,False,Kamis
202311.0,2023-11-24,mrt,117895.0,87.20833333333333,22.2,26.6875,False,Jumat
202311.0,2023-11-25,mrt,61182.0,90.79166666666667,10.299999999999999,25.479166666666668,True,Sabtu
202311.0,2023-11-26,mrt,64321.0,82.95833333333333,5.1,26.991666666666664,True,Minggu
202311.0,2023-11-27,mrt,110589.0,88.95833333333333,15.899999999999999,25.483333333333334,False,Senin
202311.0,2023-11-28,mrt,117643.0,87.125,7.7,26.441666666666666,False,Selasa
202311.0,2023-11-29,mrt,119356.0,85.58333333333333,15.1,26.900000000000002,False,Rabu
202311.0,2023-11-30,mrt,116279.0,87.375,21.7,26.52916666666667,False,Kamis
202312.0,2023-12-01,mrt,116184.0,90.91666666666667,11.3,25.541666666666668,False,Jumat
202312.0,2023-12-02,mrt,70543.0,84.83333333333333,13.100000000000001,27.116666666666664,True,Sabtu
202312.0,2023-12-03,mrt,65083.0,87.08333333333333,17.2,26.275000000000002,True,Minggu
202312.0,2023-12-04,mrt,110326.0,89.20833333333333,14.5,26.041666666666668,False,Senin
202312.0,2023-12-05,mrt,118406.0,85.20833333333333,3.1,27.162499999999998,False,Selasa
202312.0,2023-12-06,mrt,119806.0,83.75,3.9,27.162499999999998,False,Rabu
202312.0,2023-12-07,mrt,117969.0,85.04166666666667,8.5,27.133333333333336,False,Kamis
202312.0,2023-12-08,mrt,120156.0,84.16666666666667,6.4,27.099999999999998,False,Jumat
202312.0,2023-12-09,mrt,88889.0,86.0,6.3999999999999995,26.954166666666666,True,Sabtu
202312.0,2023-12-10,mrt,63554.0,84.625,1.1,27.133333333333336,True,Minggu
202312.0,2023-12-11,mrt,111781.0,79.45833333333333,0.6000000000000001,27.916666666666668,False,Senin
202312.0,2023-12-12,mrt,117220.0,81.45833333333333,3.3,27.579166666666666,False,Selasa
202312.0,2023-12-13,mrt,121925.0,73.04166666666667,0.2,27.920833333333334,False,Rabu
202312.0,2023-12-14,mrt,117187.0,71.04166666666667,0.30000000000000004,28.620833333333334,False,Kamis
202312.0,2023-12-15,mrt,116743.0,72.45833333333333,0.0,28.40833333333333,False,Jumat
202312.0,2023-12-16,mrt,68692.0,70.83333333333333,0.1,28.425,True,Sabtu
202312.0,2023-12-17,mrt,71929.0,70.79166666666667,0.0,28.6375,True,Minggu
202312.0,2023-12-18,mrt,110120.0,70.0,0.0,29.025000000000002,False,Senin
202312.0,2023-12-19,mrt,115195.0,66.625,0.0,29.15416666666667,False,Selasa
202312.0,2023-12-20,mrt,118897.0,63.291666666666664,0.0,28.704166666666666,False,Rabu
202312.0,2023-12-21,mrt,115677.0,62.791666666666664,0.0,28.233333333333334,False,Kamis
202312.0,2023-12-22,mrt,109313.0,67.41666666666667,0.0,28.462500000000002,False,Jumat
202312.0,2023-12-23,mrt,63984.0,70.875,1.4000000000000001,29.054166666666664,True,Sabtu
202312.0,2023-12-24,mrt,78874.0,78.83333333333333,8.1,28.09583333333333,True,Minggu
202312.0,2023-12-25,mrt,59722.0,84.95833333333333,13.6,26.8625,True,Senin
202312.0,2023-12-26,mrt,66962.0,86.625,8.3,26.241666666666664,False,Selasa
202312.0,2023-12-27,mrt,101266.0,85.70833333333333,11.1,26.958333333333332,False,Rabu
202312.0,2023-12-28,mrt,105341.0,84.20833333333333,16.3,27.425,False,Kamis
202312.0,2023-12-29,mrt,98060.0,86.95833333333333,7.9,27.454166666666666,False,Jumat
202312.0,2023-12-30,mrt,72191.0,86.66666666666667,18.1,26.9875,True,Sabtu
202312.0,2023-12-31,mrt,104363.0,87.91666666666667,19.400000000000002,26.75,True,Minggu
202401.0,2024-01-01,mrt,57856.0,87.125,8.200000000000001,26.7375,True,Senin
202401.0,2024-01-02,mrt,99620.0,83.66666666666667,2.5,27.391666666666666,False,Selasa
202401.0,2024-01-03,mrt,104306.0,91.58333333333333,31.2,25.566666666666666,False,Rabu
202401.0,2024-01-04,mrt,115248.0,92.33333333333333,81.7,25.145833333333332,False,Kamis
202401.0,2024-01-05,mrt,115113.0,84.04166666666667,19.7,26.570833333333336,False,Jumat
202401.0,2024-01-06,mrt,57512.0,86.04166666666667,7.1000000000000005,26.616666666666664,True,Sabtu
202401.0,2024-01-07,mrt,57570.0,89.625,14.1,25.795833333333334,True,Minggu
202401.0,2024-01-08,mrt,112782.0,88.91666666666667,7.0,26.25,False,Senin
202401.0,2024-01-09,mrt,118892.0,83.58333333333333,1.1,27.129166666666666,False,Selasa
202401.0,2024-01-10,mrt,120091.0,86.54166666666667,12.0,26.754166666666666,False,Rabu
202401.0,2024-01-11,mrt,120445.0,86.20833333333333,8.4,26.741666666666664,False,Kamis
202401.0,2024-01-12,mrt,120521.0,81.33333333333333,1.3,27.4375,False,Jumat
202401.0,2024-01-13,mrt,75462.0,81.16666666666667,1.4000000000000001,27.416666666666668,True,Sabtu
202401.0,2024-01-14,mrt,73436.0,85.25,17.2,26.745833333333334,True,Minggu
202401.0,2024-01-15,mrt,112177.0,83.29166666666667,1.2,27.3875,False,Senin
202401.0,2024-01-16,mrt,121723.0,79.75,0.1,27.620833333333334,False,Selasa
202401.0,2024-01-17,mrt,118208.0,82.41666666666667,3.9999999999999996,27.116666666666664,False,Rabu
202401.0,2024-01-18,mrt,118295.0,82.125,1.9000000000000001,27.020833333333332,False,Kamis
202401.0,2024-01-19,mrt,109609.0,87.04166666666667,15.0,25.479166666666668,False,Jumat
202401.0,2024-01-20,mrt,76604.0,71.79166666666667,0.0,27.941666666666666,True,Sabtu
202401.0,2024-01-21,mrt,62549.0,77.25,9.5,27.566666666666666,True,Minggu
202401.0,2024-01-22,mrt,111503.0,72.41666666666667,0.2,27.983333333333334,False,Senin
202401.0,2024-01-23,mrt,118575.0,73.16666666666667,0.1,28.27916666666667,False,Selasa
202401.0,2024-01-24,mrt,120181.0,76.75,2.0,27.65416666666667,False,Rabu
202401.0,2024-01-25,mrt,119008.0,76.70833333333333,1.3,27.97083333333333,False,Kamis
202401.0,2024-01-26,mrt,121141.0,85.08333333333333,5.1,26.504166666666666,False,Jumat
202401.0,2024-01-27,mrt,60894.0,87.70833333333333,29.799999999999997,25.84166666666667,True,Sabtu
202401.0,2024-01-28,mrt,61391.0,89.375,30.099999999999998,25.504166666666666,True,Minggu
202401.0,2024-01-29,mrt,109988.0,90.33333333333333,27.4,25.625,False,Senin
202401.0,2024-01-30,mrt,118291.0,86.91666666666667,14.5,26.125,False,Selasa
202401.0,2024-01-31,mrt,124709.0,89.125,18.7,25.9875,False,Rabu
202402.0,2024-02-01,mrt,122452.0,87.04166666666667,16.2,26.59166666666667,False,Kamis
202402.0,2024-02-02,mrt,122765.0,85.41666666666667,10.6,26.954166666666666,False,Jumat
202402.0,2024-02-03,mrt,85521.0,88.75,15.6,25.945833333333336,True,Sabtu
202402.0,2024-02-04,mrt,65821.0,84.95833333333333,5.1000000000000005,26.679166666666664,True,Minggu
202402.0,2024-02-05,mrt,116416.0,87.75,5.8999999999999995,26.2375,False,Senin
202402.0,2024-02-06,mrt,121948.0,89.08333333333333,7.2,25.7375,False,Selasa
202402.0,2024-02-07,mrt,132746.0,85.125,6.1,26.366666666666664,False,Rabu
202402.0,2024-02-08,mrt,68137.0,82.16666666666667,3.9,26.96666666666667,True,Kamis
202402.0,2024-02-09,mrt,73290.0,83.70833333333333,3.5,27.266666666666666,False,Jumat
202402.0,2024-02-10,mrt,97425.0,86.75,6.2,26.429166666666664,True,Sabtu
202402.0,2024-02-11,mrt,53484.0,84.0,12.8,26.683333333333334,True,Minggu
202402.0,2024-02-12,mrt,111592.0,83.79166666666667,5.7,26.870833333333334,False,Senin
202402.0,2024-02-13,mrt,119741.0,85.45833333333333,12.1,26.858333333333334,False,Selasa
202402.0,2024-02-14,mrt,38477.0,87.75,18.0,26.454166666666666,True,Rabu
202402.0,2024-02-15,mrt,110014.0,87.0,7.300000000000001,27.09583333333333,False,Kamis
202402.0,2024-02-16,mrt,108287.0,89.0,8.8,26.5,False,Jumat
202402.0,2024-02-17,mrt,57070.0,88.66666666666667,19.7,26.162499999999998,True,Sabtu
202402.0,2024-02-18,mrt,52133.0,86.83333333333333,2.0,26.795833333333334,True,Minggu
202402.0,2024-02-19,mrt,114008.0,85.5,3.6,27.087500000000002,False,Senin
202402.0,2024-02-20,mrt,120693.0,82.95833333333333,0.7,27.6875,False,Selasa
202402.0,2024-02-21,mrt,119410.0,86.25,11.1,27.037499999999998,False,Rabu
202402.0,2024-02-22,mrt,118832.0,80.83333333333333,0.2,27.97083333333333,False,Kamis
202402.0,2024-02-23,mrt,113483.0,75.20833333333333,1.9,28.7,False,Jumat
202402.0,2024-02-24,mrt,61023.0,86.95833333333333,13.200000000000001,26.758333333333336,True,Sabtu
202402.0,2024-02-25,mrt,56516.0,88.625,21.6,26.320833333333336,True,Minggu
202402.0,2024-02-26,mrt,114168.0,84.875,6.8,27.120833333333334,False,Senin
202402.0,2024-02-27,mrt,121579.0,84.08333333333333,3.5,27.21666666666667,False,Selasa
202402.0,2024-02-28,mrt,124706.0,88.66666666666667,34.1,25.691666666666666,False,Rabu
202402.0,2024-02-29,mrt,118773.0,88.79166666666667,7.3,26.241666666666664,False,Kamis
202403.0,2024-03-01,mrt,133521.0,85.875,13.9,27.054166666666664,False,Jumat
202403.0,2024-03-02,mrt,72213.0,90.29166666666667,14.6,26.59166666666667,True,Sabtu
202403.0,2024-03-03,mrt,67004.0,88.54166666666667,8.7,26.458333333333332,True,Minggu
202403.0,2024-03-04,mrt,118607.0,82.75,9.6,27.53333333333333,False,Senin
202403.0,2024-03-05,mrt,127631.0,80.91666666666667,14.2,27.604166666666668,False,Selasa
202403.0,2024-03-06,mrt,131532.0,82.25,2.6,27.75,False,Rabu
202403.0,2024-03-07,mrt,128627.0,83.95833333333333,15.5,27.358333333333334,False,Kamis
202403.0,2024-03-08,mrt,133136.0,85.33333333333333,11.3,26.962500000000002,False,Jumat
202403.0,2024-03-09,mrt,62592.0,91.54166666666667,11.2,25.541666666666668,True,Sabtu
202403.0,2024-03-10,mrt,67319.0,87.58333333333333,4.5,26.3,True,Minggu
202403.0,2024-03-11,mrt,37889.0,89.45833333333333,35.9,26.004166666666666,True,Senin
202403.0,2024-03-12,mrt,52696.0,85.29166666666667,7.7,26.416666666666668,False,Selasa
202403.0,2024-03-13,mrt,115590.0,88.75,21.5,25.879166666666666,False,Rabu
202403.0,2024-03-14,mrt,116268.0,88.875,11.299999999999999,25.662499999999998,False,Kamis
202403.0,2024-03-15,mrt,117451.0,87.54166666666667,5.8,26.212500000000002,False,Jumat
202403.0,2024-03-16,mrt,36948.0,86.20833333333333,5.6000000000000005,25.900000000000002,True,Sabtu
202403.0,2024-03-17,mrt,28841.0,84.125,5.0,26.391666666666666,True,Minggu
202403.0,2024-03-18,mrt,116435.0,77.91666666666667,1.0,27.462500000000002,False,Senin
202403.0,2024-03-19,mrt,122338.0,73.41666666666667,0.2,27.974999999999998,False,Selasa
202403.0,2024-03-20,mrt,123020.0,72.83333333333333,0.0,27.504166666666666,False,Rabu
202403.0,2024-03-21,mrt,129855.0,82.66666666666667,2.9,26.4875,False,Kamis
202403.0,2024-03-22,mrt,116985.0,88.625,9.0,25.958333333333332,False,Jumat
202403.0,2024-03-23,mrt,55935.0,83.5,4.3,27.608333333333334,True,Sabtu
202403.0,2024-03-24,mrt,40414.0,84.33333333333333,6.6,27.087500000000002,True,Minggu
202403.0,2024-03-25,mrt,120394.0,87.875,12.299999999999999,26.516666666666666,False,Senin
202403.0,2024-03-26,mrt,125139.0,83.33333333333333,2.5,27.279166666666665,False,Selasa
202403.0,2024-03-27,mrt,117526.0,89.33333333333333,16.3,26.34583333333333,False,Rabu
202403.0,2024-03-28,mrt,123619.0,87.45833333333333,5.7,26.7625,False,Kamis
202403.0,2024-03-29,mrt,45818.0,85.08333333333333,5.2,26.995833333333334,True,Jumat
202403.0,2024-03-30,mrt,51268.0,85.54166666666667,6.500000000000001,27.325,True,Sabtu
202403.0,2024-03-31,mrt,39745.0,85.83333333333333,13.0,27.008333333333336,True,Minggu
202404.0,2024-04-01,mrt,123089.0,86.58333333333333,2.6,27.108333333333334,False,Senin
202404.0,2024-04-02,mrt,128812.0,87.875,11.3,27.212500000000002,False,Selasa
202404.0,2024-04-03,mrt,135466.0,89.91666666666667,12.7,26.8,False,Rabu
202404.0,2024-04-04,mrt,120383.0,87.125,11.0,27.270833333333332,False,Kamis
202404.0,2024-04-05,mrt,114702.0,86.16666666666667,5.6,27.4875,False,Jumat
202404.0,2024-04-06,mrt,40530.0,87.08333333333333,3.1,27.662499999999998,True,Sabtu
202404.0,2024-04-07,mrt,32785.0,83.08333333333333,2.6,28.087500000000002,True,Minggu
202404.0,2024-04-08,mrt,43426.0,80.83333333333333,0.5,28.0625,False,Senin
202404.0,2024-04-09,mrt,31608.0,85.16666666666667,6.199999999999999,27.666666666666668,False,Selasa
202404.0,2024-04-10,mrt,25586.0,83.83333333333333,0.8,27.5625,True,Rabu
202404.0,2024-04-11,mrt,45037.0,86.25,8.0,27.412499999999998,True,Kamis
202404.0,2024-04-12,mrt,46730.0,88.875,16.2,26.1875,False,Jumat
202404.0,2024-04-13,mrt,55019.0,84.75,6.9,27.46666666666667,True,Sabtu
202404.0,2024-04-14,mrt,48621.0,86.125,3.2,26.958333333333332,True,Minggu
202404.0,2024-04-15,mrt,61783.0,86.375,7.6,27.275000000000002,False,Senin
202404.0,2024-04-16,mrt,111133.0,85.25,4.7,27.741666666666664,False,Selasa
202404.0,2024-04-17,mrt,117957.0,86.70833333333333,5.0,26.916666666666668,False,Rabu
202404.0,2024-04-18,mrt,106172.0,87.5,5.2,26.849999999999998,False,Kamis
202404.0,2024-04-19,mrt,118606.0,86.45833333333333,4.1,27.150000000000002,False,Jumat
202404.0,2024-04-20,mrt,66455.0,86.95833333333333,13.7,27.22083333333333,True,Sabtu
202404.0,2024-04-21,mrt,57989.0,89.66666666666667,24.0,26.6375,True,Minggu
202404.0,2024-04-22,mrt,114168.0,84.91666666666667,3.3000000000000003,27.71666666666667,False,Senin
202404.0,2024-04-23,mrt,116905.0,88.16666666666667,12.7,27.270833333333332,False,Selasa
202404.0,2024-04-24,mrt,122574.0,86.20833333333333,9.5,27.5125,False,Rabu
202404.0,2024-04-25,mrt,121052.0,87.58333333333333,18.3,27.079166666666666,False,Kamis
202404.0,2024-04-26,mrt,113478.0,87.95833333333333,8.0,27.116666666666664,False,Jumat
202404.0,2024-04-27,mrt,76600.0,89.33333333333333,27.900000000000002,26.708333333333332,True,Sabtu
202404.0,2024-04-28,mrt,67134.0,83.70833333333333,0.30000000000000004,27.8,True,Minggu
202404.0,2024-04-29,mrt,120778.0,80.75,3.2,28.391666666666666,False,Senin
202404.0,2024-04-30,mrt,123326.0,85.5,8.2,27.679166666666664,False,Selasa
202406.0,2024-06-01,mrt,85171.0,87.625,2.4,27.316666666666666,True,Sabtu
202406.0,2024-06-02,mrt,78021.0,87.08333333333333,14.2,27.366666666666664,True,Minggu
202406.0,2024-06-03,mrt,111801.0,87.58333333333333,7.6,26.316666666666666,False,Senin
202406.0,2024-06-04,mrt,134465.0,83.83333333333333,2.0,27.766666666666666,False,Selasa
202406.0,2024-06-05,mrt,128724.0,83.66666666666667,1.1,27.53333333333333,False,Rabu
202406.0,2024-06-06,mrt,157771.0,78.375,1.4,27.65416666666667,False,Kamis
202406.0,2024-06-07,mrt,139620.0,80.54166666666667,0.2,27.27916666666667,False,Jumat
202406.0,2024-06-08,mrt,79786.0,79.29166666666667,1.9000000000000001,27.479166666666668,True,Sabtu
202406.0,2024-06-09,mrt,87370.0,86.33333333333333,12.1,26.629166666666666,True,Minggu
202406.0,2024-06-10,mrt,126943.0,84.33333333333333,8.1,27.583333333333332,False,Senin
202406.0,2024-06-11,mrt,137201.0,88.5,6.3,26.079166666666666,False,Selasa
202406.0,2024-06-12,mrt,136359.0,88.75,10.1,25.895833333333332,False,Rabu
202406.0,2024-06-13,mrt,132250.0,88.33333333333333,10.5,26.170833333333334,False,Kamis
202406.0,2024-06-14,mrt,125074.0,84.54166666666667,8.2,27.09583333333333,False,Jumat
202406.0,2024-06-15,mrt,59469.0,87.375,14.0,26.6875,True,Sabtu
202406.0,2024-06-16,mrt,53721.0,88.58333333333333,10.5,26.349999999999998,True,Minggu
202406.0,2024-06-17,mrt,42293.0,82.875,0.7000000000000001,27.245833333333334,True,Senin
202406.0,2024-06-18,mrt,73034.0,85.95833333333333,5.6000000000000005,26.395833333333332,False,Selasa
202406.0,2024-06-19,mrt,127527.0,79.83333333333333,0.5,27.349999999999998,False,Rabu
202406.0,2024-06-20,mrt,132124.0,75.5,0.0,27.40416666666667,False,Kamis
202406.0,2024-06-21,mrt,130474.0,76.41666666666667,0.1,26.916666666666668,False,Jumat
202406.0,2024-06-22,mrt,126540.0,80.08333333333333,0.1,26.704166666666666,True,Sabtu
202406.0,2024-06-23,mrt,121444.0,74.33333333333333,0.0,26.945833333333336,True,Minggu
202406.0,2024-06-24,mrt,125287.0,78.20833333333333,4.9,27.141666666666666,False,Senin
202406.0,2024-06-25,mrt,136117.0,85.08333333333333,10.1,26.816666666666666,False,Selasa
202406.0,2024-06-26,mrt,140005.0,79.66666666666667,0.9,27.445833333333336,False,Rabu
202406.0,2024-06-27,mrt,136527.0,84.04166666666667,5.4,27.150000000000002,False,Kamis
202406.0,2024-06-28,mrt,147017.0,87.25,6.9,26.691666666666666,False,Jumat
202406.0,2024-06-29,mrt,87178.0,88.33333333333333,7.3,26.333333333333332,True,Sabtu
202406.0,2024-06-30,mrt,100499.0,82.70833333333333,0.5,26.9875,True,Minggu
202405.0,2024-05-01,mrt,68691.0,88.20833333333333,13.0,27.075,True,Rabu
202405.0,2024-05-02,mrt,115692.0,85.875,15.5,27.570833333333336,False,Kamis
202405.0,2024-05-03,mrt,123678.0,85.0,5.2,27.65833333333333,False,Jumat
202405.0,2024-05-04,mrt,69000.0,81.70833333333333,0.7000000000000001,27.825,True,Sabtu
202405.0,2024-05-05,mrt,72015.0,82.29166666666667,3.4,27.8625,True,Minggu
202405.0,2024-05-06,mrt,118445.0,81.04166666666667,4.4,27.733333333333334,False,Senin
202405.0,2024-05-07,mrt,123965.0,77.04166666666667,0.6000000000000001,28.416666666666668,False,Selasa
202405.0,2024-05-08,mrt,137007.0,78.875,1.7000000000000002,28.0625,False,Rabu
202405.0,2024-05-09,mrt,68284.0,81.75,2.7,27.7,True,Kamis
202405.0,2024-05-10,mrt,83827.0,82.91666666666667,10.6,28.0625,False,Jumat
202405.0,2024-05-11,mrt,74665.0,84.75,4.5,27.454166666666666,True,Sabtu
202405.0,2024-05-12,mrt,82720.0,80.625,7.6,28.104166666666668,True,Minggu
202405.0,2024-05-13,mrt,118927.0,88.54166666666667,28.4,27.004166666666666,False,Senin
202405.0,2024-05-14,mrt,113440.0,88.625,4.5,26.870833333333334,False,Selasa
202405.0,2024-05-15,mrt,118265.0,80.25,2.4,28.508333333333336,False,Rabu
202405.0,2024-05-16,mrt,131186.0,83.54166666666667,3.9000000000000004,27.695833333333336,False,Kamis
202405.0,2024-05-17,mrt,122352.0,80.91666666666667,0.4,28.016666666666666,False,Jumat
202405.0,2024-05-18,mrt,63122.0,81.5,0.8,27.900000000000002,True,Sabtu
202405.0,2024-05-19,mrt,80686.0,80.41666666666667,8.1,27.945833333333336,True,Minggu
202405.0,2024-05-20,mrt,119876.0,78.79166666666667,0.5,28.28333333333333,False,Senin
202405.0,2024-05-21,mrt,120683.0,79.5,7.300000000000001,28.166666666666668,False,Selasa
202405.0,2024-05-22,mrt,115360.0,86.20833333333333,11.7,27.120833333333334,False,Rabu
202405.0,2024-05-23,mrt,71668.0,87.75,11.2,26.650000000000002,True,Kamis
202405.0,2024-05-24,mrt,79890.0,89.58333333333333,19.9,26.383333333333336,False,Jumat
202405.0,2024-05-25,mrt,71920.0,94.5,36.7,24.974999999999998,True,Sabtu
202405.0,2024-05-26,mrt,71259.0,81.29166666666667,0.1,28.0125,True,Minggu
202405.0,2024-05-27,mrt,122289.0,82.16666666666667,0.7000000000000001,28.366666666666664,False,Senin
202405.0,2024-05-28,mrt,125892.0,84.0,3.2,27.808333333333334,False,Selasa
202405.0,2024-05-29,mrt,132784.0,84.375,2.1,27.53333333333333,False,Rabu
202405.0,2024-05-30,mrt,68551.0,81.70833333333333,1.0,27.8125,False,Kamis
202405.0,2024-05-31,mrt,115018.0,83.20833333333333,1.1,28.02916666666667,False,Jumat
202407.0,2024-07-01,mrt,133900.0,84.66666666666667,5.3,26.787499999999998,False,Senin
202407.0,2024-07-02,mrt,141359.0,85.875,10.2,26.191666666666666,False,Selasa
202407.0,2024-07-03,mrt,145641.0,81.79166666666667,0.8,27.162499999999998,False,Rabu
202407.0,2024-07-04,mrt,134852.0,86.5,14.3,26.09166666666667,False,Kamis
202407.0,2024-07-05,mrt,142434.0,85.08333333333333,9.6,26.40416666666667,False,Jumat
202407.0,2024-07-06,mrt,68959.0,90.0,47.4,24.983333333333334,True,Sabtu
202407.0,2024-07-07,mrt,87751.0,85.45833333333333,4.2,25.8125,True,Minggu
202407.0,2024-07-08,mrt,137866.0,84.95833333333333,18.7,26.441666666666666,False,Senin
202407.0,2024-07-09,mrt,137866.0,86.0,11.0,26.041666666666668,False,Selasa
202407.0,2024-07-10,mrt,143735.0,78.16666666666667,0.0,27.166666666666668,False,Rabu
202407.0,2024-07-11,mrt,143237.0,79.66666666666667,0.5,26.8125,False,Kamis
202407.0,2024-07-12,mrt,143466.0,73.79166666666667,0.0,26.900000000000002,False,Jumat
202407.0,2024-07-13,mrt,97892.0,73.875,0.0,25.741666666666664,True,Sabtu
202407.0,2024-07-14,mrt,83495.0,70.79166666666667,0.0,26.1375,True,Minggu
202407.0,2024-07-15,mrt,125436.0,70.66666666666667,0.0,26.125,False,Senin
202407.0,2024-07-16,mrt,122913.0,70.20833333333333,0.0,26.370833333333334,False,Selasa
202407.0,2024-07-17,mrt,138805.0,77.125,1.2000000000000002,26.5,False,Rabu
202407.0,2024-07-18,mrt,121881.0,77.75,0.1,27.175,False,Kamis
202407.0,2024-07-19,mrt,136335.0,74.70833333333333,0.30000000000000004,27.270833333333332,False,Jumat
202407.0,2024-07-20,mrt,86662.0,73.875,0.0,27.275000000000002,True,Sabtu
202407.0,2024-07-21,mrt,80059.0,71.66666666666667,0.0,27.55,True,Minggu
202407.0,2024-07-22,mrt,125152.0,73.25,0.0,27.633333333333336,False,Senin
202407.0,2024-07-23,mrt,134302.0,71.125,0.0,27.75,False,Selasa
202407.0,2024-07-24,mrt,136427.0,73.125,0.4,27.333333333333332,False,Rabu
202407.0,2024-07-25,mrt,130189.0,77.58333333333333,1.3,26.808333333333334,False,Kamis
202407.0,2024-07-26,mrt,136427.0,77.91666666666667,0.6000000000000001,27.179166666666664,False,Jumat
202407.0,2024-07-27,mrt,91779.0,72.91666666666667,0.0,27.6375,True,Sabtu
202407.0,2024-07-28,mrt,83529.0,72.54166666666667,0.6,27.662499999999998,True,Minggu
202407.0,2024-07-29,mrt,126218.0,71.875,0.1,27.745833333333334,False,Senin
202407.0,2024-07-30,mrt,132840.0,69.75,0.0,27.72083333333333,False,Selasa
202407.0,2024-07-31,mrt,132830.0,73.08333333333333,0.0,27.6375,False,Rabu
202409.0,2024-09-01,mrt,77416.0,70.45833333333333,0.0,28.5,True,Minggu
202408.0,2024-08-01,mrt,136582.0,76.91666666666667,2.8,27.333333333333332,False,Kamis
202408.0,2024-08-02,mrt,144726.0,82.70833333333333,10.6,26.320833333333336,False,Jumat
202408.0,2024-08-03,mrt,90605.0,83.79166666666667,17.0,26.400000000000002,True,Sabtu
202408.0,2024-08-04,mrt,91268.0,78.16666666666667,0.6,27.34583333333333,True,Minggu
202408.0,2024-08-05,mrt,128848.0,84.33333333333333,6.5,26.145833333333332,False,Senin
202408.0,2024-08-06,mrt,136952.0,74.33333333333333,0.0,27.1375,False,Selasa
202408.0,2024-08-07,mrt,141094.0,73.20833333333333,0.1,27.441666666666666,False,Rabu
202408.0,2024-08-08,mrt,137789.0,75.33333333333333,1.0999999999999999,27.587500000000002,False,Kamis
202408.0,2024-08-09,mrt,138155.0,75.58333333333333,0.8,27.71666666666667,False,Jumat
202408.0,2024-08-10,mrt,96883.0,76.58333333333333,0.30000000000000004,27.495833333333334,True,Sabtu
202408.0,2024-08-11,mrt,77830.0,80.91666666666667,2.9,26.954166666666666,True,Minggu
202408.0,2024-08-12,mrt,128884.0,72.625,0.1,26.941666666666666,False,Senin
202408.0,2024-08-13,mrt,140806.0,71.95833333333333,0.0,26.6125,False,Selasa
202408.0,2024-08-14,mrt,137045.0,73.04166666666667,0.0,27.037499999999998,False,Rabu
202408.0,2024-08-15,mrt,135600.0,72.33333333333333,0.0,27.758333333333336,False,Kamis
202408.0,2024-08-16,mrt,138635.0,73.75,0.2,27.708333333333332,False,Jumat
202408.0,2024-08-17,mrt,83747.0,74.875,0.0,27.820833333333336,True,Sabtu
202408.0,2024-08-18,mrt,75108.0,75.29166666666667,0.5,27.90416666666667,True,Minggu
202408.0,2024-08-19,mrt,125083.0,75.20833333333333,0.0,27.666666666666668,False,Senin
202408.0,2024-08-20,mrt,133516.0,76.66666666666667,0.0,27.333333333333332,False,Selasa
202408.0,2024-08-21,mrt,137033.0,75.45833333333333,0.8,27.625,False,Rabu
202408.0,2024-08-22,mrt,137749.0,75.04166666666667,0.1,27.95,False,Kamis
202408.0,2024-08-23,mrt,129025.0,72.5,0.0,28.045833333333334,False,Jumat
202408.0,2024-08-24,mrt,82132.0,72.66666666666667,3.7,27.575,True,Sabtu
202408.0,2024-08-25,mrt,78530.0,72.83333333333333,0.1,27.325,True,Minggu
202408.0,2024-08-26,mrt,126419.0,68.5,0.0,28.120833333333334,False,Senin
202408.0,2024-08-27,mrt,132866.0,68.29166666666667,0.1,28.583333333333332,False,Selasa
202408.0,2024-08-28,mrt,135566.0,62.833333333333336,0.0,28.954166666666666,False,Rabu
202408.0,2024-08-29,mrt,133353.0,66.0,0.1,28.604166666666668,False,Kamis
202408.0,2024-08-30,mrt,137464.0,68.125,0.2,27.854166666666668,False,Jumat
202408.0,2024-08-31,mrt,89680.0,67.375,0.0,28.104166666666668,True,Sabtu
202411.0,2024-11-01,mrt,140353.0,78.04166666666667,6.7,27.77916666666667,False,Jumat
202411.0,2024-11-02,mrt,86229.0,82.625,9.3,27.358333333333334,True,Sabtu
202411.0,2024-11-03,mrt,78871.0,88.29166666666667,11.2,25.870833333333334,True,Minggu
202411.0,2024-11-04,mrt,127006.0,84.45833333333333,12.8,26.662499999999998,False,Senin
202411.0,2024-11-05,mrt,144409.0,86.45833333333333,12.3,26.27916666666667,False,Selasa
202411.0,2024-11-06,mrt,138293.0,86.5,16.3,26.120833333333334,False,Rabu
202411.0,2024-11-07,mrt,137346.0,84.29166666666667,10.200000000000001,26.608333333333334,False,Kamis
202411.0,2024-11-08,mrt,143571.0,77.79166666666667,0.7000000000000001,27.945833333333336,False,Jumat
202411.0,2024-11-09,mrt,86203.0,80.75,15.1,27.558333333333334,True,Sabtu
202411.0,2024-11-10,mrt,66560.0,82.875,7.9,27.15833333333333,True,Minggu
202411.0,2024-11-11,mrt,130773.0,86.29166666666667,19.900000000000002,26.47083333333333,False,Senin
202411.0,2024-11-12,mrt,136799.0,87.04166666666667,13.000000000000002,26.383333333333336,False,Selasa
202411.0,2024-11-13,mrt,140349.0,86.5,14.9,27.133333333333336,False,Rabu
202411.0,2024-11-14,mrt,138115.0,81.54166666666667,5.1,27.958333333333332,False,Kamis
202411.0,2024-11-15,mrt,146910.0,79.625,7.2,27.983333333333334,False,Jumat
202411.0,2024-11-16,mrt,75366.0,84.16666666666667,12.1,27.266666666666666,True,Sabtu
202411.0,2024-11-17,mrt,76762.0,85.375,12.3,27.0125,True,Minggu
202411.0,2024-11-18,mrt,127232.0,85.45833333333333,13.4,26.712500000000002,False,Senin
202411.0,2024-11-19,mrt,149339.0,81.66666666666667,7.1,27.666666666666668,False,Selasa
202411.0,2024-11-20,mrt,137648.0,80.25,6.4,27.712500000000002,False,Rabu
202411.0,2024-11-21,mrt,134389.0,82.66666666666667,6.1,27.433333333333334,False,Kamis
202410.0,2024-10-01,mrt,137804.0,75.875,1.1,28.27916666666667,False,Selasa
202410.0,2024-10-02,mrt,141120.0,78.33333333333333,2.1,27.9875,False,Rabu
202410.0,2024-10-03,mrt,139663.0,82.91666666666667,6.6000000000000005,27.333333333333332,False,Kamis
202410.0,2024-10-04,mrt,145921.0,83.875,24.9,27.0,False,Jumat
202410.0,2024-10-05,mrt,142936.0,84.125,2.9,26.866666666666664,True,Sabtu
202410.0,2024-10-06,mrt,78779.0,82.58333333333333,11.6,27.120833333333334,True,Minggu
202410.0,2024-10-07,mrt,128909.0,75.79166666666667,0.1,27.641666666666666,False,Senin
202410.0,2024-10-08,mrt,136308.0,72.16666666666667,0.0,28.295833333333334,False,Selasa
202410.0,2024-10-09,mrt,140697.0,75.33333333333333,1.3,28.208333333333332,False,Rabu
202410.0,2024-10-10,mrt,139023.0,76.91666666666667,5.9,27.929166666666664,False,Kamis
202410.0,2024-10-11,mrt,138132.0,77.25,1.5000000000000002,28.329166666666666,False,Jumat
202410.0,2024-10-12,mrt,90284.0,83.91666666666667,11.200000000000001,27.479166666666668,True,Sabtu
202410.0,2024-10-13,mrt,70836.0,84.5,15.0,26.96666666666667,True,Minggu
202410.0,2024-10-14,mrt,126820.0,81.33333333333333,6.0,27.45,False,Senin
202410.0,2024-10-15,mrt,136273.0,75.0,1.5,28.208333333333332,False,Selasa
202410.0,2024-10-16,mrt,138598.0,72.95833333333333,0.1,28.695833333333336,False,Rabu
202410.0,2024-10-17,mrt,135787.0,58.666666666666664,0.0,28.5625,False,Kamis
202410.0,2024-10-18,mrt,138165.0,64.33333333333333,0.0,28.1875,False,Jumat
202410.0,2024-10-19,mrt,80580.0,68.45833333333333,0.6,28.579166666666666,True,Sabtu
202410.0,2024-10-20,mrt,132311.0,59.666666666666664,0.0,28.77916666666667,True,Minggu
202410.0,2024-10-21,mrt,126892.0,67.25,0.30000000000000004,28.645833333333332,False,Senin
202410.0,2024-10-22,mrt,132796.0,65.29166666666667,0.0,29.320833333333336,False,Selasa
202410.0,2024-10-23,mrt,133927.0,69.16666666666667,2.5,29.1375,False,Rabu
202410.0,2024-10-24,mrt,131414.0,77.875,9.0,28.016666666666666,False,Kamis
202410.0,2024-10-25,mrt,135755.0,76.125,0.8999999999999999,28.041666666666668,False,Jumat
202410.0,2024-10-26,mrt,81817.0,64.66666666666667,0.0,28.995833333333334,True,Sabtu
202410.0,2024-10-27,mrt,74163.0,66.375,0.4,29.34166666666667,True,Minggu
202410.0,2024-10-28,mrt,125895.0,65.79166666666667,0.0,29.695833333333336,False,Senin
202410.0,2024-10-29,mrt,133449.0,68.875,0.6,29.625,False,Selasa
202410.0,2024-10-30,mrt,135972.0,69.125,2.6,29.28333333333333,False,Rabu
202410.0,2024-10-31,mrt,134554.0,72.66666666666667,3.3999999999999995,28.758333333333336,False,Kamis
202409.0,2024-09-02,mrt,127463.0,77.875,3.3,28.325,False,Senin
202409.0,2024-09-03,mrt,136000.0,80.20833333333333,6.6,27.45,False,Selasa
202409.0,2024-09-04,mrt,139700.0,71.66666666666667,0.1,27.883333333333336,False,Rabu
202409.0,2024-09-05,mrt,117416.0,73.33333333333333,9.4,27.8,False,Kamis
202409.0,2024-09-06,mrt,134651.0,74.16666666666667,1.0,28.166666666666668,False,Jumat
202409.0,2024-09-07,mrt,86160.0,63.125,0.0,29.579166666666666,True,Sabtu
202409.0,2024-09-08,mrt,79327.0,64.79166666666667,0.3,29.141666666666666,True,Minggu
202409.0,2024-09-09,mrt,130683.0,78.95833333333333,9.7,27.391666666666666,False,Senin
202409.0,2024-09-10,mrt,168739.0,84.70833333333333,16.3,26.458333333333332,False,Selasa
202409.0,2024-09-11,mrt,139455.0,79.54166666666667,0.9,26.879166666666666,False,Rabu
202409.0,2024-09-12,mrt,141684.0,79.91666666666667,12.4,26.929166666666664,False,Kamis
202409.0,2024-09-13,mrt,136551.0,79.79166666666667,0.6000000000000001,26.854166666666668,False,Jumat
202409.0,2024-09-14,mrt,85345.0,67.08333333333333,0.0,27.566666666666666,True,Sabtu
202409.0,2024-09-15,mrt,105901.0,70.33333333333333,0.0,27.325,True,Minggu
202409.0,2024-09-16,mrt,63832.0,67.95833333333333,0.1,27.945833333333336,True,Senin
202409.0,2024-09-17,mrt,130995.0,67.41666666666667,0.0,27.516666666666666,False,Selasa
202409.0,2024-09-18,mrt,136992.0,65.66666666666667,0.0,27.233333333333334,False,Rabu
202409.0,2024-09-19,mrt,134680.0,67.91666666666667,0.0,27.3125,False,Kamis
202409.0,2024-09-20,mrt,135501.0,70.875,0.0,27.554166666666664,False,Jumat
202409.0,2024-09-21,mrt,81078.0,75.375,0.0,27.866666666666664,True,Sabtu
202409.0,2024-09-22,mrt,77031.0,76.83333333333333,1.2000000000000002,28.333333333333332,True,Minggu
202409.0,2024-09-23,mrt,125886.0,77.83333333333333,1.9,28.2,False,Senin
202409.0,2024-09-24,mrt,132198.0,83.45833333333333,10.200000000000001,26.875,False,Selasa
202409.0,2024-09-25,mrt,140607.0,79.25,5.1,27.34166666666667,False,Rabu
202409.0,2024-09-26,mrt,139367.0,82.125,13.3,26.733333333333334,False,Kamis
202409.0,2024-09-27,mrt,141757.0,81.95833333333333,2.1,27.554166666666664,False,Jumat
202409.0,2024-09-28,mrt,93212.0,85.29166666666667,12.4,27.21666666666667,True,Sabtu
202409.0,2024-09-29,mrt,87136.0,79.45833333333333,3.1,27.704166666666666,True,Minggu
202409.0,2024-09-30,mrt,129721.0,78.04166666666667,0.30000000000000004,27.837500000000002,False,Senin
202411.0,2024-11-22,mrt,135209.0,84.29166666666667,9.6,27.020833333333332,False,Jumat
202411.0,2024-11-23,mrt,74060.0,82.75,9.0,27.683333333333334,True,Sabtu
202411.0,2024-11-24,mrt,66368.0,83.375,2.3,27.5,True,Minggu
202411.0,2024-11-25,mrt,130124.0,82.95833333333333,11.5,27.84166666666667,False,Senin
202411.0,2024-11-26,mrt,148489.0,79.91666666666667,6.3,28.316666666666666,False,Selasa
202411.0,2024-11-27,mrt,55950.0,83.95833333333333,4.4,27.266666666666666,True,Rabu
202411.0,2024-11-28,mrt,137234.0,80.625,0.4,27.5125,False,Kamis
202411.0,2024-11-29,mrt,139698.0,75.5,0.30000000000000004,27.945833333333336,False,Jumat
202411.0,2024-11-30,mrt,84986.0,70.375,2.4,29.025000000000002,True,Sabtu
202412.0,2024-12-01,mrt,72825.0,73.125,11.2,28.78333333333333,True,Minggu
202412.0,2024-12-02,mrt,128308.0,76.83333333333333,7.1,27.59166666666667,False,Senin
202412.0,2024-12-03,mrt,134323.0,84.83333333333333,18.2,25.895833333333332,False,Selasa
202412.0,2024-12-04,mrt,134691.0,87.08333333333333,14.7,25.52916666666667,False,Rabu
202412.0,2024-12-05,mrt,139750.0,87.25,20.4,26.041666666666668,False,Kamis
202412.0,2024-12-06,mrt,143355.0,89.66666666666667,11.7,25.77916666666667,False,Jumat
202412.0,2024-12-07,mrt,97782.0,86.20833333333333,16.1,26.958333333333332,True,Sabtu
202412.0,2024-12-08,mrt,71406.0,86.95833333333333,16.8,26.78333333333333,True,Minggu
202412.0,2024-12-09,mrt,127367.0,87.16666666666667,24.5,26.704166666666666,False,Senin
202412.0,2024-12-10,mrt,140261.0,84.95833333333333,5.800000000000001,26.704166666666666,False,Selasa
202412.0,2024-12-11,mrt,142723.0,81.70833333333333,13.399999999999999,27.162499999999998,False,Rabu
202412.0,2024-12-12,mrt,141563.0,75.29166666666667,2.4000000000000004,27.870833333333334,False,Kamis
202412.0,2024-12-13,mrt,141524.0,76.04166666666667,3.7,27.837500000000002,False,Jumat
202412.0,2024-12-14,mrt,81517.0,81.91666666666667,6.2,26.900000000000002,True,Sabtu
202412.0,2024-12-15,mrt,73583.0,88.45833333333333,27.2,25.825,True,Minggu
202412.0,2024-12-16,mrt,132246.0,87.33333333333333,15.5,26.224999999999998,False,Senin
202412.0,2024-12-17,mrt,137742.0,82.625,12.1,26.820833333333336,False,Selasa
202412.0,2024-12-18,mrt,138317.0,79.95833333333333,5.1,27.3875,False,Rabu
202412.0,2024-12-19,mrt,143012.0,86.16666666666667,17.9,26.370833333333334,False,Kamis
202412.0,2024-12-20,mrt,139878.0,86.41666666666667,7.800000000000001,26.337500000000002,False,Jumat
202412.0,2024-12-21,mrt,85702.0,85.16666666666667,16.5,26.504166666666666,True,Sabtu
202412.0,2024-12-22,mrt,72428.0,85.5,5.1000000000000005,26.900000000000002,True,Minggu
202412.0,2024-12-23,mrt,126174.0,88.33333333333333,17.599999999999998,26.233333333333334,False,Senin
202412.0,2024-12-24,mrt,127228.0,88.16666666666667,16.1,25.75,False,Selasa
202412.0,2024-12-25,mrt,70567.0,85.83333333333333,10.3,26.383333333333336,True,Rabu
202412.0,2024-12-26,mrt,83328.0,82.79166666666667,5.4,27.09583333333333,False,Kamis
202412.0,2024-12-27,mrt,117164.0,77.91666666666667,0.7000000000000001,28.037499999999998,False,Jumat
202412.0,2024-12-28,mrt,82421.0,68.83333333333333,0.1,28.558333333333334,True,Sabtu
202412.0,2024-12-29,mrt,86507.0,78.75,0.6000000000000001,27.59583333333333,True,Minggu
202412.0,2024-12-30,mrt,122745.0,79.25,3.7,26.71666666666667,False,Senin
202412.0,2024-12-31,mrt,154609.0,77.20833333333333,1.7,27.433333333333334,False,Selasa
202301.0,2023-01-01,railink,3334.0,89.66666666666667,21.799999999999997,24.383333333333336,True,Minggu
202301.0,2023-01-02,railink,4144.0,85.66666666666667,11.8,24.933333333333334,False,Senin
202301.0,2023-01-03,railink,4076.0,90.0,14.0,24.170833333333334,False,Selasa
202301.0,2023-01-04,railink,3970.0,85.91666666666667,7.2,25.175,False,Rabu
202301.0,2023-01-05,railink,3872.0,80.79166666666667,0.8,26.254166666666666,False,Kamis
202301.0,2023-01-06,railink,4217.0,74.95833333333333,0.1,27.075,False,Jumat
202301.0,2023-01-07,railink,3386.0,76.95833333333333,0.9,26.933333333333334,True,Sabtu
202301.0,2023-01-08,railink,3727.0,79.33333333333333,3.2,26.6875,True,Minggu
202301.0,2023-01-09,railink,3913.0,79.58333333333333,3.2,26.858333333333334,False,Senin
202301.0,2023-01-10,railink,3910.0,81.29166666666667,0.9,26.933333333333334,False,Selasa
202301.0,2023-01-11,railink,3848.0,79.41666666666667,3.8,27.15416666666667,False,Rabu
202301.0,2023-01-12,railink,3966.0,79.54166666666667,0.4,27.304166666666664,False,Kamis
202301.0,2023-01-13,railink,4188.0,82.91666666666667,3.8,26.320833333333336,False,Jumat
202301.0,2023-01-14,railink,3408.0,77.16666666666667,0.9,27.46666666666667,True,Sabtu
202301.0,2023-01-15,railink,3548.0,73.25,1.2,27.583333333333332,True,Minggu
202301.0,2023-01-16,railink,3959.0,77.5,1.5,27.045833333333334,False,Senin
202301.0,2023-01-17,railink,3978.0,84.04166666666667,4.8999999999999995,25.704166666666666,False,Selasa
202301.0,2023-01-18,railink,4051.0,88.375,9.6,25.15833333333333,False,Rabu
202301.0,2023-01-19,railink,4166.0,87.875,5.7,25.116666666666664,False,Kamis
202301.0,2023-01-20,railink,4785.0,84.58333333333333,2.3000000000000003,25.712500000000002,False,Jumat
202301.0,2023-01-21,railink,3081.0,81.83333333333333,4.3999999999999995,26.25,True,Sabtu
202301.0,2023-01-22,railink,3915.0,79.16666666666667,0.5,26.78333333333333,True,Minggu
202301.0,2023-01-23,railink,3636.0,82.375,3.8,25.920833333333334,False,Senin
202301.0,2023-01-24,railink,4024.0,81.29166666666667,2.0,26.116666666666664,False,Selasa
202301.0,2023-01-25,railink,4010.0,86.375,12.399999999999999,24.995833333333334,False,Rabu
202301.0,2023-01-26,railink,4250.0,80.5,2.3,26.245833333333334,False,Kamis
202301.0,2023-01-27,railink,2294.0,86.54166666666667,9.6,25.554166666666664,False,Jumat
202301.0,2023-01-28,railink,3190.0,91.16666666666667,23.2,24.666666666666668,True,Sabtu
202301.0,2023-01-29,railink,3282.0,86.41666666666667,24.8,25.291666666666668,True,Minggu
202301.0,2023-01-30,railink,3900.0,85.125,5.2,25.733333333333334,False,Senin
202301.0,2023-01-31,railink,4045.0,86.08333333333333,3.3,26.27916666666667,False,Selasa
202302.0,2023-02-01,railink,32836.0,88.79166666666667,3.5,25.479166666666668,False,Rabu
202302.0,2023-02-02,railink,32836.0,90.0,11.5,25.383333333333336,False,Kamis
202302.0,2023-02-03,railink,32836.0,81.29166666666667,0.8,26.041666666666668,False,Jumat
202302.0,2023-02-04,railink,32836.0,83.5,1.7,25.974999999999998,True,Sabtu
202302.0,2023-02-05,railink,32836.0,79.83333333333333,8.6,26.495833333333334,True,Minggu
202302.0,2023-02-06,railink,32836.0,74.16666666666667,0.1,27.400000000000002,False,Senin
202302.0,2023-02-07,railink,32836.0,85.45833333333333,4.8,26.016666666666666,False,Selasa
202302.0,2023-02-08,railink,32836.0,79.125,0.8,26.729166666666668,False,Rabu
202302.0,2023-02-09,railink,32836.0,78.0,1.7,26.5125,False,Kamis
202302.0,2023-02-10,railink,32836.0,81.66666666666667,25.4,26.09583333333333,False,Jumat
202302.0,2023-02-11,railink,32836.0,89.54166666666667,14.200000000000001,25.03333333333333,True,Sabtu
202302.0,2023-02-12,railink,32836.0,90.95833333333333,39.4,24.3625,True,Minggu
202302.0,2023-02-13,railink,32836.0,83.33333333333333,7.3,26.166666666666668,False,Senin
202302.0,2023-02-14,railink,32836.0,88.25,10.2,25.079166666666666,False,Selasa
202302.0,2023-02-15,railink,32836.0,86.20833333333333,17.6,25.3,False,Rabu
202302.0,2023-02-16,railink,32836.0,88.75,16.5,25.079166666666666,False,Kamis
202302.0,2023-02-17,railink,32836.0,89.70833333333333,11.2,24.78333333333333,False,Jumat
202302.0,2023-02-18,railink,32836.0,86.54166666666667,0.8,25.599999999999998,True,Sabtu
202302.0,2023-02-19,railink,32836.0,87.45833333333333,15.7,25.45,True,Minggu
202302.0,2023-02-20,railink,32836.0,83.16666666666667,5.2,25.84166666666667,False,Senin
202302.0,2023-02-21,railink,32836.0,87.20833333333333,11.2,25.287499999999998,False,Selasa
202302.0,2023-02-22,railink,32836.0,89.54166666666667,23.5,24.8125,False,Rabu
202302.0,2023-02-23,railink,32836.0,89.125,20.3,25.099999999999998,False,Kamis
202302.0,2023-02-24,railink,32836.0,90.16666666666667,29.5,24.787499999999998,False,Jumat
202302.0,2023-02-25,railink,32836.0,88.625,14.8,25.125,True,Sabtu
202302.0,2023-02-26,railink,32836.0,87.45833333333333,23.4,25.21666666666667,True,Minggu
202302.0,2023-02-27,railink,32836.0,90.41666666666667,8.8,24.474999999999998,False,Senin
202302.0,2023-02-28,railink,32836.0,89.5,12.200000000000001,24.65416666666667,False,Selasa
202301.0,2023-01-01,transjakarta,291030.0,89.66666666666667,21.799999999999997,24.383333333333336,True,Minggu
202301.0,2023-01-02,transjakarta,666777.0,85.66666666666667,11.8,24.933333333333334,False,Senin
202301.0,2023-01-03,transjakarta,702891.0,90.0,14.0,24.170833333333334,False,Selasa
202301.0,2023-01-04,transjakarta,770560.0,85.91666666666667,7.2,25.175,False,Rabu
202301.0,2023-01-05,transjakarta,752938.0,80.79166666666667,0.8,26.254166666666666,False,Kamis
202301.0,2023-01-06,transjakarta,725149.0,74.95833333333333,0.1,27.075,False,Jumat
202301.0,2023-01-07,transjakarta,499501.0,76.95833333333333,0.9,26.933333333333334,True,Sabtu
202301.0,2023-01-08,transjakarta,375575.0,79.33333333333333,3.2,26.6875,True,Minggu
202301.0,2023-01-09,transjakarta,731662.0,79.58333333333333,3.2,26.858333333333334,False,Senin
202301.0,2023-01-10,transjakarta,737851.0,81.29166666666667,0.9,26.933333333333334,False,Selasa
202301.0,2023-01-11,transjakarta,838862.0,79.41666666666667,3.8,27.15416666666667,False,Rabu
202301.0,2023-01-12,transjakarta,779349.0,79.54166666666667,0.4,27.304166666666664,False,Kamis
202301.0,2023-01-13,transjakarta,729695.0,82.91666666666667,3.8,26.320833333333336,False,Jumat
202301.0,2023-01-14,transjakarta,500864.0,77.16666666666667,0.9,27.46666666666667,True,Sabtu
202301.0,2023-01-15,transjakarta,416089.0,73.25,1.2,27.583333333333332,True,Minggu
202301.0,2023-01-16,transjakarta,742095.0,77.5,1.5,27.045833333333334,False,Senin
202301.0,2023-01-17,transjakarta,803202.0,84.04166666666667,4.8999999999999995,25.704166666666666,False,Selasa
202301.0,2023-01-18,transjakarta,796762.0,88.375,9.6,25.15833333333333,False,Rabu
202301.0,2023-01-19,transjakarta,758103.0,87.875,5.7,25.116666666666664,False,Kamis
202301.0,2023-01-20,transjakarta,840865.0,84.58333333333333,2.3000000000000003,25.712500000000002,False,Jumat
202301.0,2023-01-21,transjakarta,490271.0,81.83333333333333,4.3999999999999995,26.25,True,Sabtu
202301.0,2023-01-22,transjakarta,430705.0,79.16666666666667,0.5,26.78333333333333,True,Minggu
202301.0,2023-01-23,transjakarta,464100.0,82.375,3.8,25.920833333333334,False,Senin
202301.0,2023-01-24,transjakarta,773772.0,81.29166666666667,2.0,26.116666666666664,False,Selasa
202301.0,2023-01-25,transjakarta,806481.0,86.375,12.399999999999999,24.995833333333334,False,Rabu
202301.0,2023-01-26,transjakarta,762266.0,80.5,2.3,26.245833333333334,False,Kamis
202301.0,2023-01-27,transjakarta,740715.0,86.54166666666667,9.6,25.554166666666664,False,Jumat
202301.0,2023-01-28,transjakarta,450758.0,91.16666666666667,23.2,24.666666666666668,True,Sabtu
202301.0,2023-01-29,transjakarta,385593.0,86.41666666666667,24.8,25.291666666666668,True,Minggu
202301.0,2023-01-30,transjakarta,741543.0,85.125,5.2,25.733333333333334,False,Senin
202301.0,2023-01-31,transjakarta,774318.0,86.08333333333333,3.3,26.27916666666667,False,Selasa
202302.0,2023-02-01,transjakarta,32836.0,88.79166666666667,3.5,25.479166666666668,False,Rabu
202302.0,2023-02-02,transjakarta,32836.0,90.0,11.5,25.383333333333336,False,Kamis
202302.0,2023-02-03,transjakarta,32836.0,81.29166666666667,0.8,26.041666666666668,False,Jumat
202302.0,2023-02-04,transjakarta,32836.0,83.5,1.7,25.974999999999998,True,Sabtu
202302.0,2023-02-05,transjakarta,32836.0,79.83333333333333,8.6,26.495833333333334,True,Minggu
202302.0,2023-02-06,transjakarta,32836.0,74.16666666666667,0.1,27.400000000000002,False,Senin
202302.0,2023-02-07,transjakarta,32836.0,85.45833333333333,4.8,26.016666666666666,False,Selasa
202302.0,2023-02-08,transjakarta,32836.0,79.125,0.8,26.729166666666668,False,Rabu
202302.0,2023-02-09,transjakarta,32836.0,78.0,1.7,26.5125,False,Kamis
202302.0,2023-02-10,transjakarta,32836.0,81.66666666666667,25.4,26.09583333333333,False,Jumat
202302.0,2023-02-11,transjakarta,32836.0,89.54166666666667,14.200000000000001,25.03333333333333,True,Sabtu
202303.0,2023-03-01,transjakarta,55942.0,88.16666666666667,23.3,24.925,False,Rabu
202303.0,2023-03-02,transjakarta,24204.0,93.375,25.5,23.695833333333336,False,Kamis
202303.0,2023-03-03,transjakarta,251365.0,85.45833333333333,16.4,25.6875,False,Jumat
202303.0,2023-03-04,transjakarta,264137.0,87.95833333333333,12.2,24.8,True,Sabtu
202303.0,2023-03-05,transjakarta,230435.0,82.08333333333333,1.0,26.025000000000002,True,Minggu
202303.0,2023-03-06,transjakarta,414003.0,80.41666666666667,1.4,26.59583333333333,False,Senin
202303.0,2023-03-07,transjakarta,407278.0,82.16666666666667,5.300000000000001,26.141666666666666,False,Selasa
202303.0,2023-03-08,transjakarta,411878.0,87.70833333333333,4.6,25.333333333333332,False,Rabu
202303.0,2023-03-09,transjakarta,430429.0,86.58333333333333,6.699999999999999,25.454166666666666,False,Kamis
202303.0,2023-03-10,transjakarta,394506.0,87.45833333333333,3.8000000000000003,25.679166666666664,False,Jumat
202303.0,2023-03-11,transjakarta,270281.0,86.33333333333333,5.3,25.9875,True,Sabtu
202303.0,2023-03-12,transjakarta,234304.0,86.83333333333333,2.6,25.895833333333332,True,Minggu
202302.0,2023-02-12,transjakarta,32836.0,90.95833333333333,39.4,24.3625,True,Minggu
202302.0,2023-02-13,transjakarta,32836.0,83.33333333333333,7.3,26.166666666666668,False,Senin
202302.0,2023-02-14,transjakarta,32836.0,88.25,10.2,25.079166666666666,False,Selasa
202302.0,2023-02-15,transjakarta,32836.0,86.20833333333333,17.6,25.3,False,Rabu
202302.0,2023-02-16,transjakarta,32836.0,88.75,16.5,25.079166666666666,False,Kamis
202302.0,2023-02-17,transjakarta,32836.0,89.70833333333333,11.2,24.78333333333333,False,Jumat
202302.0,2023-02-18,transjakarta,32836.0,86.54166666666667,0.8,25.599999999999998,True,Sabtu
202302.0,2023-02-19,transjakarta,32836.0,87.45833333333333,15.7,25.45,True,Minggu
202302.0,2023-02-20,transjakarta,32836.0,83.16666666666667,5.2,25.84166666666667,False,Senin
202302.0,2023-02-21,transjakarta,32836.0,87.20833333333333,11.2,25.287499999999998,False,Selasa
202302.0,2023-02-22,transjakarta,32836.0,89.54166666666667,23.5,24.8125,False,Rabu
202302.0,2023-02-23,transjakarta,32836.0,89.125,20.3,25.099999999999998,False,Kamis
202302.0,2023-02-24,transjakarta,32836.0,90.16666666666667,29.5,24.787499999999998,False,Jumat
202302.0,2023-02-25,transjakarta,32836.0,88.625,14.8,25.125,True,Sabtu
202302.0,2023-02-26,transjakarta,32836.0,87.45833333333333,23.4,25.21666666666667,True,Minggu
202302.0,2023-02-27,transjakarta,32836.0,90.41666666666667,8.8,24.474999999999998,False,Senin
202302.0,2023-02-28,transjakarta,32836.0,89.5,12.200000000000001,24.65416666666667,False,Selasa
202303.0,2023-03-13,transjakarta,419100.0,83.625,3.7,26.079166666666666,False,Senin
202303.0,2023-03-14,transjakarta,437186.0,90.70833333333333,23.0,24.254166666666666,False,Selasa
202303.0,2023-03-15,transjakarta,403209.0,88.45833333333333,13.6,24.712500000000002,False,Rabu
202303.0,2023-03-16,transjakarta,411942.0,82.41666666666667,2.6999999999999997,26.2625,False,Kamis
202303.0,2023-03-17,transjakarta,392576.0,85.45833333333333,11.799999999999999,26.195833333333336,False,Jumat
202303.0,2023-03-18,transjakarta,281295.0,84.58333333333333,3.9000000000000004,26.520833333333332,True,Sabtu
202303.0,2023-03-19,transjakarta,246132.0,84.16666666666667,5.3,26.333333333333332,True,Minggu
202303.0,2023-03-20,transjakarta,413469.0,83.54166666666667,8.1,26.3875,False,Senin
202303.0,2023-03-21,transjakarta,425202.0,82.5,3.1,26.445833333333336,False,Selasa
202303.0,2023-03-22,transjakarta,237001.0,82.20833333333333,2.4,27.25,True,Rabu
202303.0,2023-03-23,transjakarta,217789.0,79.20833333333333,0.5,27.629166666666666,False,Kamis
202303.0,2023-03-24,transjakarta,331433.0,81.45833333333333,0.9,27.179166666666664,False,Jumat
202303.0,2023-03-25,transjakarta,190316.0,86.75,11.9,26.329166666666666,True,Sabtu
202303.0,2023-03-26,transjakarta,188906.0,88.29166666666667,7.8,26.233333333333334,True,Minggu
202303.0,2023-03-27,transjakarta,420975.0,86.04166666666667,6.3,26.454166666666666,False,Senin
202303.0,2023-03-28,transjakarta,387151.0,88.20833333333333,8.700000000000001,26.141666666666666,False,Selasa
202303.0,2023-03-29,transjakarta,392595.0,88.58333333333333,24.0,25.775000000000002,False,Rabu
202303.0,2023-03-30,transjakarta,377990.0,89.54166666666667,19.9,25.695833333333336,False,Kamis
202303.0,2023-03-31,transjakarta,385400.0,82.125,1.7999999999999998,26.270833333333332,False,Jumat
202308.0,2023-08-25,transjakarta,408345.0,73.625,1.0,28.045833333333334,False,Jumat
202308.0,2023-08-26,transjakarta,282422.0,74.66666666666667,2.1,27.983333333333334,True,Sabtu
202308.0,2023-08-27,transjakarta,246739.0,78.83333333333333,1.9,26.912499999999998,True,Minggu
202308.0,2023-08-28,transjakarta,420126.0,79.66666666666667,4.300000000000001,26.308333333333334,False,Senin
202308.0,2023-08-29,transjakarta,422024.0,72.29166666666667,0.0,27.47083333333333,False,Selasa
202308.0,2023-08-30,transjakarta,430748.0,70.875,0.0,27.47083333333333,False,Rabu
202308.0,2023-08-31,transjakarta,417971.0,68.875,0.0,27.599999999999998,False,Kamis
202309.0,2023-09-01,transjakarta,1015361.0,71.04166666666667,0.0,27.49166666666667,False,Jumat
202309.0,2023-09-02,transjakarta,695963.0,73.5,3.0,27.416666666666668,True,Sabtu
202309.0,2023-09-03,transjakarta,617558.0,69.58333333333333,0.1,27.641666666666666,True,Minggu
202309.0,2023-09-04,transjakarta,1026591.0,58.916666666666664,0.0,27.195833333333336,False,Senin
202309.0,2023-09-05,transjakarta,1014345.0,63.5,0.0,26.979166666666668,False,Selasa
202309.0,2023-09-06,transjakarta,1014851.0,63.291666666666664,0.2,27.849999999999998,False,Rabu
202309.0,2023-09-07,transjakarta,1007231.0,67.33333333333333,0.0,28.166666666666668,False,Kamis
202309.0,2023-09-08,transjakarta,1032009.0,72.54166666666667,3.9,27.941666666666666,False,Jumat
202309.0,2023-09-09,transjakarta,700670.0,76.70833333333333,1.2000000000000002,27.333333333333332,True,Sabtu
202309.0,2023-09-10,transjakarta,621726.0,73.95833333333333,1.5,27.474999999999998,True,Minggu
202309.0,2023-09-11,transjakarta,1065550.0,68.95833333333333,0.2,28.129166666666666,False,Senin
202309.0,2023-09-12,transjakarta,1078830.0,64.08333333333333,0.0,28.575,False,Selasa
202309.0,2023-09-13,transjakarta,1074826.0,66.875,0.0,28.474999999999998,False,Rabu
202309.0,2023-09-14,transjakarta,1070391.0,63.666666666666664,1.2,28.183333333333334,False,Kamis
202309.0,2023-09-15,transjakarta,1064895.0,66.875,0.0,28.025000000000002,False,Jumat
202309.0,2023-09-16,transjakarta,711037.0,66.0,0.1,28.233333333333334,True,Sabtu
202309.0,2023-09-17,transjakarta,605562.0,67.58333333333333,0.5,28.462500000000002,True,Minggu
202309.0,2023-09-18,transjakarta,1080611.0,67.45833333333333,3.6999999999999997,28.520833333333332,False,Senin
202309.0,2023-09-19,transjakarta,1094329.0,78.25,5.9,27.55,False,Selasa
202309.0,2023-09-20,transjakarta,1101370.0,74.0,0.6,27.9375,False,Rabu
202309.0,2023-09-21,transjakarta,1090495.0,76.58333333333333,1.4,27.541666666666668,False,Kamis
202309.0,2023-09-22,transjakarta,1081846.0,67.54166666666667,0.0,28.1125,False,Jumat
202309.0,2023-09-23,transjakarta,742942.0,68.625,0.6000000000000001,27.337500000000002,True,Sabtu
202309.0,2023-09-24,transjakarta,611442.0,68.54166666666667,0.7,27.820833333333336,True,Minggu
202309.0,2023-09-25,transjakarta,1100966.0,66.625,0.4,28.170833333333334,False,Senin
202309.0,2023-09-26,transjakarta,1105993.0,60.25,0.0,28.65416666666667,False,Selasa
202309.0,2023-09-27,transjakarta,1109120.0,57.0,0.0,28.616666666666664,False,Rabu
202309.0,2023-09-28,transjakarta,615710.0,52.416666666666664,0.0,29.291666666666668,True,Kamis
202309.0,2023-09-29,transjakarta,1043002.0,63.541666666666664,0.2,28.84583333333333,False,Jumat
202309.0,2023-09-30,transjakarta,730363.0,70.0,2.3,27.854166666666668,True,Sabtu
202308.0,2023-08-01,transjakarta,1009442.0,67.125,0.0,27.7,False,Selasa
202308.0,2023-08-02,transjakarta,1000587.0,78.41666666666667,10.4,27.0625,False,Rabu
202308.0,2023-08-03,transjakarta,1002236.0,79.95833333333333,2.4,27.308333333333334,False,Kamis
202308.0,2023-08-04,transjakarta,979014.0,76.66666666666667,0.1,27.979166666666668,False,Jumat
202308.0,2023-08-05,transjakarta,670806.0,73.04166666666667,0.0,27.729166666666668,True,Sabtu
202308.0,2023-08-06,transjakarta,628885.0,71.83333333333333,0.4,27.320833333333336,True,Minggu
202308.0,2023-08-07,transjakarta,1006666.0,75.95833333333333,1.0,27.21666666666667,False,Senin
202308.0,2023-08-08,transjakarta,1011406.0,76.75,2.2,27.429166666666664,False,Selasa
202308.0,2023-08-09,transjakarta,1000208.0,76.0,0.1,27.504166666666666,False,Rabu
202308.0,2023-08-10,transjakarta,991508.0,75.75,2.6,26.983333333333334,False,Kamis
202308.0,2023-08-11,transjakarta,982905.0,76.75,1.0,26.808333333333334,False,Jumat
202308.0,2023-08-12,transjakarta,676818.0,69.95833333333333,0.2,27.337500000000002,True,Sabtu
202308.0,2023-08-13,transjakarta,597413.0,69.91666666666667,1.0,26.9875,True,Minggu
202308.0,2023-08-14,transjakarta,1008471.0,72.625,0.2,27.354166666666668,False,Senin
202308.0,2023-08-15,transjakarta,1011261.0,71.25,0.6000000000000001,27.479166666666668,False,Selasa
202308.0,2023-08-16,transjakarta,989925.0,69.875,0.1,27.84166666666667,False,Rabu
202308.0,2023-08-17,transjakarta,535537.0,64.91666666666667,0.0,27.96666666666667,True,Kamis
202308.0,2023-08-18,transjakarta,941749.0,64.95833333333333,0.4,27.920833333333334,False,Jumat
202308.0,2023-08-19,transjakarta,625534.0,67.375,0.0,28.150000000000002,True,Sabtu
202308.0,2023-08-20,transjakarta,498446.0,67.70833333333333,0.2,28.633333333333336,True,Minggu
202308.0,2023-08-21,transjakarta,433517.0,67.625,0.0,28.004166666666666,False,Senin
202308.0,2023-08-22,transjakarta,418970.0,66.66666666666667,0.1,27.787499999999998,False,Selasa
202308.0,2023-08-23,transjakarta,416837.0,65.41666666666667,0.6,28.070833333333336,False,Rabu
202308.0,2023-08-24,transjakarta,409463.0,69.375,0.6,28.129166666666666,False,Kamis
202311.0,2023-11-05,transjakarta,642921.0,84.20833333333333,2.8,26.733333333333334,True,Minggu
202311.0,2023-11-06,transjakarta,1121028.0,77.0,1.2,28.183333333333334,False,Senin
202311.0,2023-11-07,transjakarta,1130181.0,74.33333333333333,0.5,28.575,False,Selasa
202311.0,2023-11-08,transjakarta,1128956.0,76.79166666666667,0.9,28.358333333333334,False,Rabu
202311.0,2023-11-09,transjakarta,1124007.0,79.29166666666667,8.7,28.1375,False,Kamis
202311.0,2023-11-10,transjakarta,1101730.0,79.54166666666667,6.6,28.166666666666668,False,Jumat
202311.0,2023-11-11,transjakarta,748574.0,81.0,7.8999999999999995,27.379166666666666,True,Sabtu
202311.0,2023-11-12,transjakarta,653803.0,77.91666666666667,2.1,27.837500000000002,True,Minggu
202311.0,2023-11-21,transjakarta,1149804.0,82.125,5.3,27.599999999999998,False,Selasa
202311.0,2023-11-13,transjakarta,1135364.0,78.45833333333333,4.3,28.05,False,Senin
202311.0,2023-11-14,transjakarta,1146542.0,83.75,26.3,27.041666666666668,False,Selasa
202311.0,2023-11-15,transjakarta,1132691.0,82.0,3.0999999999999996,27.833333333333332,False,Rabu
202311.0,2023-11-16,transjakarta,1131441.0,79.70833333333333,6.9,28.0,False,Kamis
202311.0,2023-11-17,transjakarta,1126115.0,84.0,3.0,27.575,False,Jumat
202311.0,2023-11-18,transjakarta,744568.0,80.91666666666667,3.7,27.808333333333334,True,Sabtu
202311.0,2023-11-19,transjakarta,654569.0,79.70833333333333,36.5,28.320833333333336,True,Minggu
202311.0,2023-11-20,transjakarta,1146384.0,80.20833333333333,12.8,27.8875,False,Senin
202310.0,2023-10-01,transjakarta,650239.0,72.54166666666667,0.0,28.287499999999998,True,Minggu
202310.0,2023-10-02,transjakarta,1083284.0,65.16666666666667,0.7,28.545833333333334,False,Senin
202310.0,2023-10-03,transjakarta,1105891.0,63.375,0.4,28.6125,False,Selasa
202310.0,2023-10-04,transjakarta,1100992.0,70.79166666666667,0.7,28.28333333333333,False,Rabu
202310.0,2023-10-05,transjakarta,1102279.0,73.29166666666667,0.1,28.6125,False,Kamis
202310.0,2023-10-06,transjakarta,1087623.0,74.79166666666667,2.9000000000000004,28.329166666666666,False,Jumat
202310.0,2023-10-07,transjakarta,725319.0,72.54166666666667,1.0,28.75,True,Sabtu
202310.0,2023-10-08,transjakarta,630556.0,69.54166666666667,0.6,28.958333333333332,True,Minggu
202310.0,2023-10-09,transjakarta,1100382.0,72.70833333333333,3.4000000000000004,28.537499999999998,False,Senin
202310.0,2023-10-10,transjakarta,1109216.0,72.375,2.5,28.766666666666666,False,Selasa
202310.0,2023-10-11,transjakarta,1107503.0,75.0,5.1,28.541666666666668,False,Rabu
202310.0,2023-10-12,transjakarta,1103250.0,72.125,1.1,28.662499999999998,False,Kamis
202310.0,2023-10-13,transjakarta,1093067.0,74.58333333333333,4.8,28.34166666666667,False,Jumat
202310.0,2023-10-14,transjakarta,727497.0,71.41666666666667,1.2,28.775000000000002,True,Sabtu
202310.0,2023-10-15,transjakarta,635855.0,67.91666666666667,5.4,28.795833333333334,True,Minggu
202310.0,2023-10-16,transjakarta,1107316.0,67.20833333333333,0.1,29.108333333333334,False,Senin
202310.0,2023-10-17,transjakarta,1128713.0,62.291666666666664,0.8,29.645833333333332,False,Selasa
202310.0,2023-10-18,transjakarta,1121625.0,59.333333333333336,0.0,29.46666666666667,False,Rabu
202310.0,2023-10-19,transjakarta,1110376.0,62.375,0.0,29.379166666666666,False,Kamis
202310.0,2023-10-20,transjakarta,1097821.0,72.41666666666667,4.2,28.420833333333334,False,Jumat
202310.0,2023-10-21,transjakarta,721052.0,71.79166666666667,0.9,28.941666666666666,True,Sabtu
202310.0,2023-10-22,transjakarta,629687.0,74.04166666666667,1.8,28.84583333333333,True,Minggu
202310.0,2023-10-23,transjakarta,1104758.0,70.0,1.4,28.900000000000002,False,Senin
202310.0,2023-10-24,transjakarta,1120393.0,75.58333333333333,9.5,27.650000000000002,False,Selasa
202310.0,2023-10-25,transjakarta,1107625.0,80.33333333333333,4.1,26.97083333333333,False,Rabu
202310.0,2023-10-26,transjakarta,1111359.0,75.625,1.8,28.5,False,Kamis
202310.0,2023-10-27,transjakarta,1097914.0,72.54166666666667,0.4,28.849999999999998,False,Jumat
202310.0,2023-10-28,transjakarta,748153.0,66.25,0.0,29.145833333333332,True,Sabtu
202310.0,2023-10-29,transjakarta,633768.0,64.5,0.0,29.037499999999998,True,Minggu
202310.0,2023-10-30,transjakarta,1109764.0,66.33333333333333,0.0,29.083333333333332,False,Senin
202310.0,2023-10-31,transjakarta,1121596.0,72.04166666666667,2.2,28.791666666666668,False,Selasa
202311.0,2023-11-01,transjakarta,1117922.0,80.16666666666667,8.7,27.90833333333333,False,Rabu
202311.0,2023-11-02,transjakarta,1121811.0,79.625,2.8000000000000003,28.1375,False,Kamis
202311.0,2023-11-03,transjakarta,1101969.0,79.33333333333333,15.5,28.058333333333334,False,Jumat
202311.0,2023-11-04,transjakarta,735079.0,81.83333333333333,6.4,27.150000000000002,True,Sabtu
202311.0,2023-11-22,transjakarta,1171288.0,82.0,8.2,27.52916666666667,False,Rabu
202311.0,2023-11-23,transjakarta,1145343.0,80.33333333333333,4.699999999999999,27.791666666666668,False,Kamis
202311.0,2023-11-24,transjakarta,1118527.0,87.20833333333333,22.2,26.6875,False,Jumat
202311.0,2023-11-25,transjakarta,698469.0,90.79166666666667,10.299999999999999,25.479166666666668,True,Sabtu
202311.0,2023-11-26,transjakarta,642518.0,82.95833333333333,5.1,26.991666666666664,True,Minggu
202311.0,2023-11-27,transjakarta,1147858.0,88.95833333333333,15.899999999999999,25.483333333333334,False,Senin
202311.0,2023-11-28,transjakarta,1153413.0,87.125,7.7,26.441666666666666,False,Selasa
202311.0,2023-11-29,transjakarta,1158450.0,85.58333333333333,15.1,26.900000000000002,False,Rabu
202311.0,2023-11-30,transjakarta,1140648.0,87.375,21.7,26.52916666666667,False,Kamis
202312.0,2023-12-01,transjakarta,1127659.0,90.91666666666667,11.3,25.541666666666668,False,Jumat
202312.0,2023-12-02,transjakarta,769649.0,84.83333333333333,13.100000000000001,27.116666666666664,True,Sabtu
202312.0,2023-12-03,transjakarta,662120.0,87.08333333333333,17.2,26.275000000000002,True,Minggu
202312.0,2023-12-04,transjakarta,1149169.0,89.20833333333333,14.5,26.041666666666668,False,Senin
202312.0,2023-12-05,transjakarta,1174098.0,85.20833333333333,3.1,27.162499999999998,False,Selasa
202312.0,2023-12-06,transjakarta,1167902.0,83.75,3.9,27.162499999999998,False,Rabu
202312.0,2023-12-07,transjakarta,1164122.0,85.04166666666667,8.5,27.133333333333336,False,Kamis
202312.0,2023-12-08,transjakarta,1123681.0,84.16666666666667,6.4,27.099999999999998,False,Jumat
202312.0,2023-12-09,transjakarta,781721.0,86.0,6.3999999999999995,26.954166666666666,True,Sabtu
202312.0,2023-12-10,transjakarta,674405.0,84.625,1.1,27.133333333333336,True,Minggu
202312.0,2023-12-11,transjakarta,1151083.0,79.45833333333333,0.6000000000000001,27.916666666666668,False,Senin
202312.0,2023-12-12,transjakarta,1156065.0,81.45833333333333,3.3,27.579166666666666,False,Selasa
202312.0,2023-12-13,transjakarta,1151501.0,73.04166666666667,0.2,27.920833333333334,False,Rabu
202312.0,2023-12-14,transjakarta,1143117.0,71.04166666666667,0.30000000000000004,28.620833333333334,False,Kamis
202312.0,2023-12-15,transjakarta,1131174.0,72.45833333333333,0.0,28.40833333333333,False,Jumat
202312.0,2023-12-16,transjakarta,758456.0,70.83333333333333,0.1,28.425,True,Sabtu
202312.0,2023-12-17,transjakarta,680941.0,70.79166666666667,0.0,28.6375,True,Minggu
202312.0,2023-12-18,transjakarta,1083773.0,70.0,0.0,29.025000000000002,False,Senin
202312.0,2023-12-19,transjakarta,1081461.0,66.625,0.0,29.15416666666667,False,Selasa
202312.0,2023-12-20,transjakarta,1089583.0,63.291666666666664,0.0,28.704166666666666,False,Rabu
202312.0,2023-12-21,transjakarta,1070707.0,62.791666666666664,0.0,28.233333333333334,False,Kamis
202312.0,2023-12-22,transjakarta,1027720.0,67.41666666666667,0.0,28.462500000000002,False,Jumat
202312.0,2023-12-23,transjakarta,749305.0,70.875,1.4000000000000001,29.054166666666664,True,Sabtu
202312.0,2023-12-24,transjakarta,708769.0,78.83333333333333,8.1,28.09583333333333,True,Minggu
202312.0,2023-12-25,transjakarta,609034.0,84.95833333333333,13.6,26.8625,True,Senin
202312.0,2023-12-26,transjakarta,735852.0,86.625,8.3,26.241666666666664,False,Selasa
202312.0,2023-12-27,transjakarta,1012112.0,85.70833333333333,11.1,26.958333333333332,False,Rabu
202312.0,2023-12-28,transjakarta,1010097.0,84.20833333333333,16.3,27.425,False,Kamis
202312.0,2023-12-29,transjakarta,974703.0,86.95833333333333,7.9,27.454166666666666,False,Jumat
202312.0,2023-12-30,transjakarta,748326.0,86.66666666666667,18.1,26.9875,True,Sabtu
202312.0,2023-12-31,transjakarta,660343.0,87.91666666666667,19.400000000000002,26.75,True,Minggu
202402.0,2024-02-01,transjakarta,1155322.0,87.04166666666667,16.2,26.59166666666667,False,Kamis
202402.0,2024-02-02,transjakarta,1152107.0,85.41666666666667,10.6,26.954166666666666,False,Jumat
202402.0,2024-02-03,transjakarta,801212.0,88.75,15.6,25.945833333333336,True,Sabtu
202402.0,2024-02-04,transjakarta,670195.0,84.95833333333333,5.1000000000000005,26.679166666666664,True,Minggu
202402.0,2024-02-05,transjakarta,1159398.0,87.75,5.8999999999999995,26.2375,False,Senin
202402.0,2024-02-06,transjakarta,1168189.0,89.08333333333333,7.2,25.7375,False,Selasa
202402.0,2024-02-07,transjakarta,1180123.0,85.125,6.1,26.366666666666664,False,Rabu
202402.0,2024-02-08,transjakarta,696518.0,82.16666666666667,3.9,26.96666666666667,True,Kamis
202402.0,2024-02-09,transjakarta,774403.0,83.70833333333333,3.5,27.266666666666666,False,Jumat
202402.0,2024-02-10,transjakarta,683082.0,86.75,6.2,26.429166666666664,True,Sabtu
202402.0,2024-02-11,transjakarta,645873.0,84.0,12.8,26.683333333333334,True,Minggu
202402.0,2024-02-12,transjakarta,1147300.0,83.79166666666667,5.7,26.870833333333334,False,Senin
202402.0,2024-02-13,transjakarta,1157441.0,85.45833333333333,12.1,26.858333333333334,False,Selasa
202402.0,2024-02-14,transjakarta,471864.0,87.75,18.0,26.454166666666666,True,Rabu
202402.0,2024-02-15,transjakarta,1111148.0,87.0,7.300000000000001,27.09583333333333,False,Kamis
202402.0,2024-02-16,transjakarta,1129816.0,89.0,8.8,26.5,False,Jumat
202402.0,2024-02-17,transjakarta,742067.0,88.66666666666667,19.7,26.162499999999998,True,Sabtu
202402.0,2024-02-18,transjakarta,649062.0,86.83333333333333,2.0,26.795833333333334,True,Minggu
202402.0,2024-02-19,transjakarta,1173362.0,85.5,3.6,27.087500000000002,False,Senin
202402.0,2024-02-20,transjakarta,1194157.0,82.95833333333333,0.7,27.6875,False,Selasa
202402.0,2024-02-21,transjakarta,1200226.0,86.25,11.1,27.037499999999998,False,Rabu
202402.0,2024-02-22,transjakarta,1179609.0,80.83333333333333,0.2,27.97083333333333,False,Kamis
202402.0,2024-02-23,transjakarta,1172659.0,75.20833333333333,1.9,28.7,False,Jumat
202402.0,2024-02-24,transjakarta,769879.0,86.95833333333333,13.200000000000001,26.758333333333336,True,Sabtu
202402.0,2024-02-25,transjakarta,667620.0,88.625,21.6,26.320833333333336,True,Minggu
202402.0,2024-02-26,transjakarta,1185213.0,84.875,6.8,27.120833333333334,False,Senin
202402.0,2024-02-27,transjakarta,1197537.0,84.08333333333333,3.5,27.21666666666667,False,Selasa
202402.0,2024-02-28,transjakarta,1171695.0,88.66666666666667,34.1,25.691666666666666,False,Rabu
202402.0,2024-02-29,transjakarta,1099316.0,88.79166666666667,7.3,26.241666666666664,False,Kamis
202401.0,2024-01-01,transjakarta,632778.0,87.125,8.200000000000001,26.7375,True,Senin
202401.0,2024-01-02,transjakarta,1045214.0,83.66666666666667,2.5,27.391666666666666,False,Selasa
202401.0,2024-01-03,transjakarta,1041663.0,91.58333333333333,31.2,25.566666666666666,False,Rabu
202401.0,2024-01-04,transjakarta,1097752.0,92.33333333333333,81.7,25.145833333333332,False,Kamis
202401.0,2024-01-05,transjakarta,1105303.0,84.04166666666667,19.7,26.570833333333336,False,Jumat
202401.0,2024-01-06,transjakarta,716205.0,86.04166666666667,7.1000000000000005,26.616666666666664,True,Sabtu
202401.0,2024-01-07,transjakarta,624900.0,89.625,14.1,25.795833333333334,True,Minggu
202401.0,2024-01-08,transjakarta,1137742.0,88.91666666666667,7.0,26.25,False,Senin
202401.0,2024-01-09,transjakarta,1150147.0,83.58333333333333,1.1,27.129166666666666,False,Selasa
202401.0,2024-01-10,transjakarta,1147436.0,86.54166666666667,12.0,26.754166666666666,False,Rabu
202401.0,2024-01-11,transjakarta,1125270.0,86.20833333333333,8.4,26.741666666666664,False,Kamis
202401.0,2024-01-12,transjakarta,1129099.0,81.33333333333333,1.3,27.4375,False,Jumat
202401.0,2024-01-13,transjakarta,758105.0,81.16666666666667,1.4000000000000001,27.416666666666668,True,Sabtu
202401.0,2024-01-14,transjakarta,683688.0,85.25,17.2,26.745833333333334,True,Minggu
202401.0,2024-01-15,transjakarta,1154750.0,83.29166666666667,1.2,27.3875,False,Senin
202401.0,2024-01-16,transjakarta,1158105.0,79.75,0.1,27.620833333333334,False,Selasa
202401.0,2024-01-17,transjakarta,1131647.0,82.41666666666667,3.9999999999999996,27.116666666666664,False,Rabu
202401.0,2024-01-18,transjakarta,1142880.0,82.125,1.9000000000000001,27.020833333333332,False,Kamis
202401.0,2024-01-19,transjakarta,1066005.0,87.04166666666667,15.0,25.479166666666668,False,Jumat
202401.0,2024-01-20,transjakarta,781421.0,71.79166666666667,0.0,27.941666666666666,True,Sabtu
202401.0,2024-01-21,transjakarta,651780.0,77.25,9.5,27.566666666666666,True,Minggu
202401.0,2024-01-22,transjakarta,1157462.0,72.41666666666667,0.2,27.983333333333334,False,Senin
202401.0,2024-01-23,transjakarta,1165510.0,73.16666666666667,0.1,28.27916666666667,False,Selasa
202401.0,2024-01-24,transjakarta,1168437.0,76.75,2.0,27.65416666666667,False,Rabu
202401.0,2024-01-25,transjakarta,1152249.0,76.70833333333333,1.3,27.97083333333333,False,Kamis
202401.0,2024-01-26,transjakarta,1145915.0,85.08333333333333,5.1,26.504166666666666,False,Jumat
202401.0,2024-01-27,transjakarta,693411.0,87.70833333333333,29.799999999999997,25.84166666666667,True,Sabtu
202401.0,2024-01-28,transjakarta,639808.0,89.375,30.099999999999998,25.504166666666666,True,Minggu
202401.0,2024-01-29,transjakarta,1114347.0,90.33333333333333,27.4,25.625,False,Senin
202401.0,2024-01-30,transjakarta,1120316.0,86.91666666666667,14.5,26.125,False,Selasa
202401.0,2024-01-31,transjakarta,1095146.0,89.125,18.7,25.9875,False,Rabu
202403.0,2024-03-01,transjakarta,1199898.0,85.875,13.9,27.054166666666664,False,Jumat
202403.0,2024-03-02,transjakarta,791038.0,90.29166666666667,14.6,26.59166666666667,True,Sabtu
202403.0,2024-03-03,transjakarta,703924.0,88.54166666666667,8.7,26.458333333333332,True,Minggu
202403.0,2024-03-04,transjakarta,1209113.0,82.75,9.6,27.53333333333333,False,Senin
202403.0,2024-03-05,transjakarta,1235499.0,80.91666666666667,14.2,27.604166666666668,False,Selasa
202403.0,2024-03-06,transjakarta,1235063.0,82.25,2.6,27.75,False,Rabu
202403.0,2024-03-07,transjakarta,1237464.0,83.95833333333333,15.5,27.358333333333334,False,Kamis
202403.0,2024-03-08,transjakarta,1221948.0,85.33333333333333,11.3,26.962500000000002,False,Jumat
202403.0,2024-03-09,transjakarta,747057.0,91.54166666666667,11.2,25.541666666666668,True,Sabtu
202403.0,2024-03-10,transjakarta,704383.0,87.58333333333333,4.5,26.3,True,Minggu
202403.0,2024-03-11,transjakarta,593917.0,89.45833333333333,35.9,26.004166666666666,True,Senin
202403.0,2024-03-12,transjakarta,714500.0,85.29166666666667,7.7,26.416666666666668,False,Selasa
202403.0,2024-03-13,transjakarta,1100220.0,88.75,21.5,25.879166666666666,False,Rabu
202403.0,2024-03-14,transjakarta,1148676.0,88.875,11.299999999999999,25.662499999999998,False,Kamis
202403.0,2024-03-15,transjakarta,1141872.0,87.54166666666667,5.8,26.212500000000002,False,Jumat
202403.0,2024-03-16,transjakarta,656466.0,86.20833333333333,5.6000000000000005,25.900000000000002,True,Sabtu
202403.0,2024-03-17,transjakarta,550347.0,84.125,5.0,26.391666666666666,True,Minggu
202403.0,2024-03-18,transjakarta,1193240.0,77.91666666666667,1.0,27.462500000000002,False,Senin
202403.0,2024-03-19,transjakarta,1186975.0,73.41666666666667,0.2,27.974999999999998,False,Selasa
202403.0,2024-03-20,transjakarta,1186823.0,72.83333333333333,0.0,27.504166666666666,False,Rabu
202403.0,2024-03-21,transjakarta,1189852.0,82.66666666666667,2.9,26.4875,False,Kamis
202403.0,2024-03-22,transjakarta,1070739.0,88.625,9.0,25.958333333333332,False,Jumat
202403.0,2024-03-23,transjakarta,738182.0,83.5,4.3,27.608333333333334,True,Sabtu
202403.0,2024-03-24,transjakarta,602385.0,84.33333333333333,6.6,27.087500000000002,True,Minggu
202403.0,2024-03-25,transjakarta,1189677.0,87.875,12.299999999999999,26.516666666666666,False,Senin
202403.0,2024-03-26,transjakarta,1187533.0,83.33333333333333,2.5,27.279166666666665,False,Selasa
202403.0,2024-03-27,transjakarta,1188138.0,89.33333333333333,16.3,26.34583333333333,False,Rabu
202403.0,2024-03-28,transjakarta,1164143.0,87.45833333333333,5.7,26.7625,False,Kamis
202403.0,2024-03-29,transjakarta,662301.0,85.08333333333333,5.2,26.995833333333334,True,Jumat
202403.0,2024-03-30,transjakarta,713388.0,85.54166666666667,6.500000000000001,27.325,True,Sabtu
202403.0,2024-03-31,transjakarta,621075.0,85.83333333333333,13.0,27.008333333333336,True,Minggu
202404.0,2024-04-01,transjakarta,1126121.0,86.58333333333333,2.6,27.108333333333334,False,Senin
202404.0,2024-04-02,transjakarta,1159140.0,87.875,11.3,27.212500000000002,False,Selasa
202404.0,2024-04-03,transjakarta,1144574.0,89.91666666666667,12.7,26.8,False,Rabu
202404.0,2024-04-04,transjakarta,1097231.0,87.125,11.0,27.270833333333332,False,Kamis
202404.0,2024-04-05,transjakarta,1046450.0,86.16666666666667,5.6,27.4875,False,Jumat
202404.0,2024-04-06,transjakarta,696891.0,87.08333333333333,3.1,27.662499999999998,True,Sabtu
202404.0,2024-04-07,transjakarta,602737.0,83.08333333333333,2.6,28.087500000000002,True,Minggu
202404.0,2024-04-08,transjakarta,611444.0,80.83333333333333,0.5,28.0625,False,Senin
202404.0,2024-04-09,transjakarta,495614.0,85.16666666666667,6.199999999999999,27.666666666666668,False,Selasa
202404.0,2024-04-10,transjakarta,334789.0,83.83333333333333,0.8,27.5625,True,Rabu
202404.0,2024-04-11,transjakarta,481280.0,86.25,8.0,27.412499999999998,True,Kamis
202404.0,2024-04-12,transjakarta,535906.0,88.875,16.2,26.1875,False,Jumat
202404.0,2024-04-13,transjakarta,646987.0,84.75,6.9,27.46666666666667,True,Sabtu
202404.0,2024-04-14,transjakarta,622202.0,86.125,3.2,26.958333333333332,True,Minggu
202404.0,2024-04-15,transjakarta,727403.0,86.375,7.6,27.275000000000002,False,Senin
202404.0,2024-04-16,transjakarta,1016228.0,85.25,4.7,27.741666666666664,False,Selasa
202404.0,2024-04-17,transjakarta,1094937.0,86.70833333333333,5.0,26.916666666666668,False,Rabu
202404.0,2024-04-18,transjakarta,1126816.0,87.5,5.2,26.849999999999998,False,Kamis
202404.0,2024-04-19,transjakarta,1134568.0,86.45833333333333,4.1,27.150000000000002,False,Jumat
202404.0,2024-04-20,transjakarta,769162.0,86.95833333333333,13.7,27.22083333333333,True,Sabtu
202404.0,2024-04-21,transjakarta,668100.0,89.66666666666667,24.0,26.6375,True,Minggu
202404.0,2024-04-22,transjakarta,1179217.0,84.91666666666667,3.3000000000000003,27.71666666666667,False,Senin
202404.0,2024-04-23,transjakarta,1189935.0,88.16666666666667,12.7,27.270833333333332,False,Selasa
202404.0,2024-04-24,transjakarta,1202510.0,86.20833333333333,9.5,27.5125,False,Rabu
202404.0,2024-04-25,transjakarta,1190370.0,87.58333333333333,18.3,27.079166666666666,False,Kamis
202404.0,2024-04-26,transjakarta,1173290.0,87.95833333333333,8.0,27.116666666666664,False,Jumat
202404.0,2024-04-27,transjakarta,783384.0,89.33333333333333,27.900000000000002,26.708333333333332,True,Sabtu
202404.0,2024-04-28,transjakarta,687410.0,83.70833333333333,0.30000000000000004,27.8,True,Minggu
202404.0,2024-04-29,transjakarta,1170658.0,80.75,3.2,28.391666666666666,False,Senin
202404.0,2024-04-30,transjakarta,1185970.0,85.5,8.2,27.679166666666664,False,Selasa
202407.0,2024-07-01,transjakarta,1244563.0,84.66666666666667,5.3,26.787499999999998,False,Senin
202407.0,2024-07-02,transjakarta,1226999.0,85.875,10.2,26.191666666666666,False,Selasa
202407.0,2024-07-03,transjakarta,1236399.0,81.79166666666667,0.8,27.162499999999998,False,Rabu
202407.0,2024-07-04,transjakarta,1220479.0,86.5,14.3,26.09166666666667,False,Kamis
202407.0,2024-07-05,transjakarta,1212445.0,85.08333333333333,9.6,26.40416666666667,False,Jumat
202407.0,2024-07-06,transjakarta,776148.0,90.0,47.4,24.983333333333334,True,Sabtu
202407.0,2024-07-07,transjakarta,777393.0,85.45833333333333,4.2,25.8125,True,Minggu
202407.0,2024-07-08,transjakarta,1283260.0,84.95833333333333,18.7,26.441666666666666,False,Senin
202407.0,2024-07-09,transjakarta,1292574.0,86.0,11.0,26.041666666666668,False,Selasa
202407.0,2024-07-10,transjakarta,1305246.0,78.16666666666667,0.0,27.166666666666668,False,Rabu
202407.0,2024-07-11,transjakarta,1286662.0,79.66666666666667,0.5,26.8125,False,Kamis
202406.0,2024-06-01,transjakarta,817193.0,87.625,2.4,27.316666666666666,True,Sabtu
202406.0,2024-06-02,transjakarta,730832.0,87.08333333333333,14.2,27.366666666666664,True,Minggu
202406.0,2024-06-03,transjakarta,1236594.0,87.58333333333333,7.6,26.316666666666666,False,Senin
202406.0,2024-06-04,transjakarta,1266654.0,83.83333333333333,2.0,27.766666666666666,False,Selasa
202406.0,2024-06-05,transjakarta,1276021.0,83.66666666666667,1.1,27.53333333333333,False,Rabu
202406.0,2024-06-06,transjakarta,1261933.0,78.375,1.4,27.65416666666667,False,Kamis
202406.0,2024-06-07,transjakarta,1251558.0,80.54166666666667,0.2,27.27916666666667,False,Jumat
202406.0,2024-06-08,transjakarta,873156.0,79.29166666666667,1.9000000000000001,27.479166666666668,True,Sabtu
202406.0,2024-06-09,transjakarta,763276.0,86.33333333333333,12.1,26.629166666666666,True,Minggu
202406.0,2024-06-10,transjakarta,1246892.0,84.33333333333333,8.1,27.583333333333332,False,Senin
202406.0,2024-06-11,transjakarta,1245940.0,88.5,6.3,26.079166666666666,False,Selasa
202406.0,2024-06-12,transjakarta,1252232.0,88.75,10.1,25.895833333333332,False,Rabu
202406.0,2024-06-13,transjakarta,1244140.0,88.33333333333333,10.5,26.170833333333334,False,Kamis
202406.0,2024-06-14,transjakarta,1210476.0,84.54166666666667,8.2,27.09583333333333,False,Jumat
202406.0,2024-06-15,transjakarta,792176.0,87.375,14.0,26.6875,True,Sabtu
202406.0,2024-06-16,transjakarta,650471.0,88.58333333333333,10.5,26.349999999999998,True,Minggu
202406.0,2024-06-17,transjakarta,424630.0,82.875,0.7000000000000001,27.245833333333334,True,Senin
202406.0,2024-06-18,transjakarta,834190.0,85.95833333333333,5.6000000000000005,26.395833333333332,False,Selasa
202406.0,2024-06-19,transjakarta,1211872.0,79.83333333333333,0.5,27.349999999999998,False,Rabu
202406.0,2024-06-20,transjakarta,1221791.0,75.5,0.0,27.40416666666667,False,Kamis
202406.0,2024-06-21,transjakarta,1218522.0,76.41666666666667,0.1,26.916666666666668,False,Jumat
202406.0,2024-06-22,transjakarta,1061448.0,80.08333333333333,0.1,26.704166666666666,True,Sabtu
202406.0,2024-06-23,transjakarta,839257.0,74.33333333333333,0.0,26.945833333333336,True,Minggu
202406.0,2024-06-24,transjakarta,1200013.0,78.20833333333333,4.9,27.141666666666666,False,Senin
202406.0,2024-06-25,transjakarta,1199360.0,85.08333333333333,10.1,26.816666666666666,False,Selasa
202406.0,2024-06-26,transjakarta,1216516.0,79.66666666666667,0.9,27.445833333333336,False,Rabu
202406.0,2024-06-27,transjakarta,1197988.0,84.04166666666667,5.4,27.150000000000002,False,Kamis
202406.0,2024-06-28,transjakarta,1183472.0,87.25,6.9,26.691666666666666,False,Jumat
202406.0,2024-06-29,transjakarta,857366.0,88.33333333333333,7.3,26.333333333333332,True,Sabtu
202406.0,2024-06-30,transjakarta,831798.0,82.70833333333333,0.5,26.9875,True,Minggu
202405.0,2024-05-01,transjakarta,685485.0,88.20833333333333,13.0,27.075,True,Rabu
202405.0,2024-05-02,transjakarta,1177299.0,85.875,15.5,27.570833333333336,False,Kamis
202405.0,2024-05-03,transjakarta,1155576.0,85.0,5.2,27.65833333333333,False,Jumat
202405.0,2024-05-04,transjakarta,801713.0,81.70833333333333,0.7000000000000001,27.825,True,Sabtu
202405.0,2024-05-05,transjakarta,701049.0,82.29166666666667,3.4,27.8625,True,Minggu
202405.0,2024-05-06,transjakarta,1197302.0,81.04166666666667,4.4,27.733333333333334,False,Senin
202405.0,2024-05-07,transjakarta,1223878.0,77.04166666666667,0.6000000000000001,28.416666666666668,False,Selasa
202405.0,2024-05-08,transjakarta,1239648.0,78.875,1.7000000000000002,28.0625,False,Rabu
202405.0,2024-05-09,transjakarta,727872.0,81.75,2.7,27.7,True,Kamis
202405.0,2024-05-10,transjakarta,855915.0,82.91666666666667,10.6,28.0625,False,Jumat
202405.0,2024-05-11,transjakarta,793188.0,84.75,4.5,27.454166666666666,True,Sabtu
202405.0,2024-05-12,transjakarta,734457.0,80.625,7.6,28.104166666666668,True,Minggu
202405.0,2024-05-13,transjakarta,1231170.0,88.54166666666667,28.4,27.004166666666666,False,Senin
202405.0,2024-05-14,transjakarta,1238837.0,88.625,4.5,26.870833333333334,False,Selasa
202405.0,2024-05-15,transjakarta,1241336.0,80.25,2.4,28.508333333333336,False,Rabu
202405.0,2024-05-16,transjakarta,1229401.0,83.54166666666667,3.9000000000000004,27.695833333333336,False,Kamis
202405.0,2024-05-17,transjakarta,1221876.0,80.91666666666667,0.4,28.016666666666666,False,Jumat
202405.0,2024-05-18,transjakarta,848639.0,81.5,0.8,27.900000000000002,True,Sabtu
202405.0,2024-05-19,transjakarta,730335.0,80.41666666666667,8.1,27.945833333333336,True,Minggu
202405.0,2024-05-20,transjakarta,1238643.0,78.79166666666667,0.5,28.28333333333333,False,Senin
202405.0,2024-05-21,transjakarta,1253256.0,79.5,7.300000000000001,28.166666666666668,False,Selasa
202405.0,2024-05-22,transjakarta,1251442.0,86.20833333333333,11.7,27.120833333333334,False,Rabu
202405.0,2024-05-23,transjakarta,703835.0,87.75,11.2,26.650000000000002,True,Kamis
202405.0,2024-05-24,transjakarta,856274.0,89.58333333333333,19.9,26.383333333333336,False,Jumat
202405.0,2024-05-25,transjakarta,755342.0,94.5,36.7,24.974999999999998,True,Sabtu
202405.0,2024-05-26,transjakarta,726615.0,81.29166666666667,0.1,28.0125,True,Minggu
202405.0,2024-05-27,transjakarta,1230649.0,82.16666666666667,0.7000000000000001,28.366666666666664,False,Senin
202405.0,2024-05-28,transjakarta,1242030.0,84.0,3.2,27.808333333333334,False,Selasa
202405.0,2024-05-29,transjakarta,1246323.0,84.375,2.1,27.53333333333333,False,Rabu
202405.0,2024-05-30,transjakarta,1258449.0,81.70833333333333,1.0,27.8125,False,Kamis
202405.0,2024-05-31,transjakarta,1224491.0,83.20833333333333,1.1,28.02916666666667,False,Jumat
202408.0,2024-08-01,transjakarta,1194012.0,76.91666666666667,2.8,27.333333333333332,False,Kamis
202408.0,2024-08-02,transjakarta,1183973.0,82.70833333333333,10.6,26.320833333333336,False,Jumat
202408.0,2024-08-03,transjakarta,816422.0,83.79166666666667,17.0,26.400000000000002,True,Sabtu
202408.0,2024-08-04,transjakarta,734624.0,78.16666666666667,0.6,27.34583333333333,True,Minggu
202408.0,2024-08-05,transjakarta,1203333.0,84.33333333333333,6.5,26.145833333333332,False,Senin
202408.0,2024-08-06,transjakarta,1214659.0,74.33333333333333,0.0,27.1375,False,Selasa
202408.0,2024-08-07,transjakarta,1220949.0,73.20833333333333,0.1,27.441666666666666,False,Rabu
202408.0,2024-08-08,transjakarta,1203502.0,75.33333333333333,1.0999999999999999,27.587500000000002,False,Kamis
202408.0,2024-08-09,transjakarta,1194879.0,75.58333333333333,0.8,27.71666666666667,False,Jumat
202408.0,2024-08-10,transjakarta,844963.0,76.58333333333333,0.30000000000000004,27.495833333333334,True,Sabtu
202408.0,2024-08-11,transjakarta,716675.0,80.91666666666667,2.9,26.954166666666666,True,Minggu
202408.0,2024-08-12,transjakarta,1211907.0,72.625,0.1,26.941666666666666,False,Senin
202408.0,2024-08-13,transjakarta,1211945.0,71.95833333333333,0.0,26.6125,False,Selasa
202408.0,2024-08-14,transjakarta,1212880.0,73.04166666666667,0.0,27.037499999999998,False,Rabu
202408.0,2024-08-15,transjakarta,1208950.0,72.33333333333333,0.0,27.758333333333336,False,Kamis
202408.0,2024-08-16,transjakarta,1188224.0,73.75,0.2,27.708333333333332,False,Jumat
202408.0,2024-08-17,transjakarta,679144.0,74.875,0.0,27.820833333333336,True,Sabtu
202408.0,2024-08-18,transjakarta,668117.0,75.29166666666667,0.5,27.90416666666667,True,Minggu
202408.0,2024-08-19,transjakarta,1191066.0,75.20833333333333,0.0,27.666666666666668,False,Senin
202408.0,2024-08-20,transjakarta,1206892.0,76.66666666666667,0.0,27.333333333333332,False,Selasa
202408.0,2024-08-21,transjakarta,1205268.0,75.45833333333333,0.8,27.625,False,Rabu
202408.0,2024-08-22,transjakarta,1156801.0,75.04166666666667,0.1,27.95,False,Kamis
202408.0,2024-08-23,transjakarta,1166376.0,72.5,0.0,28.045833333333334,False,Jumat
202408.0,2024-08-24,transjakarta,807203.0,72.66666666666667,3.7,27.575,True,Sabtu
202408.0,2024-08-25,transjakarta,688923.0,72.83333333333333,0.1,27.325,True,Minggu
202408.0,2024-08-26,transjakarta,1192724.0,68.5,0.0,28.120833333333334,False,Senin
202408.0,2024-08-27,transjakarta,1189453.0,68.29166666666667,0.1,28.583333333333332,False,Selasa
202408.0,2024-08-28,transjakarta,1197570.0,62.833333333333336,0.0,28.954166666666666,False,Rabu
202408.0,2024-08-29,transjakarta,1198227.0,66.0,0.1,28.604166666666668,False,Kamis
202408.0,2024-08-30,transjakarta,1186687.0,68.125,0.2,27.854166666666668,False,Jumat
202408.0,2024-08-31,transjakarta,816674.0,67.375,0.0,28.104166666666668,True,Sabtu
202409.0,2024-09-01,transjakarta,721484.0,70.45833333333333,0.0,28.5,True,Minggu
202409.0,2024-09-02,transjakarta,1217566.0,77.875,3.3,28.325,False,Senin
202409.0,2024-09-03,transjakarta,1234771.0,80.20833333333333,6.6,27.45,False,Selasa
202409.0,2024-09-04,transjakarta,1236669.0,71.66666666666667,0.1,27.883333333333336,False,Rabu
202409.0,2024-09-05,transjakarta,1152458.0,73.33333333333333,9.4,27.8,False,Kamis
202409.0,2024-09-06,transjakarta,1217648.0,74.16666666666667,1.0,28.166666666666668,False,Jumat
202409.0,2024-09-07,transjakarta,838530.0,63.125,0.0,29.579166666666666,True,Sabtu
202409.0,2024-09-08,transjakarta,725987.0,64.79166666666667,0.3,29.141666666666666,True,Minggu
202409.0,2024-09-09,transjakarta,1230991.0,78.95833333333333,9.7,27.391666666666666,False,Senin
202409.0,2024-09-10,transjakarta,1260472.0,84.70833333333333,16.3,26.458333333333332,False,Selasa
202409.0,2024-09-11,transjakarta,1256540.0,79.54166666666667,0.9,26.879166666666666,False,Rabu
202409.0,2024-09-12,transjakarta,1233892.0,79.91666666666667,12.4,26.929166666666664,False,Kamis
202409.0,2024-09-13,transjakarta,1221378.0,79.79166666666667,0.6000000000000001,26.854166666666668,False,Jumat
202409.0,2024-09-14,transjakarta,836400.0,67.08333333333333,0.0,27.566666666666666,True,Sabtu
202409.0,2024-09-15,transjakarta,765475.0,70.33333333333333,0.0,27.325,True,Minggu
202409.0,2024-09-16,transjakarta,660261.0,67.95833333333333,0.1,27.945833333333336,True,Senin
202409.0,2024-09-17,transjakarta,1251157.0,67.41666666666667,0.0,27.516666666666666,False,Selasa
202409.0,2024-09-18,transjakarta,1257177.0,65.66666666666667,0.0,27.233333333333334,False,Rabu
202409.0,2024-09-19,transjakarta,1244219.0,67.91666666666667,0.0,27.3125,False,Kamis
202409.0,2024-09-20,transjakarta,1230571.0,70.875,0.0,27.554166666666664,False,Jumat
202409.0,2024-09-21,transjakarta,852906.0,75.375,0.0,27.866666666666664,True,Sabtu
202409.0,2024-09-22,transjakarta,707485.0,76.83333333333333,1.2000000000000002,28.333333333333332,True,Minggu
202409.0,2024-09-23,transjakarta,1256936.0,77.83333333333333,1.9,28.2,False,Senin
202409.0,2024-09-24,transjakarta,1253417.0,83.45833333333333,10.200000000000001,26.875,False,Selasa
202409.0,2024-09-25,transjakarta,1252497.0,79.25,5.1,27.34166666666667,False,Rabu
202409.0,2024-09-26,transjakarta,1247542.0,82.125,13.3,26.733333333333334,False,Kamis
202409.0,2024-09-27,transjakarta,1245314.0,81.95833333333333,2.1,27.554166666666664,False,Jumat
202409.0,2024-09-28,transjakarta,852470.0,85.29166666666667,12.4,27.21666666666667,True,Sabtu
202409.0,2024-09-29,transjakarta,723329.0,79.45833333333333,3.1,27.704166666666666,True,Minggu
202409.0,2024-09-30,transjakarta,1208628.0,78.04166666666667,0.30000000000000004,27.837500000000002,False,Senin
202407.0,2024-07-12,transjakarta,1271509.0,73.79166666666667,0.0,26.900000000000002,False,Jumat
202407.0,2024-07-13,transjakarta,889996.0,73.875,0.0,25.741666666666664,True,Sabtu
202407.0,2024-07-14,transjakarta,785446.0,70.79166666666667,0.0,26.1375,True,Minggu
202407.0,2024-07-15,transjakarta,1258572.0,70.66666666666667,0.0,26.125,False,Senin
202407.0,2024-07-16,transjakarta,1280153.0,70.20833333333333,0.0,26.370833333333334,False,Selasa
202407.0,2024-07-17,transjakarta,1288218.0,77.125,1.2000000000000002,26.5,False,Rabu
202407.0,2024-07-18,transjakarta,1281265.0,77.75,0.1,27.175,False,Kamis
202407.0,2024-07-19,transjakarta,1253052.0,74.70833333333333,0.30000000000000004,27.270833333333332,False,Jumat
202407.0,2024-07-20,transjakarta,870343.0,73.875,0.0,27.275000000000002,True,Sabtu
202407.0,2024-07-21,transjakarta,758137.0,71.66666666666667,0.0,27.55,True,Minggu
202407.0,2024-07-22,transjakarta,1274935.0,73.25,0.0,27.633333333333336,False,Senin
202407.0,2024-07-23,transjakarta,1278577.0,71.125,0.0,27.75,False,Selasa
202407.0,2024-07-24,transjakarta,1284841.0,73.125,0.4,27.333333333333332,False,Rabu
202407.0,2024-07-25,transjakarta,1277410.0,77.58333333333333,1.3,26.808333333333334,False,Kamis
202407.0,2024-07-26,transjakarta,1261844.0,77.91666666666667,0.6000000000000001,27.179166666666664,False,Jumat
202407.0,2024-07-27,transjakarta,878490.0,72.91666666666667,0.0,27.6375,True,Sabtu
202407.0,2024-07-28,transjakarta,770013.0,72.54166666666667,0.6,27.662499999999998,True,Minggu
202407.0,2024-07-29,transjakarta,1267265.0,71.875,0.1,27.745833333333334,False,Senin
202407.0,2024-07-30,transjakarta,1139307.0,69.75,0.0,27.72083333333333,False,Selasa
202407.0,2024-07-31,transjakarta,1271800.0,73.08333333333333,0.0,27.6375,False,Rabu
202411.0,2024-11-01,transjakarta,1270928.0,78.04166666666667,6.7,27.77916666666667,False,Jumat
202411.0,2024-11-02,transjakarta,838120.0,82.625,9.3,27.358333333333334,True,Sabtu
202411.0,2024-11-03,transjakarta,722649.0,88.29166666666667,11.2,25.870833333333334,True,Minggu
202411.0,2024-11-04,transjakarta,1274215.0,84.45833333333333,12.8,26.662499999999998,False,Senin
202411.0,2024-11-05,transjakarta,1274965.0,86.45833333333333,12.3,26.27916666666667,False,Selasa
202411.0,2024-11-06,transjakarta,1297515.0,86.5,16.3,26.120833333333334,False,Rabu
202411.0,2024-11-07,transjakarta,1282074.0,84.29166666666667,10.200000000000001,26.608333333333334,False,Kamis
202411.0,2024-11-08,transjakarta,1270243.0,77.79166666666667,0.7000000000000001,27.945833333333336,False,Jumat
202411.0,2024-11-09,transjakarta,847431.0,80.75,15.1,27.558333333333334,True,Sabtu
202411.0,2024-11-10,transjakarta,760399.0,82.875,7.9,27.15833333333333,True,Minggu
202411.0,2024-11-11,transjakarta,32836.0,86.29166666666667,19.900000000000002,26.47083333333333,False,Senin
202411.0,2024-11-12,transjakarta,1285172.0,87.04166666666667,13.000000000000002,26.383333333333336,False,Selasa
202411.0,2024-11-13,transjakarta,1302317.0,86.5,14.9,27.133333333333336,False,Rabu
202411.0,2024-11-14,transjakarta,1297904.0,81.54166666666667,5.1,27.958333333333332,False,Kamis
202411.0,2024-11-15,transjakarta,1281162.0,79.625,7.2,27.983333333333334,False,Jumat
202411.0,2024-11-16,transjakarta,820681.0,84.16666666666667,12.1,27.266666666666666,True,Sabtu
202411.0,2024-11-17,transjakarta,733035.0,85.375,12.3,27.0125,True,Minggu
202411.0,2024-11-18,transjakarta,1279311.0,85.45833333333333,13.4,26.712500000000002,False,Senin
202411.0,2024-11-19,transjakarta,1288450.0,81.66666666666667,7.1,27.666666666666668,False,Selasa
202411.0,2024-11-20,transjakarta,1289630.0,80.25,6.4,27.712500000000002,False,Rabu
202411.0,2024-11-21,transjakarta,1279041.0,82.66666666666667,6.1,27.433333333333334,False,Kamis
202411.0,2024-11-22,transjakarta,1273209.0,84.29166666666667,9.6,27.020833333333332,False,Jumat
202411.0,2024-11-23,transjakarta,844165.0,82.75,9.0,27.683333333333334,True,Sabtu
202411.0,2024-11-24,transjakarta,710816.0,83.375,2.3,27.5,True,Minggu
202411.0,2024-11-25,transjakarta,1293081.0,82.95833333333333,11.5,27.84166666666667,False,Senin
202411.0,2024-11-26,transjakarta,1289944.0,79.91666666666667,6.3,28.316666666666666,False,Selasa
202411.0,2024-11-27,transjakarta,520376.0,83.95833333333333,4.4,27.266666666666666,True,Rabu
202411.0,2024-11-28,transjakarta,1304509.0,80.625,0.4,27.5125,False,Kamis
202411.0,2024-11-29,transjakarta,1279317.0,75.5,0.30000000000000004,27.945833333333336,False,Jumat
202411.0,2024-11-30,transjakarta,871359.0,70.375,2.4,29.025000000000002,True,Sabtu
202410.0,2024-10-01,transjakarta,1266952.0,75.875,1.1,28.27916666666667,False,Selasa
202410.0,2024-10-02,transjakarta,1270431.0,78.33333333333333,2.1,27.9875,False,Rabu
202410.0,2024-10-03,transjakarta,1277329.0,82.91666666666667,6.6000000000000005,27.333333333333332,False,Kamis
202410.0,2024-10-04,transjakarta,1260559.0,83.875,24.9,27.0,False,Jumat
202410.0,2024-10-05,transjakarta,1073938.0,84.125,2.9,26.866666666666664,True,Sabtu
202410.0,2024-10-06,transjakarta,759123.0,82.58333333333333,11.6,27.120833333333334,True,Minggu
202410.0,2024-10-07,transjakarta,1255388.0,75.79166666666667,0.1,27.641666666666666,False,Senin
202410.0,2024-10-08,transjakarta,1269771.0,72.16666666666667,0.0,28.295833333333334,False,Selasa
202410.0,2024-10-09,transjakarta,1268531.0,75.33333333333333,1.3,28.208333333333332,False,Rabu
202410.0,2024-10-10,transjakarta,1252211.0,76.91666666666667,5.9,27.929166666666664,False,Kamis
202410.0,2024-10-11,transjakarta,1241870.0,77.25,1.5000000000000002,28.329166666666666,False,Jumat
202410.0,2024-10-12,transjakarta,840623.0,83.91666666666667,11.200000000000001,27.479166666666668,True,Sabtu
202410.0,2024-10-13,transjakarta,702513.0,84.5,15.0,26.96666666666667,True,Minggu
202410.0,2024-10-14,transjakarta,1247873.0,81.33333333333333,6.0,27.45,False,Senin
202410.0,2024-10-15,transjakarta,1262557.0,75.0,1.5,28.208333333333332,False,Selasa
202410.0,2024-10-16,transjakarta,1278961.0,72.95833333333333,0.1,28.695833333333336,False,Rabu
202410.0,2024-10-17,transjakarta,1279512.0,58.666666666666664,0.0,28.5625,False,Kamis
202410.0,2024-10-18,transjakarta,1261442.0,64.33333333333333,0.0,28.1875,False,Jumat
202410.0,2024-10-19,transjakarta,853466.0,68.45833333333333,0.6,28.579166666666666,True,Sabtu
202410.0,2024-10-20,transjakarta,758392.0,59.666666666666664,0.0,28.77916666666667,True,Minggu
202410.0,2024-10-21,transjakarta,1269359.0,67.25,0.30000000000000004,28.645833333333332,False,Senin
202410.0,2024-10-22,transjakarta,1272359.0,65.29166666666667,0.0,29.320833333333336,False,Selasa
202410.0,2024-10-23,transjakarta,1284678.0,69.16666666666667,2.5,29.1375,False,Rabu
202410.0,2024-10-24,transjakarta,1258016.0,77.875,9.0,28.016666666666666,False,Kamis
202410.0,2024-10-25,transjakarta,1242056.0,76.125,0.8999999999999999,28.041666666666668,False,Jumat
202410.0,2024-10-26,transjakarta,849281.0,64.66666666666667,0.0,28.995833333333334,True,Sabtu
202410.0,2024-10-27,transjakarta,718718.0,66.375,0.4,29.34166666666667,True,Minggu
202410.0,2024-10-28,transjakarta,1253303.0,65.79166666666667,0.0,29.695833333333336,False,Senin
202410.0,2024-10-29,transjakarta,1275282.0,68.875,0.6,29.625,False,Selasa
202410.0,2024-10-30,transjakarta,1278232.0,69.125,2.6,29.28333333333333,False,Rabu
202410.0,2024-10-31,transjakarta,1263754.0,72.66666666666667,3.3999999999999995,28.758333333333336,False,Kamis
202412.0,2024-12-01,transjakarta,745336.0,73.125,11.2,28.78333333333333,True,Minggu
202412.0,2024-12-02,transjakarta,1295869.0,76.83333333333333,7.1,27.59166666666667,False,Senin
202412.0,2024-12-03,transjakarta,1307318.0,84.83333333333333,18.2,25.895833333333332,False,Selasa
202412.0,2024-12-04,transjakarta,1301816.0,87.08333333333333,14.7,25.52916666666667,False,Rabu
202412.0,2024-12-05,transjakarta,1292948.0,87.25,20.4,26.041666666666668,False,Kamis
202412.0,2024-12-06,transjakarta,1299581.0,89.66666666666667,11.7,25.77916666666667,False,Jumat
202412.0,2024-12-07,transjakarta,838861.0,86.20833333333333,16.1,26.958333333333332,True,Sabtu
202412.0,2024-12-08,transjakarta,738142.0,86.95833333333333,16.8,26.78333333333333,True,Minggu
202412.0,2024-12-09,transjakarta,1235851.0,87.16666666666667,24.5,26.704166666666666,False,Senin
202412.0,2024-12-10,transjakarta,1302441.0,84.95833333333333,5.800000000000001,26.704166666666666,False,Selasa
202412.0,2024-12-11,transjakarta,1297867.0,81.70833333333333,13.399999999999999,27.162499999999998,False,Rabu
202412.0,2024-12-12,transjakarta,1293693.0,75.29166666666667,2.4000000000000004,27.870833333333334,False,Kamis
202412.0,2024-12-13,transjakarta,1239271.0,76.04166666666667,3.7,27.837500000000002,False,Jumat
202412.0,2024-12-14,transjakarta,858296.0,81.91666666666667,6.2,26.900000000000002,True,Sabtu
202412.0,2024-12-15,transjakarta,725931.0,88.45833333333333,27.2,25.825,True,Minggu
202412.0,2024-12-16,transjakarta,1249724.0,87.33333333333333,15.5,26.224999999999998,False,Senin
202412.0,2024-12-17,transjakarta,1238341.0,82.625,12.1,26.820833333333336,False,Selasa
202412.0,2024-12-18,transjakarta,1251735.0,79.95833333333333,5.1,27.3875,False,Rabu
202412.0,2024-12-19,transjakarta,1214369.0,86.16666666666667,17.9,26.370833333333334,False,Kamis
202412.0,2024-12-20,transjakarta,1225247.0,86.41666666666667,7.800000000000001,26.337500000000002,False,Jumat
202412.0,2024-12-21,transjakarta,866515.0,85.16666666666667,16.5,26.504166666666666,True,Sabtu
202412.0,2024-12-22,transjakarta,728871.0,85.5,5.1000000000000005,26.900000000000002,True,Minggu
202412.0,2024-12-23,transjakarta,1115662.0,88.33333333333333,17.599999999999998,26.233333333333334,False,Senin
202412.0,2024-12-24,transjakarta,1103916.0,88.16666666666667,16.1,25.75,False,Selasa
202412.0,2024-12-25,transjakarta,696747.0,85.83333333333333,10.3,26.383333333333336,True,Rabu
202412.0,2024-12-26,transjakarta,842094.0,82.79166666666667,5.4,27.09583333333333,False,Kamis
202412.0,2024-12-27,transjakarta,1055174.0,77.91666666666667,0.7000000000000001,28.037499999999998,False,Jumat
202412.0,2024-12-28,transjakarta,852428.0,68.83333333333333,0.1,28.558333333333334,True,Sabtu
202412.0,2024-12-29,transjakarta,799846.0,78.75,0.6000000000000001,27.59583333333333,True,Minggu
202412.0,2024-12-30,transjakarta,1071256.0,79.25,3.7,26.71666666666667,False,Senin
202412.0,2024-12-31,transjakarta,1056165.0,77.20833333333333,1.7,27.433333333333334,False,Selasa
,2023-08-02,,32836.0,89.66666666666667,21.799999999999997,24.383333333333336,False,Rabu
,2023-08-03,,32836.0,85.66666666666667,11.8,24.933333333333334,False,Kamis
,2023-08-04,,32836.0,90.0,14.0,24.170833333333334,False,Jumat
,2023-08-05,,32836.0,85.91666666666667,7.2,25.175,True,Sabtu
,2023-08-06,,32836.0,80.79166666666667,0.8,26.254166666666666,True,Minggu
,2023-08-07,,32836.0,74.95833333333333,0.1,27.075,False,Senin
,2023-08-08,,32836.0,76.95833333333333,0.9,26.933333333333334,False,Selasa
,2023-08-09,,32836.0,79.33333333333333,3.2,26.6875,False,Rabu
,2023-08-10,,32836.0,79.58333333333333,3.2,26.858333333333334,False,Kamis
,2023-08-11,,32836.0,81.29166666666667,0.9,26.933333333333334,False,Jumat
,2023-08-12,,32836.0,79.41666666666667,3.8,27.15416666666667,True,Sabtu
,2023-08-13,,32836.0,79.54166666666667,0.4,27.304166666666664,True,Minggu
,2023-08-14,,32836.0,82.91666666666667,3.8,26.320833333333336,False,Senin
,2023-08-15,,32836.0,77.16666666666667,0.9,27.46666666666667,False,Selasa
,2023-08-16,,32836.0,73.25,1.2,27.583333333333332,False,Rabu
,2023-08-17,,32836.0,77.5,1.5,27.045833333333334,True,Kamis
,2023-08-18,,32836.0,84.04166666666667,4.8999999999999995,25.704166666666666,False,Jumat
,2023-08-19,,32836.0,88.375,9.6,25.15833333333333,True,Sabtu
,2023-08-20,,32836.0,87.875,5.7,25.116666666666664,True,Minggu
,2023-08-21,,32836.0,84.58333333333333,2.3000000000000003,25.712500000000002,False,Senin
,2023-08-22,,32836.0,81.83333333333333,4.3999999999999995,26.25,False,Selasa
,2023-08-23,,32836.0,79.16666666666667,0.5,26.78333333333333,False,Rabu
,2023-08-24,,32836.0,82.375,3.8,25.920833333333334,False,Kamis
,2023-08-25,,32836.0,81.29166666666667,2.0,26.116666666666664,False,Jumat
,2023-08-26,,32836.0,86.375,12.399999999999999,24.995833333333334,True,Sabtu
,2023-08-27,,32836.0,80.5,2.3,26.245833333333334,True,Minggu
,2023-08-28,,32836.0,86.54166666666667,9.6,25.554166666666664,False,Senin
,2023-08-29,,32836.0,91.16666666666667,23.2,24.666666666666668,False,Selasa
,2023-08-30,,32836.0,86.41666666666667,24.8,25.291666666666668,False,Rabu
,2023-08-31,,32836.0,85.125,5.2,25.733333333333334,False,Kamis
,2023-09-01,,32836.0,86.08333333333333,3.3,26.27916666666667,False,Jumat
,2023-09-02,,32836.0,88.79166666666667,3.5,25.479166666666668,True,Sabtu
,2023-09-03,,32836.0,90.0,11.5,25.383333333333336,True,Minggu
,2023-09-04,,32836.0,81.29166666666667,0.8,26.041666666666668,False,Senin
,2023-09-05,,32836.0,83.5,1.7,25.974999999999998,False,Selasa
,2023-09-06,,32836.0,79.83333333333333,8.6,26.495833333333334,False,Rabu
,2023-09-07,,32836.0,74.16666666666667,0.1,27.400000000000002,False,Kamis
,2023-09-08,,32836.0,85.45833333333333,4.8,26.016666666666666,False,Jumat
,2023-09-09,,32836.0,79.125,0.8,26.729166666666668,True,Sabtu
,2023-09-10,,32836.0,78.0,1.7,26.5125,True,Minggu
,2023-09-11,,32836.0,81.66666666666667,25.4,26.09583333333333,False,Senin
,2023-09-12,,32836.0,89.54166666666667,14.200000000000001,25.03333333333333,False,Selasa
,2023-09-13,,32836.0,90.95833333333333,39.4,24.3625,False,Rabu
,2023-09-14,,32836.0,83.33333333333333,7.3,26.166666666666668,False,Kamis
,2023-09-15,,32836.0,88.25,10.2,25.079166666666666,False,Jumat
,2023-09-16,,32836.0,86.20833333333333,17.6,25.3,True,Sabtu
,2023-09-17,,32836.0,88.75,16.5,25.079166666666666,True,Minggu
,2023-09-18,,32836.0,89.70833333333333,11.2,24.78333333333333,False,Senin
,2023-09-19,,32836.0,86.54166666666667,0.8,25.599999999999998,False,Selasa
,2023-09-20,,32836.0,87.45833333333333,15.7,25.45,False,Rabu
,2023-09-21,,32836.0,83.16666666666667,5.2,25.84166666666667,False,Kamis
,2023-09-22,,32836.0,87.20833333333333,11.2,25.287499999999998,False,Jumat
,2023-09-23,,32836.0,89.54166666666667,23.5,24.8125,True,Sabtu
,2023-09-24,,32836.0,89.125,20.3,25.099999999999998,True,Minggu
,2023-09-25,,32836.0,90.16666666666667,29.5,24.787499999999998,False,Senin
,2023-09-26,,32836.0,88.625,14.8,25.125,False,Selasa
,2023-09-27,,32836.0,87.45833333333333,23.4,25.21666666666667,False,Rabu
,2023-09-28,,32836.0,90.41666666666667,8.8,24.474999999999998,True,Kamis
,2023-09-29,,32836.0,89.5,12.200000000000001,24.65416666666667,False,Jumat
,2023-09-30,,32836.0,88.16666666666667,23.3,24.925,True,Sabtu
,2023-10-01,,32836.0,93.375,25.5,23.695833333333336,True,Minggu
,2023-10-02,,32836.0,85.45833333333333,16.4,25.6875,False,Senin
,2023-10-03,,32836.0,87.95833333333333,12.2,24.8,False,Selasa
,2023-10-04,,32836.0,82.08333333333333,1.0,26.025000000000002,False,Rabu
,2023-10-05,,32836.0,80.41666666666667,1.4,26.59583333333333,False,Kamis
,2023-10-06,,32836.0,82.16666666666667,5.300000000000001,26.141666666666666,False,Jumat
,2023-10-07,,32836.0,87.70833333333333,4.6,25.333333333333332,True,Sabtu
,2023-10-08,,32836.0,86.58333333333333,6.699999999999999,25.454166666666666,True,Minggu
,2023-10-09,,32836.0,87.45833333333333,3.8000000000000003,25.679166666666664,False,Senin
,2023-10-10,,32836.0,86.33333333333333,5.3,25.9875,False,Selasa
,2023-10-11,,32836.0,86.83333333333333,2.6,25.895833333333332,False,Rabu
,2023-10-12,,32836.0,83.625,3.7,26.079166666666666,False,Kamis
,2023-10-13,,32836.0,90.70833333333333,23.0,24.254166666666666,False,Jumat
,2023-10-14,,32836.0,88.45833333333333,13.6,24.712500000000002,True,Sabtu
,2023-10-15,,32836.0,82.41666666666667,2.6999999999999997,26.2625,True,Minggu
,2023-10-16,,32836.0,85.45833333333333,11.799999999999999,26.195833333333336,False,Senin
,2023-10-17,,32836.0,84.58333333333333,3.9000000000000004,26.520833333333332,False,Selasa
,2023-10-18,,32836.0,84.16666666666667,5.3,26.333333333333332,False,Rabu
,2023-10-19,,32836.0,83.54166666666667,8.1,26.3875,False,Kamis
,2023-10-20,,32836.0,82.5,3.1,26.445833333333336,False,Jumat
,2023-10-21,,32836.0,82.20833333333333,2.4,27.25,True,Sabtu
,2023-10-22,,32836.0,79.20833333333333,0.5,27.629166666666666,True,Minggu
,2023-10-23,,32836.0,81.45833333333333,0.9,27.179166666666664,False,Senin
,2023-10-24,,32836.0,86.75,11.9,26.329166666666666,False,Selasa
,2023-10-25,,32836.0,88.29166666666667,7.8,26.233333333333334,False,Rabu
,2023-10-26,,32836.0,86.04166666666667,6.3,26.454166666666666,False,Kamis
,2023-10-27,,32836.0,88.20833333333333,8.700000000000001,26.141666666666666,False,Jumat
,2023-10-28,,32836.0,88.58333333333333,24.0,25.775000000000002,True,Sabtu
,2023-10-29,,32836.0,89.54166666666667,19.9,25.695833333333336,True,Minggu
,2023-10-30,,32836.0,82.125,1.7999999999999998,26.270833333333332,False,Senin
,2023-10-31,,32836.0,78.375,0.1,26.27916666666667,False,Selasa
,2023-11-01,,32836.0,80.66666666666667,2.7,26.599999999999998,False,Rabu
,2023-11-02,,32836.0,81.54166666666667,3.4,26.270833333333332,False,Kamis
,2023-11-03,,32836.0,74.95833333333333,0.7,26.9375,False,Jumat
,2023-11-04,,32836.0,70.625,0.0,27.429166666666664,True,Sabtu
,2023-11-05,,32836.0,71.95833333333333,0.0,27.083333333333332,True,Minggu
,2023-11-06,,32836.0,70.875,2.0,27.662499999999998,False,Senin
,2023-11-07,,32836.0,76.45833333333333,1.3,27.204166666666666,False,Selasa
,2023-11-08,,32836.0,77.875,1.2,27.429166666666664,False,Rabu
,2023-11-09,,32836.0,74.58333333333333,0.4,27.308333333333334,False,Kamis
,2023-11-10,,32836.0,74.875,1.9,27.645833333333332,False,Jumat
,2023-11-11,,32836.0,75.45833333333333,1.4,27.72083333333333,True,Sabtu
,2023-11-12,,32836.0,72.875,0.9,27.941666666666666,True,Minggu
,2023-11-13,,32836.0,78.70833333333333,4.0,27.40416666666667,False,Senin
,2023-11-14,,32836.0,80.70833333333333,3.7,27.066666666666666,False,Selasa
,2023-11-15,,32836.0,81.04166666666667,33.2,27.329166666666666,False,Rabu
,2023-11-16,,32836.0,81.95833333333333,6.5,27.545833333333334,False,Kamis
,2023-11-17,,32836.0,84.83333333333333,9.1,26.816666666666666,False,Jumat
,2023-11-18,,32836.0,83.79166666666667,5.1,26.900000000000002,True,Sabtu
,2023-11-19,,32836.0,85.91666666666667,8.1,26.516666666666666,True,Minggu
,2023-11-20,,32836.0,85.625,9.4,26.441666666666666,False,Senin
,2023-11-21,,32836.0,83.375,1.8,27.008333333333336,False,Selasa
,2023-11-22,,32836.0,85.0,5.9,27.083333333333332,False,Rabu
,2023-11-23,,32836.0,83.875,2.5000000000000004,26.974999999999998,False,Kamis
,2023-11-24,,32836.0,85.45833333333333,2.2,26.829166666666666,False,Jumat
,2023-11-25,,32836.0,81.375,1.6,27.175,True,Sabtu
,2023-11-26,,32836.0,83.04166666666667,3.6,27.1125,True,Minggu
,2023-11-27,,32836.0,81.58333333333333,3.0,27.28333333333333,False,Senin
,2023-11-28,,32836.0,81.91666666666667,0.7000000000000001,26.925,False,Selasa
,2023-11-29,,32836.0,81.375,20.8,27.558333333333334,False,Rabu
,2023-11-30,,32836.0,86.33333333333333,7.7,26.420833333333334,False,Kamis
,2023-12-01,,32836.0,83.125,7.8,27.504166666666666,False,Jumat
,2023-12-02,,32836.0,85.04166666666667,8.3,27.03333333333333,True,Sabtu
,2023-12-03,,32836.0,87.16666666666667,14.9,26.6875,True,Minggu
,2023-12-04,,32836.0,86.08333333333333,5.8,26.9875,False,Senin
,2023-12-05,,32836.0,85.04166666666667,1.1,27.099999999999998,False,Selasa
,2023-12-06,,32836.0,87.75,15.200000000000001,26.912499999999998,False,Rabu
,2023-12-07,,32836.0,86.41666666666667,12.0,26.816666666666666,False,Kamis
,2023-12-08,,32836.0,83.16666666666667,0.0,27.95,False,Jumat
,2023-12-09,,32836.0,82.66666666666667,2.9,27.766666666666666,True,Sabtu
,2023-12-10,,32836.0,79.91666666666667,0.2,28.087500000000002,True,Minggu
,2023-12-11,,32836.0,76.83333333333333,0.4,28.662499999999998,False,Senin
,2023-12-12,,32836.0,84.625,12.200000000000001,27.425,False,Selasa
,2023-12-13,,32836.0,75.79166666666667,1.9000000000000001,27.804166666666664,False,Rabu
,2023-12-14,,32836.0,71.625,0.5,27.829166666666666,False,Kamis
,2023-12-15,,32836.0,75.16666666666667,0.1,27.629166666666666,False,Jumat
,2023-12-16,,32836.0,76.45833333333333,3.1,27.412499999999998,True,Sabtu
,2023-12-17,,32836.0,83.91666666666667,4.8,26.458333333333332,True,Minggu
,2023-12-18,,32836.0,81.125,1.2,27.2375,False,Senin
,2023-12-19,,32836.0,80.58333333333333,2.1,27.375,False,Selasa
,2023-12-20,,32836.0,79.875,4.1000000000000005,27.4875,False,Rabu
,2023-12-21,,32836.0,83.75,4.2,26.745833333333334,False,Kamis
,2023-12-22,,32836.0,82.0,1.5,26.620833333333334,False,Jumat
,2023-12-23,,32836.0,80.33333333333333,0.8,27.045833333333334,True,Sabtu
,2023-12-24,,32836.0,78.41666666666667,2.3,27.254166666666666,True,Minggu
,2023-12-25,,32836.0,75.83333333333333,3.0,28.133333333333336,True,Senin
,2023-12-26,,32836.0,77.16666666666667,0.8,27.912499999999998,False,Selasa
,2023-12-27,,32836.0,77.70833333333333,2.5,27.97083333333333,False,Rabu
,2023-12-28,,32836.0,81.25,2.3000000000000003,27.391666666666666,False,Kamis
,2023-12-29,,32836.0,81.29166666666667,3.7,27.075,False,Jumat
,2023-12-30,,32836.0,77.45833333333333,1.3,27.724999999999998,True,Sabtu
,2023-12-31,,32836.0,71.33333333333333,1.3,28.183333333333334,True,Minggu
,2024-01-01,,32836.0,73.375,0.1,28.400000000000002,True,Senin
,2024-01-02,,32836.0,77.58333333333333,2.0,28.087500000000002,False,Selasa
,2024-01-03,,32836.0,82.125,4.4,27.09166666666667,False,Rabu
,2024-01-04,,32836.0,79.91666666666667,3.6,27.22083333333333,False,Kamis
,2024-01-05,,32836.0,82.75,2.2,26.704166666666666,False,Jumat
,2024-01-06,,32836.0,82.04166666666667,7.9,26.945833333333336,True,Sabtu
,2024-01-07,,32836.0,79.125,1.7999999999999998,27.275000000000002,True,Minggu
,2024-01-08,,32836.0,77.125,1.7,27.304166666666664,False,Senin
,2024-01-09,,32836.0,77.95833333333333,1.2000000000000002,27.366666666666664,False,Selasa
,2024-01-10,,32836.0,73.5,0.2,27.979166666666668,False,Rabu
,2024-01-11,,32836.0,75.29166666666667,3.2,28.083333333333332,False,Kamis
,2024-01-12,,32836.0,78.75,11.6,27.900000000000002,False,Jumat
,2024-01-13,,32836.0,83.79166666666667,18.3,26.858333333333334,True,Sabtu
,2024-01-14,,32836.0,79.75,9.4,27.120833333333334,True,Minggu
,2024-01-15,,32836.0,91.625,19.3,24.683333333333334,False,Senin
,2024-01-16,,32836.0,81.625,1.6,26.870833333333334,False,Selasa
,2024-01-17,,32836.0,85.0,11.4,26.625,False,Rabu
,2024-01-18,,32836.0,87.41666666666667,15.299999999999999,25.854166666666668,False,Kamis
,2024-01-19,,32836.0,81.33333333333333,7.1,26.741666666666664,False,Jumat
,2024-01-20,,32836.0,85.66666666666667,6.9,26.616666666666664,True,Sabtu
,2024-01-21,,32836.0,80.41666666666667,2.6,27.433333333333334,True,Minggu
,2024-01-22,,32836.0,83.04166666666667,2.1,26.920833333333334,False,Senin
,2024-01-23,,32836.0,82.75,2.4,26.758333333333336,False,Selasa
,2024-01-24,,32836.0,85.83333333333333,9.4,25.9875,False,Rabu
,2024-01-25,,32836.0,81.91666666666667,1.7000000000000002,26.55,False,Kamis
,2024-01-26,,32836.0,78.75,3.1999999999999997,27.054166666666664,False,Jumat
,2024-01-27,,32836.0,77.33333333333333,2.4000000000000004,27.191666666666666,True,Sabtu
,2024-01-28,,32836.0,78.08333333333333,1.3,27.358333333333334,True,Minggu
,2024-01-29,,32836.0,76.875,3.1,27.724999999999998,False,Senin
,2024-01-30,,32836.0,80.16666666666667,4.3999999999999995,27.133333333333336,False,Selasa
,2024-01-31,,32836.0,82.125,2.8,26.945833333333336,False,Rabu
,2024-02-01,,32836.0,80.29166666666667,2.0,26.90833333333333,False,Kamis
,2024-02-02,,32836.0,78.41666666666667,0.9,27.270833333333332,False,Jumat
,2024-02-03,,32836.0,78.04166666666667,2.9,27.59166666666667,True,Sabtu
,2024-02-04,,32836.0,88.29166666666667,31.2,25.7625,True,Minggu
,2024-02-05,,32836.0,86.125,9.5,26.09166666666667,False,Senin
,2024-02-06,,32836.0,85.41666666666667,12.7,26.379166666666666,False,Selasa
,2024-02-07,,32836.0,80.125,0.8,26.870833333333334,False,Rabu
,2024-02-08,,32836.0,79.625,9.4,26.991666666666664,True,Kamis
,2024-02-09,,32836.0,78.125,2.7,27.03333333333333,False,Jumat
,2024-02-10,,32836.0,80.66666666666667,1.4000000000000001,27.025000000000002,True,Sabtu
,2024-02-11,,32836.0,75.375,0.5,27.629166666666666,True,Minggu
,2024-02-12,,32836.0,76.875,8.5,27.166666666666668,False,Senin
,2024-02-13,,32836.0,80.33333333333333,1.8,26.641666666666666,False,Selasa
,2024-02-14,,32836.0,79.25,3.1,26.883333333333336,True,Rabu
,2024-02-15,,32836.0,73.125,0.0,27.46666666666667,False,Kamis
,2024-02-16,,32836.0,70.83333333333333,0.0,27.004166666666666,False,Jumat
,2024-02-17,,32836.0,63.875,0.0,27.55,True,Sabtu
,2024-02-18,,32836.0,60.583333333333336,0.0,27.28333333333333,True,Minggu
,2024-02-19,,32836.0,66.16666666666667,0.0,27.620833333333334,False,Senin
,2024-02-20,,32836.0,68.75,0.0,28.141666666666666,False,Selasa
,2024-02-21,,32836.0,72.79166666666667,0.30000000000000004,27.941666666666666,False,Rabu
,2024-02-22,,32836.0,81.66666666666667,2.3,26.620833333333334,False,Kamis
,2024-02-23,,32836.0,82.16666666666667,2.7,26.645833333333332,False,Jumat
,2024-02-24,,32836.0,81.91666666666667,0.4,26.78333333333333,True,Sabtu
,2024-02-25,,32836.0,78.95833333333333,3.6,27.054166666666664,True,Minggu
,2024-02-26,,32836.0,68.29166666666667,1.9,27.712500000000002,False,Senin
,2024-02-27,,32836.0,68.0,0.0,27.21666666666667,False,Selasa
,2024-02-28,,32836.0,68.25,0.1,27.358333333333334,False,Rabu
,2024-02-29,,32836.0,66.75,0.0,27.320833333333336,False,Kamis
202308.0,2023-08-01,kci commuter bandara,5550.0,67.125,0.0,27.7,False,Selasa
202308.0,2023-08-02,kci commuter bandara,5632.0,78.41666666666667,10.4,27.0625,False,Rabu
202308.0,2023-08-03,kci commuter bandara,5568.0,79.95833333333333,2.4,27.308333333333334,False,Kamis
202308.0,2023-08-04,kci commuter bandara,6195.0,76.66666666666667,0.1,27.979166666666668,False,Jumat
202308.0,2023-08-05,kci commuter bandara,5257.0,73.04166666666667,0.0,27.729166666666668,True,Sabtu
202308.0,2023-08-06,kci commuter bandara,5305.0,71.83333333333333,0.4,27.320833333333336,True,Minggu
202308.0,2023-08-07,kci commuter bandara,5676.0,75.95833333333333,1.0,27.21666666666667,False,Senin
202308.0,2023-08-08,kci commuter bandara,5450.0,76.75,2.2,27.429166666666664,False,Selasa
202308.0,2023-08-09,kci commuter bandara,5816.0,76.0,0.1,27.504166666666666,False,Rabu
202308.0,2023-08-10,kci commuter bandara,5846.0,75.75,2.6,26.983333333333334,False,Kamis
202308.0,2023-08-11,kci commuter bandara,6670.0,76.75,1.0,26.808333333333334,False,Jumat
202308.0,2023-08-12,kci commuter bandara,5321.0,69.95833333333333,0.2,27.337500000000002,True,Sabtu
202308.0,2023-08-13,kci commuter bandara,5178.0,69.91666666666667,1.0,26.9875,True,Minggu
202308.0,2023-08-14,kci commuter bandara,5884.0,72.625,0.2,27.354166666666668,False,Senin
202308.0,2023-08-15,kci commuter bandara,5548.0,71.25,0.6000000000000001,27.479166666666668,False,Selasa
202308.0,2023-08-16,kci commuter bandara,6715.0,69.875,0.1,27.84166666666667,False,Rabu
202308.0,2023-08-17,kci commuter bandara,5172.0,64.91666666666667,0.0,27.96666666666667,True,Kamis
202308.0,2023-08-18,kci commuter bandara,5314.0,64.95833333333333,0.4,27.920833333333334,False,Jumat
202308.0,2023-08-19,kci commuter bandara,4938.0,67.375,0.0,28.150000000000002,True,Sabtu
202308.0,2023-08-20,kci commuter bandara,5902.0,67.70833333333333,0.2,28.633333333333336,True,Minggu
202308.0,2023-08-21,kci commuter bandara,6525.0,67.625,0.0,28.004166666666666,False,Senin
202308.0,2023-08-22,kci commuter bandara,5754.0,66.66666666666667,0.1,27.787499999999998,False,Selasa
202308.0,2023-08-23,kci commuter bandara,6223.0,65.41666666666667,0.6,28.070833333333336,False,Rabu
202308.0,2023-08-24,kci commuter bandara,6192.0,69.375,0.6,28.129166666666666,False,Kamis
202308.0,2023-08-25,kci commuter bandara,6992.0,73.625,1.0,28.045833333333334,False,Jumat
202308.0,2023-08-26,kci commuter bandara,5730.0,74.66666666666667,2.1,27.983333333333334,True,Sabtu
202308.0,2023-08-27,kci commuter bandara,5679.0,78.83333333333333,1.9,26.912499999999998,True,Minggu
202308.0,2023-08-28,kci commuter bandara,6313.0,79.66666666666667,4.300000000000001,26.308333333333334,False,Senin
202308.0,2023-08-29,kci commuter bandara,5931.0,72.29166666666667,0.0,27.47083333333333,False,Selasa
202308.0,2023-08-30,kci commuter bandara,32836.0,70.875,0.0,27.47083333333333,False,Rabu
202308.0,2023-08-31,kci commuter bandara,32836.0,68.875,0.0,27.599999999999998,False,Kamis
202309.0,2023-09-01,kci commuter bandara,6812.0,71.04166666666667,0.0,27.49166666666667,False,Jumat
202309.0,2023-09-02,kci commuter bandara,5652.0,73.5,3.0,27.416666666666668,True,Sabtu
202309.0,2023-09-03,kci commuter bandara,5817.0,69.58333333333333,0.1,27.641666666666666,True,Minggu
202309.0,2023-09-04,kci commuter bandara,6113.0,58.916666666666664,0.0,27.195833333333336,False,Senin
202309.0,2023-09-05,kci commuter bandara,5667.0,63.5,0.0,26.979166666666668,False,Selasa
202309.0,2023-09-06,kci commuter bandara,6297.0,63.291666666666664,0.2,27.849999999999998,False,Rabu
202309.0,2023-09-07,kci commuter bandara,6175.0,67.33333333333333,0.0,28.166666666666668,False,Kamis
202309.0,2023-09-08,kci commuter bandara,6856.0,72.54166666666667,3.9,27.941666666666666,False,Jumat
202309.0,2023-09-09,kci commuter bandara,5537.0,76.70833333333333,1.2000000000000002,27.333333333333332,True,Sabtu
202309.0,2023-09-10,kci commuter bandara,5845.0,73.95833333333333,1.5,27.474999999999998,True,Minggu
202309.0,2023-09-11,kci commuter bandara,6011.0,68.95833333333333,0.2,28.129166666666666,False,Senin
202309.0,2023-09-12,kci commuter bandara,5406.0,64.08333333333333,0.0,28.575,False,Selasa
202309.0,2023-09-13,kci commuter bandara,6109.0,66.875,0.0,28.474999999999998,False,Rabu
202309.0,2023-09-14,kci commuter bandara,5924.0,63.666666666666664,1.2,28.183333333333334,False,Kamis
202309.0,2023-09-15,kci commuter bandara,6544.0,66.875,0.0,28.025000000000002,False,Jumat
202309.0,2023-09-16,kci commuter bandara,5542.0,66.0,0.1,28.233333333333334,True,Sabtu
202309.0,2023-09-17,kci commuter bandara,5680.0,67.58333333333333,0.5,28.462500000000002,True,Minggu
202309.0,2023-09-18,kci commuter bandara,6227.0,67.45833333333333,3.6999999999999997,28.520833333333332,False,Senin
202309.0,2023-09-19,kci commuter bandara,5645.0,78.25,5.9,27.55,False,Selasa
202309.0,2023-09-20,kci commuter bandara,6291.0,74.0,0.6,27.9375,False,Rabu
202309.0,2023-09-21,kci commuter bandara,6167.0,76.58333333333333,1.4,27.541666666666668,False,Kamis
202309.0,2023-09-22,kci commuter bandara,7468.0,67.54166666666667,0.0,28.1125,False,Jumat
202309.0,2023-09-23,kci commuter bandara,5851.0,68.625,0.6000000000000001,27.337500000000002,True,Sabtu
202309.0,2023-09-24,kci commuter bandara,5948.0,68.54166666666667,0.7,27.820833333333336,True,Minggu
202309.0,2023-09-25,kci commuter bandara,6458.0,66.625,0.4,28.170833333333334,False,Senin
202309.0,2023-09-26,kci commuter bandara,6234.0,60.25,0.0,28.65416666666667,False,Selasa
202309.0,2023-09-27,kci commuter bandara,7510.0,57.0,0.0,28.616666666666664,False,Rabu
202309.0,2023-09-28,kci commuter bandara,6663.0,52.416666666666664,0.0,29.291666666666668,True,Kamis
202309.0,2023-09-29,kci commuter bandara,5945.0,63.541666666666664,0.2,28.84583333333333,False,Jumat
202309.0,2023-09-30,kci commuter bandara,0.0,70.0,2.3,27.854166666666668,True,Sabtu
202310.0,2023-10-01,kci commuter bandara,6805.0,72.54166666666667,0.0,28.287499999999998,True,Minggu
202310.0,2023-10-02,kci commuter bandara,6804.0,65.16666666666667,0.7,28.545833333333334,False,Senin
202310.0,2023-10-03,kci commuter bandara,6009.0,63.375,0.4,28.6125,False,Selasa
202310.0,2023-10-04,kci commuter bandara,6218.0,70.79166666666667,0.7,28.28333333333333,False,Rabu
202310.0,2023-10-05,kci commuter bandara,6051.0,73.29166666666667,0.1,28.6125,False,Kamis
202310.0,2023-10-06,kci commuter bandara,6928.0,74.79166666666667,2.9000000000000004,28.329166666666666,False,Jumat
202310.0,2023-10-07,kci commuter bandara,5678.0,72.54166666666667,1.0,28.75,True,Sabtu
202310.0,2023-10-08,kci commuter bandara,5810.0,69.54166666666667,0.6,28.958333333333332,True,Minggu
202310.0,2023-10-09,kci commuter bandara,6024.0,72.70833333333333,3.4000000000000004,28.537499999999998,False,Senin
202310.0,2023-10-10,kci commuter bandara,5937.0,72.375,2.5,28.766666666666666,False,Selasa
202310.0,2023-10-11,kci commuter bandara,6110.0,75.0,5.1,28.541666666666668,False,Rabu
202310.0,2023-10-12,kci commuter bandara,6016.0,72.125,1.1,28.662499999999998,False,Kamis
202310.0,2023-10-13,kci commuter bandara,6646.0,74.58333333333333,4.8,28.34166666666667,False,Jumat
202310.0,2023-10-14,kci commuter bandara,5516.0,71.41666666666667,1.2,28.775000000000002,True,Sabtu
202310.0,2023-10-15,kci commuter bandara,5678.0,67.91666666666667,5.4,28.795833333333334,True,Minggu
202310.0,2023-10-16,kci commuter bandara,6229.0,67.20833333333333,0.1,29.108333333333334,False,Senin
202310.0,2023-10-17,kci commuter bandara,6041.0,62.291666666666664,0.8,29.645833333333332,False,Selasa
202310.0,2023-10-18,kci commuter bandara,6338.0,59.333333333333336,0.0,29.46666666666667,False,Rabu
202310.0,2023-10-19,kci commuter bandara,6083.0,62.375,0.0,29.379166666666666,False,Kamis
202310.0,2023-10-20,kci commuter bandara,6905.0,72.41666666666667,4.2,28.420833333333334,False,Jumat
202310.0,2023-10-21,kci commuter bandara,5098.0,71.79166666666667,0.9,28.941666666666666,True,Sabtu
202310.0,2023-10-22,kci commuter bandara,5704.0,74.04166666666667,1.8,28.84583333333333,True,Minggu
202310.0,2023-10-23,kci commuter bandara,6002.0,70.0,1.4,28.900000000000002,False,Senin
202310.0,2023-10-24,kci commuter bandara,5826.0,75.58333333333333,9.5,27.650000000000002,False,Selasa
202310.0,2023-10-25,kci commuter bandara,0.0,80.33333333333333,4.1,26.97083333333333,False,Rabu
202310.0,2023-10-26,kci commuter bandara,0.0,75.625,1.8,28.5,False,Kamis
202310.0,2023-10-27,kci commuter bandara,0.0,72.54166666666667,0.4,28.849999999999998,False,Jumat
202310.0,2023-10-28,kci commuter bandara,0.0,66.25,0.0,29.145833333333332,True,Sabtu
202310.0,2023-10-29,kci commuter bandara,0.0,64.5,0.0,29.037499999999998,True,Minggu
202310.0,2023-10-30,kci commuter bandara,0.0,66.33333333333333,0.0,29.083333333333332,False,Senin
202310.0,2023-10-31,kci commuter bandara,0.0,72.04166666666667,2.2,28.791666666666668,False,Selasa
202311.0,2023-11-01,kci commuter bandara,6307.0,80.16666666666667,8.7,27.90833333333333,False,Rabu
202311.0,2023-11-02,kci commuter bandara,6285.0,79.625,2.8000000000000003,28.1375,False,Kamis
202311.0,2023-11-03,kci commuter bandara,7298.0,79.33333333333333,15.5,28.058333333333334,False,Jumat
202311.0,2023-11-04,kci commuter bandara,5631.0,81.83333333333333,6.4,27.150000000000002,True,Sabtu
202311.0,2023-11-05,kci commuter bandara,6273.0,84.20833333333333,2.8,26.733333333333334,True,Minggu
202311.0,2023-11-06,kci commuter bandara,6395.0,77.0,1.2,28.183333333333334,False,Senin
202311.0,2023-11-07,kci commuter bandara,6221.0,74.33333333333333,0.5,28.575,False,Selasa
202311.0,2023-11-08,kci commuter bandara,6592.0,76.79166666666667,0.9,28.358333333333334,False,Rabu
202311.0,2023-11-09,kci commuter bandara,6391.0,79.29166666666667,8.7,28.1375,False,Kamis
202311.0,2023-11-10,kci commuter bandara,7804.0,79.54166666666667,6.6,28.166666666666668,False,Jumat
202311.0,2023-11-11,kci commuter bandara,5671.0,81.0,7.8999999999999995,27.379166666666666,True,Sabtu
202311.0,2023-11-12,kci commuter bandara,6399.0,77.91666666666667,2.1,27.837500000000002,True,Minggu
202311.0,2023-11-13,kci commuter bandara,6230.0,78.45833333333333,4.3,28.05,False,Senin
202311.0,2023-11-14,kci commuter bandara,6841.0,83.75,26.3,27.041666666666668,False,Selasa
202311.0,2023-11-15,kci commuter bandara,7387.0,82.0,3.0999999999999996,27.833333333333332,False,Rabu
202311.0,2023-11-16,kci commuter bandara,6713.0,79.70833333333333,6.9,28.0,False,Kamis
202311.0,2023-11-17,kci commuter bandara,7560.0,84.0,3.0,27.575,False,Jumat
202311.0,2023-11-18,kci commuter bandara,6284.0,80.91666666666667,3.7,27.808333333333334,True,Sabtu
202311.0,2023-11-19,kci commuter bandara,6635.0,79.70833333333333,36.5,28.320833333333336,True,Minggu
202311.0,2023-11-20,kci commuter bandara,6627.0,80.20833333333333,12.8,27.8875,False,Senin
202311.0,2023-11-21,kci commuter bandara,6273.0,82.125,5.3,27.599999999999998,False,Selasa
202311.0,2023-11-22,kci commuter bandara,6746.0,82.0,8.2,27.52916666666667,False,Rabu
202311.0,2023-11-23,kci commuter bandara,6570.0,80.33333333333333,4.699999999999999,27.791666666666668,False,Kamis
202311.0,2023-11-24,kci commuter bandara,7443.0,87.20833333333333,22.2,26.6875,False,Jumat
202311.0,2023-11-25,kci commuter bandara,5605.0,90.79166666666667,10.299999999999999,25.479166666666668,True,Sabtu
202311.0,2023-11-26,kci commuter bandara,6078.0,82.95833333333333,5.1,26.991666666666664,True,Minggu
202311.0,2023-11-27,kci commuter bandara,6486.0,88.95833333333333,15.899999999999999,25.483333333333334,False,Senin
202311.0,2023-11-28,kci commuter bandara,6079.0,87.125,7.7,26.441666666666666,False,Selasa
202311.0,2023-11-29,kci commuter bandara,0.0,85.58333333333333,15.1,26.900000000000002,False,Rabu
202311.0,2023-11-30,kci commuter bandara,0.0,87.375,21.7,26.52916666666667,False,Kamis
202312.0,2023-12-01,kci commuter bandara,6307.0,90.91666666666667,11.3,25.541666666666668,False,Jumat
202312.0,2023-12-02,kci commuter bandara,6285.0,84.83333333333333,13.100000000000001,27.116666666666664,True,Sabtu
202312.0,2023-12-03,kci commuter bandara,7298.0,87.08333333333333,17.2,26.275000000000002,True,Minggu
202312.0,2023-12-04,kci commuter bandara,5631.0,89.20833333333333,14.5,26.041666666666668,False,Senin
202312.0,2023-12-05,kci commuter bandara,6273.0,85.20833333333333,3.1,27.162499999999998,False,Selasa
202312.0,2023-12-06,kci commuter bandara,6395.0,83.75,3.9,27.162499999999998,False,Rabu
202312.0,2023-12-07,kci commuter bandara,6221.0,85.04166666666667,8.5,27.133333333333336,False,Kamis
202312.0,2023-12-08,kci commuter bandara,6592.0,84.16666666666667,6.4,27.099999999999998,False,Jumat
202312.0,2023-12-09,kci commuter bandara,6391.0,86.0,6.3999999999999995,26.954166666666666,True,Sabtu
202312.0,2023-12-10,kci commuter bandara,7804.0,84.625,1.1,27.133333333333336,True,Minggu
202312.0,2023-12-11,kci commuter bandara,6343.0,79.45833333333333,0.6000000000000001,27.916666666666668,False,Senin
202312.0,2023-12-12,kci commuter bandara,6162.0,81.45833333333333,3.3,27.579166666666666,False,Selasa
202312.0,2023-12-13,kci commuter bandara,6864.0,73.04166666666667,0.2,27.920833333333334,False,Rabu
202312.0,2023-12-14,kci commuter bandara,6379.0,71.04166666666667,0.30000000000000004,28.620833333333334,False,Kamis
202312.0,2023-12-15,kci commuter bandara,7195.0,72.45833333333333,0.0,28.40833333333333,False,Jumat
202312.0,2023-12-16,kci commuter bandara,5636.0,70.83333333333333,0.1,28.425,True,Sabtu
202312.0,2023-12-17,kci commuter bandara,5457.0,70.79166666666667,0.0,28.6375,True,Minggu
202312.0,2023-12-18,kci commuter bandara,6293.0,70.0,0.0,29.025000000000002,False,Senin
202312.0,2023-12-19,kci commuter bandara,6293.0,66.625,0.0,29.15416666666667,False,Selasa
202312.0,2023-12-20,kci commuter bandara,6704.0,63.291666666666664,0.0,28.704166666666666,False,Rabu
202312.0,2023-12-21,kci commuter bandara,7226.0,62.791666666666664,0.0,28.233333333333334,False,Kamis
202312.0,2023-12-22,kci commuter bandara,9157.0,67.41666666666667,0.0,28.462500000000002,False,Jumat
202312.0,2023-12-23,kci commuter bandara,8070.0,70.875,1.4000000000000001,29.054166666666664,True,Sabtu
202312.0,2023-12-24,kci commuter bandara,5700.0,78.83333333333333,8.1,28.09583333333333,True,Minggu
202312.0,2023-12-25,kci commuter bandara,5179.0,84.95833333333333,13.6,26.8625,True,Senin
202312.0,2023-12-26,kci commuter bandara,5891.0,86.625,8.3,26.241666666666664,False,Selasa
202312.0,2023-12-27,kci commuter bandara,6005.0,85.70833333333333,11.1,26.958333333333332,False,Rabu
202312.0,2023-12-28,kci commuter bandara,5636.0,84.20833333333333,16.3,27.425,False,Kamis
202312.0,2023-12-29,kci commuter bandara,6430.0,86.95833333333333,7.9,27.454166666666666,False,Jumat
202312.0,2023-12-30,kci commuter bandara,5610.0,86.66666666666667,18.1,26.9875,True,Sabtu
202312.0,2023-12-31,kci commuter bandara,4792.0,87.91666666666667,19.400000000000002,26.75,True,Minggu
202401.0,2024-01-01,kci commuter bandara,6723.0,87.125,8.200000000000001,26.7375,True,Senin
202401.0,2024-01-02,kci commuter bandara,6920.0,83.66666666666667,2.5,27.391666666666666,False,Selasa
202401.0,2024-01-03,kci commuter bandara,6053.0,91.58333333333333,31.2,25.566666666666666,False,Rabu
202401.0,2024-01-04,kci commuter bandara,5804.0,92.33333333333333,81.7,25.145833333333332,False,Kamis
202401.0,2024-01-05,kci commuter bandara,5864.0,84.04166666666667,19.7,26.570833333333336,False,Jumat
202401.0,2024-01-06,kci commuter bandara,5087.0,86.04166666666667,7.1000000000000005,26.616666666666664,True,Sabtu
202401.0,2024-01-07,kci commuter bandara,5841.0,89.625,14.1,25.795833333333334,True,Minggu
202401.0,2024-01-08,kci commuter bandara,5877.0,88.91666666666667,7.0,26.25,False,Senin
202401.0,2024-01-09,kci commuter bandara,5430.0,83.58333333333333,1.1,27.129166666666666,False,Selasa
202401.0,2024-01-10,kci commuter bandara,6008.0,86.54166666666667,12.0,26.754166666666666,False,Rabu
202401.0,2024-01-11,kci commuter bandara,5789.0,86.20833333333333,8.4,26.741666666666664,False,Kamis
202401.0,2024-01-12,kci commuter bandara,6376.0,81.33333333333333,1.3,27.4375,False,Jumat
202401.0,2024-01-13,kci commuter bandara,5029.0,81.16666666666667,1.4000000000000001,27.416666666666668,True,Sabtu
202401.0,2024-01-14,kci commuter bandara,5624.0,85.25,17.2,26.745833333333334,True,Minggu
202401.0,2024-01-15,kci commuter bandara,6400.0,83.29166666666667,1.2,27.3875,False,Senin
202401.0,2024-01-16,kci commuter bandara,5659.0,79.75,0.1,27.620833333333334,False,Selasa
202401.0,2024-01-17,kci commuter bandara,5989.0,82.41666666666667,3.9999999999999996,27.116666666666664,False,Rabu
202401.0,2024-01-18,kci commuter bandara,5865.0,82.125,1.9000000000000001,27.020833333333332,False,Kamis
202401.0,2024-01-19,kci commuter bandara,6121.0,87.04166666666667,15.0,25.479166666666668,False,Jumat
202401.0,2024-01-20,kci commuter bandara,5146.0,71.79166666666667,0.0,27.941666666666666,True,Sabtu
202401.0,2024-01-21,kci commuter bandara,5341.0,77.25,9.5,27.566666666666666,True,Minggu
202401.0,2024-01-22,kci commuter bandara,5859.0,72.41666666666667,0.2,27.983333333333334,False,Senin
202401.0,2024-01-23,kci commuter bandara,5836.0,73.16666666666667,0.1,28.27916666666667,False,Selasa
202401.0,2024-01-24,kci commuter bandara,6403.0,76.75,2.0,27.65416666666667,False,Rabu
202401.0,2024-01-25,kci commuter bandara,6392.0,76.70833333333333,1.3,27.97083333333333,False,Kamis
202401.0,2024-01-26,kci commuter bandara,6716.0,85.08333333333333,5.1,26.504166666666666,False,Jumat
202401.0,2024-01-27,kci commuter bandara,4922.0,87.70833333333333,29.799999999999997,25.84166666666667,True,Sabtu
202401.0,2024-01-28,kci commuter bandara,5470.0,89.375,30.099999999999998,25.504166666666666,True,Minggu
202401.0,2024-01-29,kci commuter bandara,6307.0,90.33333333333333,27.4,25.625,False,Senin
202401.0,2024-01-30,kci commuter bandara,5920.0,86.91666666666667,14.5,26.125,False,Selasa
202401.0,2024-01-31,kci commuter bandara,6602.0,89.125,18.7,25.9875,False,Rabu
202402.0,2024-02-01,kci commuter bandara,6062.0,87.04166666666667,16.2,26.59166666666667,False,Kamis
202402.0,2024-02-02,kci commuter bandara,6602.0,85.41666666666667,10.6,26.954166666666666,False,Jumat
202402.0,2024-02-03,kci commuter bandara,5495.0,88.75,15.6,25.945833333333336,True,Sabtu
202402.0,2024-02-04,kci commuter bandara,5120.0,84.95833333333333,5.1000000000000005,26.679166666666664,True,Minggu
202402.0,2024-02-05,kci commuter bandara,5914.0,87.75,5.8999999999999995,26.2375,False,Senin
202402.0,2024-02-06,kci commuter bandara,5682.0,89.08333333333333,7.2,25.7375,False,Selasa
202402.0,2024-02-07,kci commuter bandara,8389.0,85.125,6.1,26.366666666666664,False,Rabu
202402.0,2024-02-08,kci commuter bandara,6822.0,82.16666666666667,3.9,26.96666666666667,True,Kamis
202402.0,2024-02-09,kci commuter bandara,5147.0,83.70833333333333,3.5,27.266666666666666,False,Jumat
202402.0,2024-02-10,kci commuter bandara,5276.0,86.75,6.2,26.429166666666664,True,Sabtu
202402.0,2024-02-11,kci commuter bandara,6142.0,84.0,12.8,26.683333333333334,True,Minggu
202402.0,2024-02-12,kci commuter bandara,5757.0,83.79166666666667,5.7,26.870833333333334,False,Senin
202402.0,2024-02-13,kci commuter bandara,5588.0,85.45833333333333,12.1,26.858333333333334,False,Selasa
202402.0,2024-02-14,kci commuter bandara,4357.0,87.75,18.0,26.454166666666666,True,Rabu
202402.0,2024-02-15,kci commuter bandara,5568.0,87.0,7.300000000000001,27.09583333333333,False,Kamis
202402.0,2024-02-16,kci commuter bandara,5712.0,89.0,8.8,26.5,False,Jumat
202402.0,2024-02-17,kci commuter bandara,4737.0,88.66666666666667,19.7,26.162499999999998,True,Sabtu
202402.0,2024-02-18,kci commuter bandara,5568.0,86.83333333333333,2.0,26.795833333333334,True,Minggu
202402.0,2024-02-19,kci commuter bandara,6108.0,85.5,3.6,27.087500000000002,False,Senin
202402.0,2024-02-20,kci commuter bandara,5845.0,82.95833333333333,0.7,27.6875,False,Selasa
202402.0,2024-02-21,kci commuter bandara,5924.0,86.25,11.1,27.037499999999998,False,Rabu
202402.0,2024-02-22,kci commuter bandara,5971.0,80.83333333333333,0.2,27.97083333333333,False,Kamis
202402.0,2024-02-23,kci commuter bandara,6573.0,75.20833333333333,1.9,28.7,False,Jumat
202402.0,2024-02-24,kci commuter bandara,5377.0,86.95833333333333,13.200000000000001,26.758333333333336,True,Sabtu
202402.0,2024-02-25,kci commuter bandara,5302.0,88.625,21.6,26.320833333333336,True,Minggu
202402.0,2024-02-26,kci commuter bandara,6437.0,84.875,6.8,27.120833333333334,False,Senin
202402.0,2024-02-27,kci commuter bandara,5991.0,84.08333333333333,3.5,27.21666666666667,False,Selasa
202402.0,2024-02-28,kci commuter bandara,6801.0,88.66666666666667,34.1,25.691666666666666,False,Rabu
202402.0,2024-02-29,kci commuter bandara,7184.0,88.79166666666667,7.3,26.241666666666664,False,Kamis
202403.0,2024-03-01,kci commuter bandara,6603.0,85.875,13.9,27.054166666666664,False,Jumat
202403.0,2024-03-02,kci commuter bandara,5728.0,90.29166666666667,14.6,26.59166666666667,True,Sabtu
202403.0,2024-03-03,kci commuter bandara,5956.0,88.54166666666667,8.7,26.458333333333332,True,Minggu
202403.0,2024-03-04,kci commuter bandara,6720.0,82.75,9.6,27.53333333333333,False,Senin
202403.0,2024-03-05,kci commuter bandara,6497.0,80.91666666666667,14.2,27.604166666666668,False,Selasa
202403.0,2024-03-06,kci commuter bandara,7016.0,82.25,2.6,27.75,False,Rabu
202403.0,2024-03-07,kci commuter bandara,7421.0,83.95833333333333,15.5,27.358333333333334,False,Kamis
202403.0,2024-03-08,kci commuter bandara,8232.0,85.33333333333333,11.3,26.962500000000002,False,Jumat
202403.0,2024-03-09,kci commuter bandara,6028.0,91.54166666666667,11.2,25.541666666666668,True,Sabtu
202403.0,2024-03-10,kci commuter bandara,4514.0,87.58333333333333,4.5,26.3,True,Minggu
202403.0,2024-03-11,kci commuter bandara,32836.0,89.45833333333333,35.9,26.004166666666666,True,Senin
202403.0,2024-03-12,kci commuter bandara,4988.0,85.29166666666667,7.7,26.416666666666668,False,Selasa
202403.0,2024-03-13,kci commuter bandara,4830.0,88.75,21.5,25.879166666666666,False,Rabu
202403.0,2024-03-14,kci commuter bandara,4904.0,88.875,11.299999999999999,25.662499999999998,False,Kamis
202403.0,2024-03-15,kci commuter bandara,5119.0,87.54166666666667,5.8,26.212500000000002,False,Jumat
202403.0,2024-03-16,kci commuter bandara,3549.0,86.20833333333333,5.6000000000000005,25.900000000000002,True,Sabtu
202403.0,2024-03-17,kci commuter bandara,3836.0,84.125,5.0,26.391666666666666,True,Minggu
202403.0,2024-03-18,kci commuter bandara,5082.0,77.91666666666667,1.0,27.462500000000002,False,Senin
202403.0,2024-03-19,kci commuter bandara,4782.0,73.41666666666667,0.2,27.974999999999998,False,Selasa
202403.0,2024-03-20,kci commuter bandara,5256.0,72.83333333333333,0.0,27.504166666666666,False,Rabu
202403.0,2024-03-21,kci commuter bandara,4991.0,82.66666666666667,2.9,26.4875,False,Kamis
202403.0,2024-03-22,kci commuter bandara,6554.0,88.625,9.0,25.958333333333332,False,Jumat
202403.0,2024-03-23,kci commuter bandara,4057.0,83.5,4.3,27.608333333333334,True,Sabtu
202403.0,2024-03-24,kci commuter bandara,3864.0,84.33333333333333,6.6,27.087500000000002,True,Minggu
202403.0,2024-03-25,kci commuter bandara,5498.0,87.875,12.299999999999999,26.516666666666666,False,Senin
202403.0,2024-03-26,kci commuter bandara,5614.0,83.33333333333333,2.5,27.279166666666665,False,Selasa
202403.0,2024-03-27,kci commuter bandara,6084.0,89.33333333333333,16.3,26.34583333333333,False,Rabu
202403.0,2024-03-28,kci commuter bandara,7033.0,87.45833333333333,5.7,26.7625,False,Kamis
202403.0,2024-03-29,kci commuter bandara,5018.0,85.08333333333333,5.2,26.995833333333334,True,Jumat
202403.0,2024-03-30,kci commuter bandara,4441.0,85.54166666666667,6.500000000000001,27.325,True,Sabtu
202403.0,2024-03-31,kci commuter bandara,5095.0,85.83333333333333,13.0,27.008333333333336,True,Minggu
202404.0,2024-04-01,kci commuter bandara,6124.0,86.58333333333333,2.6,27.108333333333334,False,Senin
202404.0,2024-04-02,kci commuter bandara,6088.0,87.875,11.3,27.212500000000002,False,Selasa
202404.0,2024-04-03,kci commuter bandara,7148.0,89.91666666666667,12.7,26.8,False,Rabu
202404.0,2024-04-04,kci commuter bandara,8297.0,87.125,11.0,27.270833333333332,False,Kamis
202404.0,2024-04-05,kci commuter bandara,11287.0,86.16666666666667,5.6,27.4875,False,Jumat
202404.0,2024-04-06,kci commuter bandara,10747.0,87.08333333333333,3.1,27.662499999999998,True,Sabtu
202404.0,2024-04-07,kci commuter bandara,6780.0,83.08333333333333,2.6,28.087500000000002,True,Minggu
202404.0,2024-04-08,kci commuter bandara,5574.0,80.83333333333333,0.5,28.0625,False,Senin
202404.0,2024-04-09,kci commuter bandara,4478.0,85.16666666666667,6.199999999999999,27.666666666666668,False,Selasa
202404.0,2024-04-10,kci commuter bandara,3534.0,83.83333333333333,0.8,27.5625,True,Rabu
202404.0,2024-04-11,kci commuter bandara,3777.0,86.25,8.0,27.412499999999998,True,Kamis
202404.0,2024-04-12,kci commuter bandara,4705.0,88.875,16.2,26.1875,False,Jumat
202404.0,2024-04-13,kci commuter bandara,6338.0,84.75,6.9,27.46666666666667,True,Sabtu
202404.0,2024-04-14,kci commuter bandara,8536.0,86.125,3.2,26.958333333333332,True,Minggu
202404.0,2024-04-15,kci commuter bandara,10129.0,86.375,7.6,27.275000000000002,False,Senin
202404.0,2024-04-16,kci commuter bandara,8520.0,85.25,4.7,27.741666666666664,False,Selasa
202404.0,2024-04-17,kci commuter bandara,7433.0,86.70833333333333,5.0,26.916666666666668,False,Rabu
202404.0,2024-04-18,kci commuter bandara,6743.0,87.5,5.2,26.849999999999998,False,Kamis
202404.0,2024-04-19,kci commuter bandara,7016.0,86.45833333333333,4.1,27.150000000000002,False,Jumat
202404.0,2024-04-20,kci commuter bandara,6346.0,86.95833333333333,13.7,27.22083333333333,True,Sabtu
202404.0,2024-04-21,kci commuter bandara,7306.0,89.66666666666667,24.0,26.6375,True,Minggu
202404.0,2024-04-22,kci commuter bandara,7633.0,84.91666666666667,3.3000000000000003,27.71666666666667,False,Senin
202404.0,2024-04-23,kci commuter bandara,6626.0,88.16666666666667,12.7,27.270833333333332,False,Selasa
202404.0,2024-04-24,kci commuter bandara,6489.0,86.20833333333333,9.5,27.5125,False,Rabu
202404.0,2024-04-25,kci commuter bandara,6517.0,87.58333333333333,18.3,27.079166666666666,False,Kamis
202404.0,2024-04-26,kci commuter bandara,7301.0,87.95833333333333,8.0,27.116666666666664,False,Jumat
202404.0,2024-04-27,kci commuter bandara,5716.0,89.33333333333333,27.900000000000002,26.708333333333332,True,Sabtu
202404.0,2024-04-28,kci commuter bandara,5740.0,83.70833333333333,0.30000000000000004,27.8,True,Minggu
202404.0,2024-04-29,kci commuter bandara,6162.0,80.75,3.2,28.391666666666666,False,Senin
202404.0,2024-04-30,kci commuter bandara,6248.0,85.5,8.2,27.679166666666664,False,Selasa
202405.0,2024-05-01,kci commuter bandara,5356.0,88.20833333333333,13.0,27.075,True,Rabu
202405.0,2024-05-02,kci commuter bandara,5898.0,85.875,15.5,27.570833333333336,False,Kamis
202405.0,2024-05-03,kci commuter bandara,6479.0,85.0,5.2,27.65833333333333,False,Jumat
202405.0,2024-05-04,kci commuter bandara,4990.0,81.70833333333333,0.7000000000000001,27.825,True,Sabtu
202405.0,2024-05-05,kci commuter bandara,5368.0,82.29166666666667,3.4,27.8625,True,Minggu
202405.0,2024-05-06,kci commuter bandara,6265.0,81.04166666666667,4.4,27.733333333333334,False,Senin
202405.0,2024-05-07,kci commuter bandara,5852.0,77.04166666666667,0.6000000000000001,28.416666666666668,False,Selasa
202405.0,2024-05-08,kci commuter bandara,7343.0,78.875,1.7000000000000002,28.0625,False,Rabu
202405.0,2024-05-09,kci commuter bandara,5651.0,81.75,2.7,27.7,True,Kamis
202405.0,2024-05-10,kci commuter bandara,4430.0,82.91666666666667,10.6,28.0625,False,Jumat
202405.0,2024-05-11,kci commuter bandara,4266.0,84.75,4.5,27.454166666666666,True,Sabtu
202405.0,2024-05-12,kci commuter bandara,5993.0,80.625,7.6,28.104166666666668,True,Minggu
202405.0,2024-05-13,kci commuter bandara,6153.0,88.54166666666667,28.4,27.004166666666666,False,Senin
202405.0,2024-05-14,kci commuter bandara,6428.0,88.625,4.5,26.870833333333334,False,Selasa
202405.0,2024-05-15,kci commuter bandara,6656.0,80.25,2.4,28.508333333333336,False,Rabu
202405.0,2024-05-16,kci commuter bandara,6502.0,83.54166666666667,3.9000000000000004,27.695833333333336,False,Kamis
202405.0,2024-05-17,kci commuter bandara,7443.0,80.91666666666667,0.4,28.016666666666666,False,Jumat
202405.0,2024-05-18,kci commuter bandara,5074.0,81.5,0.8,27.900000000000002,True,Sabtu
202405.0,2024-05-19,kci commuter bandara,5236.0,80.41666666666667,8.1,27.945833333333336,True,Minggu
202405.0,2024-05-20,kci commuter bandara,6223.0,78.79166666666667,0.5,28.28333333333333,False,Senin
202405.0,2024-05-21,kci commuter bandara,5867.0,79.5,7.300000000000001,28.166666666666668,False,Selasa
202405.0,2024-05-22,kci commuter bandara,7763.0,86.20833333333333,11.7,27.120833333333334,False,Rabu
202405.0,2024-05-23,kci commuter bandara,6231.0,87.75,11.2,26.650000000000002,True,Kamis
202405.0,2024-05-24,kci commuter bandara,4785.0,89.58333333333333,19.9,26.383333333333336,False,Jumat
202405.0,2024-05-25,kci commuter bandara,4509.0,94.5,36.7,24.974999999999998,True,Sabtu
202405.0,2024-05-26,kci commuter bandara,6409.0,81.29166666666667,0.1,28.0125,True,Minggu
202405.0,2024-05-27,kci commuter bandara,6338.0,82.16666666666667,0.7000000000000001,28.366666666666664,False,Senin
202405.0,2024-05-28,kci commuter bandara,6041.0,84.0,3.2,27.808333333333334,False,Selasa
202405.0,2024-05-29,kci commuter bandara,6497.0,84.375,2.1,27.53333333333333,False,Rabu
202405.0,2024-05-30,kci commuter bandara,5810.0,81.70833333333333,1.0,27.8125,False,Kamis
202405.0,2024-05-31,kci commuter bandara,6815.0,83.20833333333333,1.1,28.02916666666667,False,Jumat
202406.0,2024-06-01,kci commuter bandara,4885.0,87.625,2.4,27.316666666666666,True,Sabtu
202406.0,2024-06-02,kci commuter bandara,4932.0,87.08333333333333,14.2,27.366666666666664,True,Minggu
202406.0,2024-06-03,kci commuter bandara,5587.0,87.58333333333333,7.6,26.316666666666666,False,Senin
202406.0,2024-06-04,kci commuter bandara,5985.0,83.83333333333333,2.0,27.766666666666666,False,Selasa
202406.0,2024-06-05,kci commuter bandara,6556.0,83.66666666666667,1.1,27.53333333333333,False,Rabu
202406.0,2024-06-06,kci commuter bandara,6657.0,78.375,1.4,27.65416666666667,False,Kamis
202406.0,2024-06-07,kci commuter bandara,7241.0,80.54166666666667,0.2,27.27916666666667,False,Jumat
202406.0,2024-06-08,kci commuter bandara,5163.0,79.29166666666667,1.9000000000000001,27.479166666666668,True,Sabtu
202406.0,2024-06-09,kci commuter bandara,5202.0,86.33333333333333,12.1,26.629166666666666,True,Minggu
202406.0,2024-06-10,kci commuter bandara,6051.0,84.33333333333333,8.1,27.583333333333332,False,Senin
202406.0,2024-06-11,kci commuter bandara,6244.0,88.5,6.3,26.079166666666666,False,Selasa
202406.0,2024-06-12,kci commuter bandara,6743.0,88.75,10.1,25.895833333333332,False,Rabu
202406.0,2024-06-13,kci commuter bandara,6764.0,88.33333333333333,10.5,26.170833333333334,False,Kamis
202406.0,2024-06-14,kci commuter bandara,8450.0,84.54166666666667,8.2,27.09583333333333,False,Jumat
202406.0,2024-06-15,kci commuter bandara,5927.0,87.375,14.0,26.6875,True,Sabtu
202406.0,2024-06-16,kci commuter bandara,4291.0,88.58333333333333,10.5,26.349999999999998,True,Minggu
202406.0,2024-06-17,kci commuter bandara,3414.0,82.875,0.7000000000000001,27.245833333333334,True,Senin
202406.0,2024-06-18,kci commuter bandara,6002.0,85.95833333333333,5.6000000000000005,26.395833333333332,False,Selasa
202406.0,2024-06-19,kci commuter bandara,6443.0,79.83333333333333,0.5,27.349999999999998,False,Rabu
202406.0,2024-06-20,kci commuter bandara,6207.0,75.5,0.0,27.40416666666667,False,Kamis
202406.0,2024-06-21,kci commuter bandara,6714.0,76.41666666666667,0.1,26.916666666666668,False,Jumat
202406.0,2024-06-22,kci commuter bandara,5170.0,80.08333333333333,0.1,26.704166666666666,True,Sabtu
202406.0,2024-06-23,kci commuter bandara,5614.0,74.33333333333333,0.0,26.945833333333336,True,Minggu
202406.0,2024-06-24,kci commuter bandara,6463.0,78.20833333333333,4.9,27.141666666666666,False,Senin
202406.0,2024-06-25,kci commuter bandara,6343.0,85.08333333333333,10.1,26.816666666666666,False,Selasa
202406.0,2024-06-26,kci commuter bandara,6907.0,79.66666666666667,0.9,27.445833333333336,False,Rabu
202406.0,2024-06-27,kci commuter bandara,6989.0,84.04166666666667,5.4,27.150000000000002,False,Kamis
202406.0,2024-06-28,kci commuter bandara,7546.0,87.25,6.9,26.691666666666666,False,Jumat
202406.0,2024-06-29,kci commuter bandara,6207.0,88.33333333333333,7.3,26.333333333333332,True,Sabtu
202406.0,2024-06-30,kci commuter bandara,6244.0,82.70833333333333,0.5,26.9875,True,Minggu
202407.0,2024-07-01,kci commuter bandara,6690.0,84.66666666666667,5.3,26.787499999999998,False,Senin
202407.0,2024-07-02,kci commuter bandara,6584.0,85.875,10.2,26.191666666666666,False,Selasa
202407.0,2024-07-03,kci commuter bandara,7022.0,81.79166666666667,0.8,27.162499999999998,False,Rabu
202407.0,2024-07-04,kci commuter bandara,6764.0,86.5,14.3,26.09166666666667,False,Kamis
202407.0,2024-07-05,kci commuter bandara,7119.0,85.08333333333333,9.6,26.40416666666667,False,Jumat
202407.0,2024-07-06,kci commuter bandara,5293.0,90.0,47.4,24.983333333333334,True,Sabtu
202407.0,2024-07-07,kci commuter bandara,5478.0,85.45833333333333,4.2,25.8125,True,Minggu
202407.0,2024-07-08,kci commuter bandara,6349.0,84.95833333333333,18.7,26.441666666666666,False,Senin
202407.0,2024-07-09,kci commuter bandara,6407.0,86.0,11.0,26.041666666666668,False,Selasa
202407.0,2024-07-10,kci commuter bandara,6602.0,78.16666666666667,0.0,27.166666666666668,False,Rabu
202407.0,2024-07-11,kci commuter bandara,6702.0,79.66666666666667,0.5,26.8125,False,Kamis
202407.0,2024-07-12,kci commuter bandara,7368.0,73.79166666666667,0.0,26.900000000000002,False,Jumat
202407.0,2024-07-13,kci commuter bandara,5636.0,73.875,0.0,25.741666666666664,True,Sabtu
202407.0,2024-07-14,kci commuter bandara,5341.0,70.79166666666667,0.0,26.1375,True,Minggu
202407.0,2024-07-15,kci commuter bandara,6113.0,70.66666666666667,0.0,26.125,False,Senin
202407.0,2024-07-16,kci commuter bandara,5983.0,70.20833333333333,0.0,26.370833333333334,False,Selasa
202407.0,2024-07-17,kci commuter bandara,6272.0,77.125,1.2000000000000002,26.5,False,Rabu
202407.0,2024-07-18,kci commuter bandara,5985.0,77.75,0.1,27.175,False,Kamis
202407.0,2024-07-19,kci commuter bandara,6697.0,74.70833333333333,0.30000000000000004,27.270833333333332,False,Jumat
202407.0,2024-07-20,kci commuter bandara,5192.0,73.875,0.0,27.275000000000002,True,Sabtu
202407.0,2024-07-21,kci commuter bandara,5090.0,71.66666666666667,0.0,27.55,True,Minggu
202407.0,2024-07-22,kci commuter bandara,5968.0,73.25,0.0,27.633333333333336,False,Senin
202407.0,2024-07-23,kci commuter bandara,5966.0,71.125,0.0,27.75,False,Selasa
202407.0,2024-07-24,kci commuter bandara,6448.0,73.125,0.4,27.333333333333332,False,Rabu
202407.0,2024-07-25,kci commuter bandara,6598.0,77.58333333333333,1.3,26.808333333333334,False,Kamis
202407.0,2024-07-26,kci commuter bandara,7240.0,77.91666666666667,0.6000000000000001,27.179166666666664,False,Jumat
202407.0,2024-07-27,kci commuter bandara,5402.0,72.91666666666667,0.0,27.6375,True,Sabtu
202407.0,2024-07-28,kci commuter bandara,5175.0,72.54166666666667,0.6,27.662499999999998,True,Minggu
202407.0,2024-07-29,kci commuter bandara,6254.0,71.875,0.1,27.745833333333334,False,Senin
202407.0,2024-07-30,kci commuter bandara,6203.0,69.75,0.0,27.72083333333333,False,Selasa
202407.0,2024-07-31,kci commuter bandara,6704.0,73.08333333333333,0.0,27.6375,False,Rabu
202408.0,2024-08-01,kci commuter bandara,6582.0,76.91666666666667,2.8,27.333333333333332,False,Kamis
202408.0,2024-08-02,kci commuter bandara,6708.0,82.70833333333333,10.6,26.320833333333336,False,Jumat
202408.0,2024-08-03,kci commuter bandara,5366.0,83.79166666666667,17.0,26.400000000000002,True,Sabtu
202408.0,2024-08-04,kci commuter bandara,5256.0,78.16666666666667,0.6,27.34583333333333,True,Minggu
202408.0,2024-08-05,kci commuter bandara,6159.0,84.33333333333333,6.5,26.145833333333332,False,Senin
202408.0,2024-08-06,kci commuter bandara,6134.0,74.33333333333333,0.0,27.1375,False,Selasa
202408.0,2024-08-07,kci commuter bandara,6566.0,73.20833333333333,0.1,27.441666666666666,False,Rabu
202408.0,2024-08-08,kci commuter bandara,6514.0,75.33333333333333,1.0999999999999999,27.587500000000002,False,Kamis
202408.0,2024-08-09,kci commuter bandara,7053.0,75.58333333333333,0.8,27.71666666666667,False,Jumat
202408.0,2024-08-10,kci commuter bandara,5628.0,76.58333333333333,0.30000000000000004,27.495833333333334,True,Sabtu
202408.0,2024-08-11,kci commuter bandara,5372.0,80.91666666666667,2.9,26.954166666666666,True,Minggu
202408.0,2024-08-12,kci commuter bandara,6123.0,72.625,0.1,26.941666666666666,False,Senin
202408.0,2024-08-13,kci commuter bandara,6129.0,71.95833333333333,0.0,26.6125,False,Selasa
202408.0,2024-08-14,kci commuter bandara,6367.0,73.04166666666667,0.0,27.037499999999998,False,Rabu
202408.0,2024-08-15,kci commuter bandara,6194.0,72.33333333333333,0.0,27.758333333333336,False,Kamis
202408.0,2024-08-16,kci commuter bandara,6751.0,73.75,0.2,27.708333333333332,False,Jumat
202408.0,2024-08-17,kci commuter bandara,5577.0,74.875,0.0,27.820833333333336,True,Sabtu
202408.0,2024-08-18,kci commuter bandara,5088.0,75.29166666666667,0.5,27.90416666666667,True,Minggu
202408.0,2024-08-19,kci commuter bandara,6173.0,75.20833333333333,0.0,27.666666666666668,False,Senin
202408.0,2024-08-20,kci commuter bandara,6372.0,76.66666666666667,0.0,27.333333333333332,False,Selasa
202408.0,2024-08-21,kci commuter bandara,6468.0,75.45833333333333,0.8,27.625,False,Rabu
202408.0,2024-08-22,kci commuter bandara,7638.0,75.04166666666667,0.1,27.95,False,Kamis
202408.0,2024-08-23,kci commuter bandara,7548.0,72.5,0.0,28.045833333333334,False,Jumat
202408.0,2024-08-24,kci commuter bandara,5468.0,72.66666666666667,3.7,27.575,True,Sabtu
202408.0,2024-08-25,kci commuter bandara,5297.0,72.83333333333333,0.1,27.325,True,Minggu
202408.0,2024-08-26,kci commuter bandara,6682.0,68.5,0.0,28.120833333333334,False,Senin
202408.0,2024-08-27,kci commuter bandara,6553.0,68.29166666666667,0.1,28.583333333333332,False,Selasa
202408.0,2024-08-28,kci commuter bandara,6703.0,62.833333333333336,0.0,28.954166666666666,False,Rabu
202408.0,2024-08-29,kci commuter bandara,6425.0,66.0,0.1,28.604166666666668,False,Kamis
202408.0,2024-08-30,kci commuter bandara,7260.0,68.125,0.2,27.854166666666668,False,Jumat
202408.0,2024-08-31,kci commuter bandara,5583.0,67.375,0.0,28.104166666666668,True,Sabtu
202409.0,2024-09-01,kci commuter bandara,5356.0,70.45833333333333,0.0,28.5,True,Minggu
202409.0,2024-09-02,kci commuter bandara,6315.0,77.875,3.3,28.325,False,Senin
202409.0,2024-09-03,kci commuter bandara,6270.0,80.20833333333333,6.6,27.45,False,Selasa
202409.0,2024-09-04,kci commuter bandara,6395.0,71.66666666666667,0.1,27.883333333333336,False,Rabu
202409.0,2024-09-05,kci commuter bandara,6090.0,73.33333333333333,9.4,27.8,False,Kamis
202409.0,2024-09-06,kci commuter bandara,7174.0,74.16666666666667,1.0,28.166666666666668,False,Jumat
202409.0,2024-09-07,kci commuter bandara,5306.0,63.125,0.0,29.579166666666666,True,Sabtu
202409.0,2024-09-08,kci commuter bandara,5171.0,64.79166666666667,0.3,29.141666666666666,True,Minggu
202409.0,2024-09-09,kci commuter bandara,7140.0,78.95833333333333,9.7,27.391666666666666,False,Senin
202409.0,2024-09-10,kci commuter bandara,7467.0,84.70833333333333,16.3,26.458333333333332,False,Selasa
202409.0,2024-09-11,kci commuter bandara,8268.0,79.54166666666667,0.9,26.879166666666666,False,Rabu
202409.0,2024-09-12,kci commuter bandara,8285.0,79.91666666666667,12.4,26.929166666666664,False,Kamis
202409.0,2024-09-13,kci commuter bandara,10209.0,79.79166666666667,0.6000000000000001,26.854166666666668,False,Jumat
202409.0,2024-09-14,kci commuter bandara,7659.0,67.08333333333333,0.0,27.566666666666666,True,Sabtu
202409.0,2024-09-15,kci commuter bandara,6465.0,70.33333333333333,0.0,27.325,True,Minggu
202409.0,2024-09-16,kci commuter bandara,7789.0,67.95833333333333,0.1,27.945833333333336,True,Senin
202409.0,2024-09-17,kci commuter bandara,8433.0,67.41666666666667,0.0,27.516666666666666,False,Selasa
202409.0,2024-09-18,kci commuter bandara,7845.0,65.66666666666667,0.0,27.233333333333334,False,Rabu
202409.0,2024-09-19,kci commuter bandara,8084.0,67.91666666666667,0.0,27.3125,False,Kamis
202409.0,2024-09-20,kci commuter bandara,8462.0,70.875,0.0,27.554166666666664,False,Jumat
202409.0,2024-09-21,kci commuter bandara,5838.0,75.375,0.0,27.866666666666664,True,Sabtu
202409.0,2024-09-22,kci commuter bandara,6066.0,76.83333333333333,1.2000000000000002,28.333333333333332,True,Minggu
202409.0,2024-09-23,kci commuter bandara,7487.0,77.83333333333333,1.9,28.2,False,Senin
202409.0,2024-09-24,kci commuter bandara,7529.0,83.45833333333333,10.200000000000001,26.875,False,Selasa
202409.0,2024-09-25,kci commuter bandara,7400.0,79.25,5.1,27.34166666666667,False,Rabu
202409.0,2024-09-26,kci commuter bandara,7307.0,82.125,13.3,26.733333333333334,False,Kamis
202409.0,2024-09-27,kci commuter bandara,7945.0,81.95833333333333,2.1,27.554166666666664,False,Jumat
202409.0,2024-09-28,kci commuter bandara,5583.0,85.29166666666667,12.4,27.21666666666667,True,Sabtu
202409.0,2024-09-29,kci commuter bandara,5880.0,79.45833333333333,3.1,27.704166666666666,True,Minggu
202409.0,2024-09-30,kci commuter bandara,7423.0,78.04166666666667,0.30000000000000004,27.837500000000002,False,Senin
202410.0,2024-10-01,kci commuter bandara,6176.0,75.875,1.1,28.27916666666667,False,Selasa
202410.0,2024-10-02,kci commuter bandara,6449.0,78.33333333333333,2.1,27.9875,False,Rabu
202410.0,2024-10-03,kci commuter bandara,6585.0,82.91666666666667,6.6000000000000005,27.333333333333332,False,Kamis
202410.0,2024-10-04,kci commuter bandara,7410.0,83.875,24.9,27.0,False,Jumat
202410.0,2024-10-05,kci commuter bandara,5827.0,84.125,2.9,26.866666666666664,True,Sabtu
202410.0,2024-10-06,kci commuter bandara,5236.0,82.58333333333333,11.6,27.120833333333334,True,Minggu
202410.0,2024-10-07,kci commuter bandara,6390.0,75.79166666666667,0.1,27.641666666666666,False,Senin
202410.0,2024-10-08,kci commuter bandara,6036.0,72.16666666666667,0.0,28.295833333333334,False,Selasa
202410.0,2024-10-09,kci commuter bandara,6410.0,75.33333333333333,1.3,28.208333333333332,False,Rabu
202410.0,2024-10-10,kci commuter bandara,6456.0,76.91666666666667,5.9,27.929166666666664,False,Kamis
202410.0,2024-10-11,kci commuter bandara,6679.0,77.25,1.5000000000000002,28.329166666666666,False,Jumat
202410.0,2024-10-12,kci commuter bandara,4790.0,83.91666666666667,11.200000000000001,27.479166666666668,True,Sabtu
202410.0,2024-10-13,kci commuter bandara,5035.0,84.5,15.0,26.96666666666667,True,Minggu
202410.0,2024-10-14,kci commuter bandara,5972.0,81.33333333333333,6.0,27.45,False,Senin
202410.0,2024-10-15,kci commuter bandara,5807.0,75.0,1.5,28.208333333333332,False,Selasa
202410.0,2024-10-16,kci commuter bandara,6146.0,72.95833333333333,0.1,28.695833333333336,False,Rabu
202410.0,2024-10-17,kci commuter bandara,6402.0,58.666666666666664,0.0,28.5625,False,Kamis
202410.0,2024-10-18,kci commuter bandara,6892.0,64.33333333333333,0.0,28.1875,False,Jumat
202410.0,2024-10-19,kci commuter bandara,4850.0,68.45833333333333,0.6,28.579166666666666,True,Sabtu
202410.0,2024-10-20,kci commuter bandara,5233.0,59.666666666666664,0.0,28.77916666666667,True,Minggu
202410.0,2024-10-21,kci commuter bandara,6096.0,67.25,0.30000000000000004,28.645833333333332,False,Senin
202410.0,2024-10-22,kci commuter bandara,6326.0,65.29166666666667,0.0,29.320833333333336,False,Selasa
202410.0,2024-10-23,kci commuter bandara,6032.0,69.16666666666667,2.5,29.1375,False,Rabu
202410.0,2024-10-24,kci commuter bandara,6016.0,77.875,9.0,28.016666666666666,False,Kamis
202410.0,2024-10-25,kci commuter bandara,7323.0,76.125,0.8999999999999999,28.041666666666668,False,Jumat
202410.0,2024-10-26,kci commuter bandara,4616.0,64.66666666666667,0.0,28.995833333333334,True,Sabtu
202410.0,2024-10-27,kci commuter bandara,4936.0,66.375,0.4,29.34166666666667,True,Minggu
202410.0,2024-10-28,kci commuter bandara,6218.0,65.79166666666667,0.0,29.695833333333336,False,Senin
202410.0,2024-10-29,kci commuter bandara,5792.0,68.875,0.6,29.625,False,Selasa
202410.0,2024-10-30,kci commuter bandara,6063.0,69.125,2.6,29.28333333333333,False,Rabu
202410.0,2024-10-31,kci commuter bandara,6208.0,72.66666666666667,3.3999999999999995,28.758333333333336,False,Kamis
202411.0,2024-11-01,kci commuter bandara,6691.0,78.04166666666667,6.7,27.77916666666667,False,Jumat
202411.0,2024-11-02,kci commuter bandara,4512.0,82.625,9.3,27.358333333333334,True,Sabtu
202411.0,2024-11-03,kci commuter bandara,4602.0,88.29166666666667,11.2,25.870833333333334,True,Minggu
202411.0,2024-11-04,kci commuter bandara,5949.0,84.45833333333333,12.8,26.662499999999998,False,Senin
202411.0,2024-11-05,kci commuter bandara,6003.0,86.45833333333333,12.3,26.27916666666667,False,Selasa
202411.0,2024-11-06,kci commuter bandara,5854.0,86.5,16.3,26.120833333333334,False,Rabu
202411.0,2024-11-07,kci commuter bandara,6141.0,84.29166666666667,10.200000000000001,26.608333333333334,False,Kamis
202411.0,2024-11-08,kci commuter bandara,7020.0,77.79166666666667,0.7000000000000001,27.945833333333336,False,Jumat
202411.0,2024-11-09,kci commuter bandara,4864.0,80.75,15.1,27.558333333333334,True,Sabtu
202411.0,2024-11-10,kci commuter bandara,4977.0,82.875,7.9,27.15833333333333,True,Minggu
202411.0,2024-11-11,kci commuter bandara,6035.0,86.29166666666667,19.900000000000002,26.47083333333333,False,Senin
202411.0,2024-11-12,kci commuter bandara,5961.0,87.04166666666667,13.000000000000002,26.383333333333336,False,Selasa
202411.0,2024-11-13,kci commuter bandara,6334.0,86.5,14.9,27.133333333333336,False,Rabu
202411.0,2024-11-14,kci commuter bandara,6701.0,81.54166666666667,5.1,27.958333333333332,False,Kamis
202411.0,2024-11-15,kci commuter bandara,7663.0,79.625,7.2,27.983333333333334,False,Jumat
202411.0,2024-11-16,kci commuter bandara,4682.0,84.16666666666667,12.1,27.266666666666666,True,Sabtu
202411.0,2024-11-17,kci commuter bandara,5128.0,85.375,12.3,27.0125,True,Minggu
202411.0,2024-11-18,kci commuter bandara,6191.0,85.45833333333333,13.4,26.712500000000002,False,Senin
202411.0,2024-11-19,kci commuter bandara,6280.0,81.66666666666667,7.1,27.666666666666668,False,Selasa
202411.0,2024-11-20,kci commuter bandara,6346.0,80.25,6.4,27.712500000000002,False,Rabu
202411.0,2024-11-21,kci commuter bandara,6435.0,82.66666666666667,6.1,27.433333333333334,False,Kamis
202411.0,2024-11-22,kci commuter bandara,7144.0,84.29166666666667,9.6,27.020833333333332,False,Jumat
202411.0,2024-11-23,kci commuter bandara,4869.0,82.75,9.0,27.683333333333334,True,Sabtu
202411.0,2024-11-24,kci commuter bandara,4569.0,83.375,2.3,27.5,True,Minggu
202411.0,2024-11-25,kci commuter bandara,5685.0,82.95833333333333,11.5,27.84166666666667,False,Senin
202411.0,2024-11-26,kci commuter bandara,6141.0,79.91666666666667,6.3,28.316666666666666,False,Selasa
202411.0,2024-11-27,kci commuter bandara,4422.0,83.95833333333333,4.4,27.266666666666666,True,Rabu
202411.0,2024-11-28,kci commuter bandara,5743.0,80.625,0.4,27.5125,False,Kamis
202411.0,2024-11-29,kci commuter bandara,6387.0,75.5,0.30000000000000004,27.945833333333336,False,Jumat
202411.0,2024-11-30,kci commuter bandara,5007.0,70.375,2.4,29.025000000000002,True,Sabtu
202412.0,2024-12-01,kci commuter bandara,5031.0,73.125,11.2,28.78333333333333,True,Minggu
202412.0,2024-12-02,kci commuter bandara,6377.0,76.83333333333333,7.1,27.59166666666667,False,Senin
202412.0,2024-12-03,kci commuter bandara,6041.0,84.83333333333333,18.2,25.895833333333332,False,Selasa
202412.0,2024-12-04,kci commuter bandara,6156.0,87.08333333333333,14.7,25.52916666666667,False,Rabu
202412.0,2024-12-05,kci commuter bandara,6347.0,87.25,20.4,26.041666666666668,False,Kamis
202412.0,2024-12-06,kci commuter bandara,7046.0,89.66666666666667,11.7,25.77916666666667,False,Jumat
202412.0,2024-12-07,kci commuter bandara,4725.0,86.20833333333333,16.1,26.958333333333332,True,Sabtu
202412.0,2024-12-08,kci commuter bandara,4766.0,86.95833333333333,16.8,26.78333333333333,True,Minggu
202412.0,2024-12-09,kci commuter bandara,6213.0,87.16666666666667,24.5,26.704166666666666,False,Senin
202412.0,2024-12-10,kci commuter bandara,6148.0,84.95833333333333,5.800000000000001,26.704166666666666,False,Selasa
202412.0,2024-12-11,kci commuter bandara,6734.0,81.70833333333333,13.399999999999999,27.162499999999998,False,Rabu
202412.0,2024-12-12,kci commuter bandara,6579.0,75.29166666666667,2.4000000000000004,27.870833333333334,False,Kamis
202412.0,2024-12-13,kci commuter bandara,6910.0,76.04166666666667,3.7,27.837500000000002,False,Jumat
202412.0,2024-12-14,kci commuter bandara,4973.0,81.91666666666667,6.2,26.900000000000002,True,Sabtu
202412.0,2024-12-15,kci commuter bandara,4764.0,88.45833333333333,27.2,25.825,True,Minggu
202412.0,2024-12-16,kci commuter bandara,0.0,87.33333333333333,15.5,26.224999999999998,False,Senin
202412.0,2024-12-17,kci commuter bandara,0.0,82.625,12.1,26.820833333333336,False,Selasa
202412.0,2024-12-18,kci commuter bandara,6350.0,79.95833333333333,5.1,27.3875,False,Rabu
202412.0,2024-12-19,kci commuter bandara,6927.0,86.16666666666667,17.9,26.370833333333334,False,Kamis
202412.0,2024-12-20,kci commuter bandara,7753.0,86.41666666666667,7.800000000000001,26.337500000000002,False,Jumat
202412.0,2024-12-21,kci commuter bandara,6107.0,85.16666666666667,16.5,26.504166666666666,True,Sabtu
202412.0,2024-12-22,kci commuter bandara,5200.0,85.5,5.1000000000000005,26.900000000000002,True,Minggu
202412.0,2024-12-23,kci commuter bandara,6649.0,88.33333333333333,17.599999999999998,26.233333333333334,False,Senin
202412.0,2024-12-24,kci commuter bandara,7154.0,88.16666666666667,16.1,25.75,False,Selasa
202412.0,2024-12-25,kci commuter bandara,5204.0,85.83333333333333,10.3,26.383333333333336,True,Rabu
202412.0,2024-12-26,kci commuter bandara,4670.0,82.79166666666667,5.4,27.09583333333333,False,Kamis
202412.0,2024-12-27,kci commuter bandara,5373.0,77.91666666666667,0.7000000000000001,28.037499999999998,False,Jumat
202412.0,2024-12-28,kci commuter bandara,4618.0,68.83333333333333,0.1,28.558333333333334,True,Sabtu
202412.0,2024-12-29,kci commuter bandara,5156.0,78.75,0.6000000000000001,27.59583333333333,True,Minggu
202412.0,2024-12-30,kci commuter bandara,5423.0,79.25,3.7,26.71666666666667,False,Senin
202412.0,2024-12-31,kci commuter bandara,3004.0,77.20833333333333,1.7,27.433333333333334,False,Selasa
